<?xml version="1.0" encoding="UTF-8"?><ImplementationGuide xmlns="http://hl7.org/fhir"><id value="t-cabs"/><text><status value="generated"/><div xmlns="http://www.w3.org/1999/xhtml"><p class="res-header-id"><b>Generated Narrative: ImplementationGuide t-cabs</b></p><a name="t-cabs"> </a><a name="hct-cabs"> </a><a name="t-cabs-en-US"> </a><h2>TCABS</h2><p>The official URL for this implementation guide is: </p><pre>http://t-cabs.org/ImplementationGuide/t-cabs</pre></div></text><url value="http://t-cabs.org/ImplementationGuide/t-cabs"/><version value="0.1.0"/><name value="TCABS"/><status value="draft"/><date value="2025-04-11T09:40:45+02:00"/><publisher value="BIH-CEI"/><contact><name value="BIH-CEI"/><telecom><system value="url"/><value value="http://example.org/example-publisher"/></telecom></contact><packageId value="t-cabs"/><license value="CC0-1.0"/><fhirVersion value="4.0.1"/><dependsOn id="hl7tx"><extension url="http://hl7.org/fhir/tools/StructureDefinition/implementationguide-dependency-comment"><valueMarkdown value="Automatically added as a dependency - all IGs depend on HL7 Terminology"/></extension><uri value="http://terminology.hl7.org/ImplementationGuide/hl7.terminology"/><packageId value="hl7.terminology.r4"/><version value="6.2.0"/></dependsOn><dependsOn id="hl7ext"><extension url="http://hl7.org/fhir/tools/StructureDefinition/implementationguide-dependency-comment"><valueMarkdown value="Automatically added as a dependency - all IGs depend on the HL7 Extension Pack"/></extension><uri value="http://hl7.org/fhir/extensions/ImplementationGuide/hl7.fhir.uv.extensions"/><packageId value="hl7.fhir.uv.extensions.r4"/><version value="5.2.0"/></dependsOn><dependsOn id="de_medizininformatikinitiative_kerndatensatz_icu"><uri value="http://fhir.org/packages/de.medizininformatikinitiative.kerndatensatz.icu/ImplementationGuide/de.medizininformatikinitiative.kerndatensatz.icu"/><packageId value="de.medizininformatikinitiative.kerndatensatz.icu"/><version value="2025.0.4"/></dependsOn><dependsOn id="de_medizininformatikinitiative_kerndatensatz_person"><uri value="https://www.medizininformatik-initiative.de/fhir/core/modul-person/ImplementationGuide/mii-ig-person"/><packageId value="de.medizininformatikinitiative.kerndatensatz.person"/><version value="2025.0.0"/></dependsOn><dependsOn id="de_gematik_isik_basismodul"><uri value="http://fhir.org/packages/de.gematik.isik-basismodul/ImplementationGuide/de.gematik.isik-basismodul"/><packageId value="de.gematik.isik-basismodul"/><version value="4.0.1"/></dependsOn><dependsOn id="de_gematik_isik_vitalparameter"><uri value="http://fhir.org/packages/de.gematik.isik-vitalparameter/ImplementationGuide/de.gematik.isik-vitalparameter"/><packageId value="de.gematik.isik-vitalparameter"/><version value="4.0.1"/></dependsOn><dependsOn id="de_basisprofil_r4"><uri value="http://fhir.org/packages/de.basisprofil.r4/ImplementationGuide/de.basisprofil.r4"/><packageId value="de.basisprofil.r4"/><version value="1.5.2"/></dependsOn><definition><extension url="http://hl7.org/fhir/tools/StructureDefinition/ig-parameter"><extension url="code"><valueString value="copyrightyear"/></extension><extension url="value"><valueString value="2024+"/></extension></extension><extension url="http://hl7.org/fhir/tools/StructureDefinition/ig-parameter"><extension url="code"><valueString value="releaselabel"/></extension><extension url="value"><valueString value="ci-build"/></extension></extension><extension url="http://hl7.org/fhir/tools/StructureDefinition/ig-parameter"><extension url="code"><valueString value="autoload-resources"/></extension><extension url="value"><valueString value="true"/></extension></extension><extension url="http://hl7.org/fhir/tools/StructureDefinition/ig-parameter"><extension url="code"><valueString value="path-liquid"/></extension><extension url="value"><valueString value="template/liquid"/></extension></extension><extension url="http://hl7.org/fhir/tools/StructureDefinition/ig-parameter"><extension url="code"><valueString value="path-liquid"/></extension><extension url="value"><valueString value="input/liquid"/></extension></extension><extension url="http://hl7.org/fhir/tools/StructureDefinition/ig-parameter"><extension url="code"><valueString value="path-qa"/></extension><extension url="value"><valueString value="temp/qa"/></extension></extension><extension url="http://hl7.org/fhir/tools/StructureDefinition/ig-parameter"><extension url="code"><valueString value="path-temp"/></extension><extension url="value"><valueString value="temp/pages"/></extension></extension><extension url="http://hl7.org/fhir/tools/StructureDefinition/ig-parameter"><extension url="code"><valueString value="path-output"/></extension><extension url="value"><valueString value="output"/></extension></extension><extension url="http://hl7.org/fhir/tools/StructureDefinition/ig-parameter"><extension url="code"><valueString value="path-suppressed-warnings"/></extension><extension url="value"><valueString value="input/ignoreWarnings.txt"/></extension></extension><extension url="http://hl7.org/fhir/tools/StructureDefinition/ig-parameter"><extension url="code"><valueString value="path-history"/></extension><extension url="value"><valueString value="http://t-cabs.org/history.html"/></extension></extension><extension url="http://hl7.org/fhir/tools/StructureDefinition/ig-parameter"><extension url="code"><valueString value="template-html"/></extension><extension url="value"><valueString value="template-page.html"/></extension></extension><extension url="http://hl7.org/fhir/tools/StructureDefinition/ig-parameter"><extension url="code"><valueString value="template-md"/></extension><extension url="value"><valueString value="template-page-md.html"/></extension></extension><extension url="http://hl7.org/fhir/tools/StructureDefinition/ig-parameter"><extension url="code"><valueString value="apply-contact"/></extension><extension url="value"><valueString value="true"/></extension></extension><extension url="http://hl7.org/fhir/tools/StructureDefinition/ig-parameter"><extension url="code"><valueString value="apply-context"/></extension><extension url="value"><valueString value="true"/></extension></extension><extension url="http://hl7.org/fhir/tools/StructureDefinition/ig-parameter"><extension url="code"><valueString value="apply-copyright"/></extension><extension url="value"><valueString value="true"/></extension></extension><extension url="http://hl7.org/fhir/tools/StructureDefinition/ig-parameter"><extension url="code"><valueString value="apply-jurisdiction"/></extension><extension url="value"><valueString value="true"/></extension></extension><extension url="http://hl7.org/fhir/tools/StructureDefinition/ig-parameter"><extension url="code"><valueString value="apply-license"/></extension><extension url="value"><valueString value="true"/></extension></extension><extension url="http://hl7.org/fhir/tools/StructureDefinition/ig-parameter"><extension url="code"><valueString value="apply-publisher"/></extension><extension url="value"><valueString value="true"/></extension></extension><extension url="http://hl7.org/fhir/tools/StructureDefinition/ig-parameter"><extension url="code"><valueString value="apply-version"/></extension><extension url="value"><valueString value="true"/></extension></extension><extension url="http://hl7.org/fhir/tools/StructureDefinition/ig-parameter"><extension url="code"><valueString value="apply-wg"/></extension><extension url="value"><valueString value="true"/></extension></extension><extension url="http://hl7.org/fhir/tools/StructureDefinition/ig-parameter"><extension url="code"><valueString value="active-tables"/></extension><extension url="value"><valueString value="true"/></extension></extension><extension url="http://hl7.org/fhir/tools/StructureDefinition/ig-parameter"><extension url="code"><valueString value="fmm-definition"/></extension><extension url="value"><valueString value="http://hl7.org/fhir/versions.html#maturity"/></extension></extension><extension url="http://hl7.org/fhir/tools/StructureDefinition/ig-parameter"><extension url="code"><valueString value="propagate-status"/></extension><extension url="value"><valueString value="true"/></extension></extension><extension url="http://hl7.org/fhir/tools/StructureDefinition/ig-parameter"><extension url="code"><valueString value="excludelogbinaryformat"/></extension><extension url="value"><valueString value="true"/></extension></extension><extension url="http://hl7.org/fhir/tools/StructureDefinition/ig-parameter"><extension url="code"><valueString value="tabbed-snapshots"/></extension><extension url="value"><valueString value="true"/></extension></extension><extension url="http://hl7.org/fhir/tools/StructureDefinition/ig-internal-dependency"><valueCode value="hl7.fhir.uv.tools.r4#0.4.1"/></extension><extension url="http://hl7.org/fhir/tools/StructureDefinition/ig-parameter"><extension url="code"><valueCode value="copyrightyear"/></extension><extension url="value"><valueString value="2024+"/></extension></extension><extension url="http://hl7.org/fhir/tools/StructureDefinition/ig-parameter"><extension url="code"><valueCode value="releaselabel"/></extension><extension url="value"><valueString value="ci-build"/></extension></extension><extension url="http://hl7.org/fhir/tools/StructureDefinition/ig-parameter"><extension url="code"><valueCode value="autoload-resources"/></extension><extension url="value"><valueString value="true"/></extension></extension><extension url="http://hl7.org/fhir/tools/StructureDefinition/ig-parameter"><extension url="code"><valueCode value="path-liquid"/></extension><extension url="value"><valueString value="template/liquid"/></extension></extension><extension url="http://hl7.org/fhir/tools/StructureDefinition/ig-parameter"><extension url="code"><valueCode value="path-liquid"/></extension><extension url="value"><valueString value="input/liquid"/></extension></extension><extension url="http://hl7.org/fhir/tools/StructureDefinition/ig-parameter"><extension url="code"><valueCode value="path-qa"/></extension><extension url="value"><valueString value="temp/qa"/></extension></extension><extension url="http://hl7.org/fhir/tools/StructureDefinition/ig-parameter"><extension url="code"><valueCode value="path-temp"/></extension><extension url="value"><valueString value="temp/pages"/></extension></extension><extension url="http://hl7.org/fhir/tools/StructureDefinition/ig-parameter"><extension url="code"><valueCode value="path-output"/></extension><extension url="value"><valueString value="output"/></extension></extension><extension url="http://hl7.org/fhir/tools/StructureDefinition/ig-parameter"><extension url="code"><valueCode value="path-suppressed-warnings"/></extension><extension url="value"><valueString value="input/ignoreWarnings.txt"/></extension></extension><extension url="http://hl7.org/fhir/tools/StructureDefinition/ig-parameter"><extension url="code"><valueCode value="path-history"/></extension><extension url="value"><valueString value="http://t-cabs.org/history.html"/></extension></extension><extension url="http://hl7.org/fhir/tools/StructureDefinition/ig-parameter"><extension url="code"><valueCode value="template-html"/></extension><extension url="value"><valueString value="template-page.html"/></extension></extension><extension url="http://hl7.org/fhir/tools/StructureDefinition/ig-parameter"><extension url="code"><valueCode value="template-md"/></extension><extension url="value"><valueString value="template-page-md.html"/></extension></extension><extension url="http://hl7.org/fhir/tools/StructureDefinition/ig-parameter"><extension url="code"><valueCode value="apply-contact"/></extension><extension url="value"><valueString value="true"/></extension></extension><extension url="http://hl7.org/fhir/tools/StructureDefinition/ig-parameter"><extension url="code"><valueCode value="apply-context"/></extension><extension url="value"><valueString value="true"/></extension></extension><extension url="http://hl7.org/fhir/tools/StructureDefinition/ig-parameter"><extension url="code"><valueCode value="apply-copyright"/></extension><extension url="value"><valueString value="true"/></extension></extension><extension url="http://hl7.org/fhir/tools/StructureDefinition/ig-parameter"><extension url="code"><valueCode value="apply-jurisdiction"/></extension><extension url="value"><valueString value="true"/></extension></extension><extension url="http://hl7.org/fhir/tools/StructureDefinition/ig-parameter"><extension url="code"><valueCode value="apply-license"/></extension><extension url="value"><valueString value="true"/></extension></extension><extension url="http://hl7.org/fhir/tools/StructureDefinition/ig-parameter"><extension url="code"><valueCode value="apply-publisher"/></extension><extension url="value"><valueString value="true"/></extension></extension><extension url="http://hl7.org/fhir/tools/StructureDefinition/ig-parameter"><extension url="code"><valueCode value="apply-version"/></extension><extension url="value"><valueString value="true"/></extension></extension><extension url="http://hl7.org/fhir/tools/StructureDefinition/ig-parameter"><extension url="code"><valueCode value="apply-wg"/></extension><extension url="value"><valueString value="true"/></extension></extension><extension url="http://hl7.org/fhir/tools/StructureDefinition/ig-parameter"><extension url="code"><valueCode value="active-tables"/></extension><extension url="value"><valueString value="true"/></extension></extension><extension url="http://hl7.org/fhir/tools/StructureDefinition/ig-parameter"><extension url="code"><valueCode value="fmm-definition"/></extension><extension url="value"><valueString value="http://hl7.org/fhir/versions.html#maturity"/></extension></extension><extension url="http://hl7.org/fhir/tools/StructureDefinition/ig-parameter"><extension url="code"><valueCode value="propagate-status"/></extension><extension url="value"><valueString value="true"/></extension></extension><extension url="http://hl7.org/fhir/tools/StructureDefinition/ig-parameter"><extension url="code"><valueCode value="excludelogbinaryformat"/></extension><extension url="value"><valueString value="true"/></extension></extension><extension url="http://hl7.org/fhir/tools/StructureDefinition/ig-parameter"><extension url="code"><valueCode value="tabbed-snapshots"/></extension><extension url="value"><valueString value="true"/></extension></extension><extension url="http://hl7.org/fhir/tools/StructureDefinition/ig-parameter"><extension url="code"><valueCode value="copyrightyear"/></extension><extension url="value"><valueString value="2024+"/></extension></extension><extension url="http://hl7.org/fhir/tools/StructureDefinition/ig-parameter"><extension url="code"><valueCode value="releaselabel"/></extension><extension url="value"><valueString value="ci-build"/></extension></extension><extension url="http://hl7.org/fhir/tools/StructureDefinition/ig-parameter"><extension url="code"><valueCode value="autoload-resources"/></extension><extension url="value"><valueString value="true"/></extension></extension><extension url="http://hl7.org/fhir/tools/StructureDefinition/ig-parameter"><extension url="code"><valueCode value="path-liquid"/></extension><extension url="value"><valueString value="template/liquid"/></extension></extension><extension url="http://hl7.org/fhir/tools/StructureDefinition/ig-parameter"><extension url="code"><valueCode value="path-liquid"/></extension><extension url="value"><valueString value="input/liquid"/></extension></extension><extension url="http://hl7.org/fhir/tools/StructureDefinition/ig-parameter"><extension url="code"><valueCode value="path-qa"/></extension><extension url="value"><valueString value="temp/qa"/></extension></extension><extension url="http://hl7.org/fhir/tools/StructureDefinition/ig-parameter"><extension url="code"><valueCode value="path-temp"/></extension><extension url="value"><valueString value="temp/pages"/></extension></extension><extension url="http://hl7.org/fhir/tools/StructureDefinition/ig-parameter"><extension url="code"><valueCode value="path-output"/></extension><extension url="value"><valueString value="output"/></extension></extension><extension url="http://hl7.org/fhir/tools/StructureDefinition/ig-parameter"><extension url="code"><valueCode value="path-suppressed-warnings"/></extension><extension url="value"><valueString value="input/ignoreWarnings.txt"/></extension></extension><extension url="http://hl7.org/fhir/tools/StructureDefinition/ig-parameter"><extension url="code"><valueCode value="path-history"/></extension><extension url="value"><valueString value="http://t-cabs.org/history.html"/></extension></extension><extension url="http://hl7.org/fhir/tools/StructureDefinition/ig-parameter"><extension url="code"><valueCode value="template-html"/></extension><extension url="value"><valueString value="template-page.html"/></extension></extension><extension url="http://hl7.org/fhir/tools/StructureDefinition/ig-parameter"><extension url="code"><valueCode value="template-md"/></extension><extension url="value"><valueString value="template-page-md.html"/></extension></extension><extension url="http://hl7.org/fhir/tools/StructureDefinition/ig-parameter"><extension url="code"><valueCode value="apply-contact"/></extension><extension url="value"><valueString value="true"/></extension></extension><extension url="http://hl7.org/fhir/tools/StructureDefinition/ig-parameter"><extension url="code"><valueCode value="apply-context"/></extension><extension url="value"><valueString value="true"/></extension></extension><extension url="http://hl7.org/fhir/tools/StructureDefinition/ig-parameter"><extension url="code"><valueCode value="apply-copyright"/></extension><extension url="value"><valueString value="true"/></extension></extension><extension url="http://hl7.org/fhir/tools/StructureDefinition/ig-parameter"><extension url="code"><valueCode value="apply-jurisdiction"/></extension><extension url="value"><valueString value="true"/></extension></extension><extension url="http://hl7.org/fhir/tools/StructureDefinition/ig-parameter"><extension url="code"><valueCode value="apply-license"/></extension><extension url="value"><valueString value="true"/></extension></extension><extension url="http://hl7.org/fhir/tools/StructureDefinition/ig-parameter"><extension url="code"><valueCode value="apply-publisher"/></extension><extension url="value"><valueString value="true"/></extension></extension><extension url="http://hl7.org/fhir/tools/StructureDefinition/ig-parameter"><extension url="code"><valueCode value="apply-version"/></extension><extension url="value"><valueString value="true"/></extension></extension><extension url="http://hl7.org/fhir/tools/StructureDefinition/ig-parameter"><extension url="code"><valueCode value="apply-wg"/></extension><extension url="value"><valueString value="true"/></extension></extension><extension url="http://hl7.org/fhir/tools/StructureDefinition/ig-parameter"><extension url="code"><valueCode value="active-tables"/></extension><extension url="value"><valueString value="true"/></extension></extension><extension url="http://hl7.org/fhir/tools/StructureDefinition/ig-parameter"><extension url="code"><valueCode value="fmm-definition"/></extension><extension url="value"><valueString value="http://hl7.org/fhir/versions.html#maturity"/></extension></extension><extension url="http://hl7.org/fhir/tools/StructureDefinition/ig-parameter"><extension url="code"><valueCode value="propagate-status"/></extension><extension url="value"><valueString value="true"/></extension></extension><extension url="http://hl7.org/fhir/tools/StructureDefinition/ig-parameter"><extension url="code"><valueCode value="excludelogbinaryformat"/></extension><extension url="value"><valueString value="true"/></extension></extension><extension url="http://hl7.org/fhir/tools/StructureDefinition/ig-parameter"><extension url="code"><valueCode value="tabbed-snapshots"/></extension><extension url="value"><valueString value="true"/></extension></extension><grouping id="-str-profile"><name value="Structures: Resource Profiles"/><description value="These define constraints on FHIR resources for systems conforming to this implementation guide."/></grouping><grouping id="-term-valueset"><name value="Terminology: Value Sets"/><description value="These define sets of codes used by systems conforming to this implementation guide."/></grouping><grouping id="-ex-example"><name value="Example: Example Instances"/><description value="These are example instances that show what data produced and consumed by systems conforming with this implementation guide might look like."/></grouping><resource><extension url="http://hl7.org/fhir/tools/StructureDefinition/resource-sort"><valueInteger value="999999999"/></extension><extension url="http://hl7.org/fhir/StructureDefinition/implementationguide-page"><valueUri value="StructureDefinition-t-cabs-observation-atemfrequenz.html"/></extension><reference><reference value="StructureDefinition/t-cabs-observation-atemfrequenz"/></reference><name value="Atemfrequenz"/><exampleBoolean value="false"/><groupingId value="-str-profile"/></resource><resource><extension url="http://hl7.org/fhir/tools/StructureDefinition/resource-sort"><valueInteger value="999999999"/></extension><extension url="http://hl7.org/fhir/StructureDefinition/implementationguide-page"><valueUri value="StructureDefinition-t-cabs-observation-bmi.html"/></extension><reference><reference value="StructureDefinition/t-cabs-observation-bmi"/></reference><name value="BMI Observation"/><description value="Profile for recording Body Mass Index (BMI) as an observation."/><exampleBoolean value="false"/><groupingId value="-str-profile"/></resource><resource><extension url="http://hl7.org/fhir/tools/StructureDefinition/resource-sort"><valueInteger value="999999999"/></extension><extension url="http://hl7.org/fhir/StructureDefinition/implementationguide-page"><valueUri value="StructureDefinition-t-cabs-observationfev1.html"/></extension><reference><reference value="StructureDefinition/t-cabs-observationfev1"/></reference><name value="FEV1 Observation"/><description value="Profile for recording Forced Expiratory Volume in 1 second (FEV1) as an observation."/><exampleBoolean value="false"/><groupingId value="-str-profile"/></resource><resource><extension url="http://hl7.org/fhir/tools/StructureDefinition/resource-sort"><valueInteger value="999999999"/></extension><extension url="http://hl7.org/fhir/StructureDefinition/implementationguide-page"><valueUri value="StructureDefinition-t-cabs-observation-gehstrecke.html"/></extension><reference><reference value="StructureDefinition/t-cabs-observation-gehstrecke"/></reference><name value="Gehstrecke"/><exampleBoolean value="false"/><groupingId value="-str-profile"/></resource><resource><extension url="http://hl7.org/fhir/tools/StructureDefinition/resource-sort"><valueInteger value="999999999"/></extension><extension url="http://hl7.org/fhir/StructureDefinition/implementationguide-page"><valueUri value="StructureDefinition-t-cabs-communication-alarm.html"/></extension><reference><reference value="StructureDefinition/t-cabs-communication-alarm"/></reference><name value="T-CABS Communication Alarm"/><description value="Abstraktes Profil eines eingestellten und/oder gemessenen Alarms eines Beatmungsgerätes"/><exampleBoolean value="false"/><groupingId value="-str-profile"/></resource><resource><extension url="http://hl7.org/fhir/tools/StructureDefinition/resource-sort"><valueInteger value="999999999"/></extension><extension url="http://hl7.org/fhir/StructureDefinition/implementationguide-page"><valueUri value="StructureDefinition-t-cabs-communication-atemfrequenz-high-alarm.html"/></extension><reference><reference value="StructureDefinition/t-cabs-communication-atemfrequenz-high-alarm"/></reference><name value="T-CABS Communication Atemfrequenz high Alarm"/><description value="Profil eines Alarms für eine überschrittenen Atemfrequenz"/><exampleBoolean value="false"/><groupingId value="-str-profile"/></resource><resource><extension url="http://hl7.org/fhir/tools/StructureDefinition/resource-sort"><valueInteger value="999999999"/></extension><extension url="http://hl7.org/fhir/StructureDefinition/implementationguide-page"><valueUri value="StructureDefinition-t-cabs-communication-atemfrequenz-low-alarm.html"/></extension><reference><reference value="StructureDefinition/t-cabs-communication-atemfrequenz-low-alarm"/></reference><name value="T-CABS Communication Atemfrequenz low Alarm"/><description value="Profil eines Alarms für eine unterschrittenen Atemfrequenz"/><exampleBoolean value="false"/><groupingId value="-str-profile"/></resource><resource><extension url="http://hl7.org/fhir/tools/StructureDefinition/resource-sort"><valueInteger value="999999999"/></extension><extension url="http://hl7.org/fhir/StructureDefinition/implementationguide-page"><valueUri value="StructureDefinition-t-cabs-communication-diskonnektion-alarm.html"/></extension><reference><reference value="StructureDefinition/t-cabs-communication-diskonnektion-alarm"/></reference><name value="T-CABS Communication Diskonnektion Alarm"/><description value="Profil eines Alarms für eine Diskonnektion des Beatmungsgerätes"/><exampleBoolean value="false"/><groupingId value="-str-profile"/></resource><resource><extension url="http://hl7.org/fhir/tools/StructureDefinition/resource-sort"><valueInteger value="999999999"/></extension><extension url="http://hl7.org/fhir/StructureDefinition/implementationguide-page"><valueUri value="StructureDefinition-t-cabs-device-beatmungsgeraet.html"/></extension><reference><reference value="StructureDefinition/t-cabs-device-beatmungsgeraet"/></reference><name value="T-CABS Device Beatmungsgerät"/><description value="Profil für ein Beatmungsgerät"/><exampleBoolean value="false"/><groupingId value="-str-profile"/></resource><resource><extension url="http://hl7.org/fhir/tools/StructureDefinition/resource-sort"><valueInteger value="999999999"/></extension><extension url="http://hl7.org/fhir/StructureDefinition/implementationguide-page"><valueUri value="StructureDefinition-t-cabs-devicemetric-eingestellter-gemessener-parameter.html"/></extension><reference><reference value="StructureDefinition/t-cabs-devicemetric-eingestellter-gemessener-parameter"/></reference><name value="T-CABS DeviceMetric eingestellter oder gemessener Parameter"/><description value="Profil für eingestellte oder gemessene Parameter eines Beatmungsgerätes"/><exampleBoolean value="false"/><groupingId value="-str-profile"/></resource><resource><extension url="http://hl7.org/fhir/tools/StructureDefinition/resource-sort"><valueInteger value="999999999"/></extension><extension url="http://hl7.org/fhir/StructureDefinition/implementationguide-page"><valueUri value="StructureDefinition-t-cabs-observation-atemfrequenz-beatmet.html"/></extension><reference><reference value="StructureDefinition/t-cabs-observation-atemfrequenz-beatmet"/></reference><name value="T-CABS Observation AF"/><description value="Profil für eine gemessene oder eingestellte Atemfrequenz des Beatmungsgerätes"/><exampleBoolean value="false"/><groupingId value="-str-profile"/></resource><resource><extension url="http://hl7.org/fhir/tools/StructureDefinition/resource-sort"><valueInteger value="999999999"/></extension><extension url="http://hl7.org/fhir/StructureDefinition/implementationguide-page"><valueUri value="StructureDefinition-t-cabs-observation-ahi.html"/></extension><reference><reference value="StructureDefinition/t-cabs-observation-ahi"/></reference><name value="T-CABS Observation AHI"/><description value="Profil für den Apnoe-Hyponoe-Index (AHI) - Gesamtzahl der während des Schlafs aufgetretenen Apnoe- und Hypopnoe-Episoden, geteilt durch die Schlafdauer in Stunden"/><exampleBoolean value="false"/><groupingId value="-str-profile"/></resource><resource><extension url="http://hl7.org/fhir/tools/StructureDefinition/resource-sort"><valueInteger value="999999999"/></extension><extension url="http://hl7.org/fhir/StructureDefinition/implementationguide-page"><valueUri value="StructureDefinition-t-cabs-observation-amv.html"/></extension><reference><reference value="StructureDefinition/t-cabs-observation-amv"/></reference><name value="T-CABS Observation AMV"/><description value="Profil für ein gemessenes oder eingestelltes Atemminutenvolumen"/><exampleBoolean value="false"/><groupingId value="-str-profile"/></resource><resource><extension url="http://hl7.org/fhir/tools/StructureDefinition/resource-sort"><valueInteger value="999999999"/></extension><extension url="http://hl7.org/fhir/StructureDefinition/implementationguide-page"><valueUri value="StructureDefinition-t-cabs-observation-arterieller-blutdruck.html"/></extension><reference><reference value="StructureDefinition/t-cabs-observation-arterieller-blutdruck"/></reference><name value="T-CABS Observation Arterieller Blutdruck"/><description value="Profile for documenting arterial blood pressure observations within T-CABS."/><exampleBoolean value="false"/><groupingId value="-str-profile"/></resource><resource><extension url="http://hl7.org/fhir/tools/StructureDefinition/resource-sort"><valueInteger value="999999999"/></extension><extension url="http://hl7.org/fhir/StructureDefinition/implementationguide-page"><valueUri value="StructureDefinition-t-cabs-observation-beatmungsstunden.html"/></extension><reference><reference value="StructureDefinition/t-cabs-observation-beatmungsstunden"/></reference><name value="T-CABS Observation Beatmungsstunden"/><description value="Profil für die empfohlene oder tatsächlich gemessene Anzahl der Beatmungsstunden je 24 Stunden"/><exampleBoolean value="false"/><groupingId value="-str-profile"/></resource><resource><extension url="http://hl7.org/fhir/tools/StructureDefinition/resource-sort"><valueInteger value="999999999"/></extension><extension url="http://hl7.org/fhir/StructureDefinition/implementationguide-page"><valueUri value="StructureDefinition-t-cabs-observation-leckage.html"/></extension><reference><reference value="StructureDefinition/t-cabs-observation-leckage"/></reference><name value="T-CABS Observation Leckage"/><description value="Profil für die Leckagerate unter Beatmung"/><exampleBoolean value="false"/><groupingId value="-str-profile"/></resource><resource><extension url="http://hl7.org/fhir/tools/StructureDefinition/resource-sort"><valueInteger value="999999999"/></extension><extension url="http://hl7.org/fhir/StructureDefinition/implementationguide-page"><valueUri value="StructureDefinition-t-cabs-observation-spo2.html"/></extension><reference><reference value="StructureDefinition/t-cabs-observation-spo2"/></reference><name value="T-CABS Observation SPO2"/><exampleBoolean value="false"/><groupingId value="-str-profile"/></resource><resource><extension url="http://hl7.org/fhir/tools/StructureDefinition/resource-sort"><valueInteger value="999999999"/></extension><extension url="http://hl7.org/fhir/StructureDefinition/implementationguide-page"><valueUri value="StructureDefinition-t-cabs-observation-triggeredbreaths.html"/></extension><reference><reference value="StructureDefinition/t-cabs-observation-triggeredbreaths"/></reference><name value="T-CABS Observation TriggeredBreaths"/><description value="Profil für die Prozentzahl der selbstständig getriggerten Atemzüge innerhalb eines Zeitraums"/><exampleBoolean value="false"/><groupingId value="-str-profile"/></resource><resource><extension url="http://hl7.org/fhir/tools/StructureDefinition/resource-sort"><valueInteger value="999999999"/></extension><extension url="http://hl7.org/fhir/StructureDefinition/implementationguide-page"><valueUri value="StructureDefinition-t-cabs-practitioner-arzt.html"/></extension><reference><reference value="StructureDefinition/t-cabs-practitioner-arzt"/></reference><name value="T-CABS Practitioner Arzt"/><description value="Profil für einen Studienarzt oder eine Studienärztin aus T-CABS"/><exampleBoolean value="false"/><groupingId value="-str-profile"/></resource><resource><extension url="http://hl7.org/fhir/tools/StructureDefinition/resource-sort"><valueInteger value="999999999"/></extension><extension url="http://hl7.org/fhir/StructureDefinition/implementationguide-page"><valueUri value="StructureDefinition-t-cabs-procedure-beatmung.html"/></extension><reference><reference value="StructureDefinition/t-cabs-procedure-beatmung"/></reference><name value="T-CABS Procedure Beatmung"/><description value="Profil für die Beatmungsprozedur"/><exampleBoolean value="false"/><groupingId value="-str-profile"/></resource><resource><extension url="http://hl7.org/fhir/tools/StructureDefinition/resource-sort"><valueInteger value="999999999"/></extension><extension url="http://hl7.org/fhir/StructureDefinition/implementationguide-page"><valueUri value="StructureDefinition-t-cabs-observation-herzfrequenz.html"/></extension><reference><reference value="StructureDefinition/t-cabs-observation-herzfrequenz"/></reference><name value="T_CABS_Observation_Herzfrequenz"/><exampleBoolean value="false"/><groupingId value="-str-profile"/></resource><resource><extension url="http://hl7.org/fhir/tools/StructureDefinition/resource-sort"><valueInteger value="999999999"/></extension><extension url="http://hl7.org/fhir/StructureDefinition/implementationguide-page"><valueUri value="ValueSet-t-cabs-valueset-Beatmungsform.html"/></extension><reference><reference value="ValueSet/t-cabs-valueset-Beatmungsform"/></reference><name value="T-CABS ValueSet Beatmungsform"/><description value="Dieses ValueSet enthält Codes um die verschiedenen Beatmungsformen abzubilden"/><exampleBoolean value="false"/><groupingId value="-term-valueset"/></resource><resource><extension url="http://hl7.org/fhir/tools/StructureDefinition/resource-sort"><valueInteger value="999999999"/></extension><extension url="http://hl7.org/fhir/StructureDefinition/implementationguide-page"><valueUri value="ValueSet-t-cabs-valueset-Beatmungsmodus.html"/></extension><reference><reference value="ValueSet/t-cabs-valueset-Beatmungsmodus"/></reference><name value="T-CABS ValueSet Beatmungsmodus"/><description value="Dieses ValueSet enthält Codes um die verschiedenen Beatmungsmodis abzubilden"/><exampleBoolean value="false"/><groupingId value="-term-valueset"/></resource><resource><extension url="http://hl7.org/fhir/tools/StructureDefinition/resource-sort"><valueInteger value="999999999"/></extension><extension url="http://hl7.org/fhir/StructureDefinition/implementationguide-page"><valueUri value="Procedure-procedure-PSV-123.html"/></extension><reference><reference value="Procedure/procedure-PSV-123"/></reference><name value=" Beispiel Beatmungsprozedur Breas (Procedure)"/><description value="Ein Beispiel für eine Prozedur zur Beatmung"/><exampleBoolean value="true"/><groupingId value="-ex-example"/></resource><resource><extension url="http://hl7.org/fhir/tools/StructureDefinition/resource-sort"><valueInteger value="999999999"/></extension><extension url="http://hl7.org/fhir/StructureDefinition/implementationguide-page"><valueUri value="Observation-amv-gemessen-beispiel-loewenstein.html"/></extension><reference><reference value="Observation/amv-gemessen-beispiel-loewenstein"/></reference><name value="Beispiel AMV Löwenstein (Observation)"/><description value="Atemminutvolumen(AMV) - Gemessenes Atemvolumen pro Minute /&#xA;minuteVolumeMedian_l_min - Median of the minute volume in l/min. Supported devices: prismaLINE, prismaVENT, Luisa"/><exampleCanonical value="http://t-cabs.org/StructureDefinition/t-cabs-observation-amv"/><groupingId value="-ex-example"/></resource><resource><extension url="http://hl7.org/fhir/tools/StructureDefinition/resource-sort"><valueInteger value="999999999"/></extension><extension url="http://hl7.org/fhir/StructureDefinition/implementationguide-page"><valueUri value="Observation-amv-gemessen-beispiel-resmed.html"/></extension><reference><reference value="Observation/amv-gemessen-beispiel-resmed"/></reference><name value="Beispiel AMV ResMed (Observation)"/><description value="Atemminutvolumen(AMV) - Gemessenes Atemvolumen pro Minute&#xA;TreatmentDataDetailDto - minuteVolume"/><exampleCanonical value="http://t-cabs.org/StructureDefinition/t-cabs-observation-amv"/><groupingId value="-ex-example"/></resource><resource><extension url="http://hl7.org/fhir/tools/StructureDefinition/resource-sort"><valueInteger value="999999999"/></extension><extension url="http://hl7.org/fhir/StructureDefinition/implementationguide-page"><valueUri value="Communication-atemfrequenz-alarm-23.html"/></extension><reference><reference value="Communication/atemfrequenz-alarm-23"/></reference><name value="Beispiel Alarm (Communication)"/><description value="Beispielhafter Alarm einer erhöhten Atemfrequenz"/><exampleCanonical value="http://t-cabs.org/StructureDefinition/t-cabs-communication-atemfrequenz-high-alarm"/><groupingId value="-ex-example"/></resource><resource><extension url="http://hl7.org/fhir/tools/StructureDefinition/resource-sort"><valueInteger value="999999999"/></extension><extension url="http://hl7.org/fhir/StructureDefinition/implementationguide-page"><valueUri value="Observation-atemfrequenz-gemessen-beispiel-loewenstein.html"/></extension><reference><reference value="Observation/atemfrequenz-gemessen-beispiel-loewenstein"/></reference><name value="Beispiel Atemfrequenz Löwenstein (Observation)"/><description value="Median of the respiratory rate in bpm. The median corresponds to the 50th percentile. Supported devices: prismaLINE, prismaVENT, Luisa"/><exampleCanonical value="http://t-cabs.org/StructureDefinition/t-cabs-observation-atemfrequenz-beatmet"/><groupingId value="-ex-example"/></resource><resource><extension url="http://hl7.org/fhir/tools/StructureDefinition/resource-sort"><valueInteger value="999999999"/></extension><extension url="http://hl7.org/fhir/StructureDefinition/implementationguide-page"><valueUri value="Observation-atemfrequenz-gemessen-beispiel-resmed.html"/></extension><reference><reference value="Observation/atemfrequenz-gemessen-beispiel-resmed"/></reference><name value="Beispiel Atemfrequenz ResMed (Observation)"/><description value="Atemfrequenz gemessen"/><exampleCanonical value="http://t-cabs.org/StructureDefinition/t-cabs-observation-atemfrequenz-beatmet"/><groupingId value="-ex-example"/></resource><resource><extension url="http://hl7.org/fhir/tools/StructureDefinition/resource-sort"><valueInteger value="999999999"/></extension><extension url="http://hl7.org/fhir/StructureDefinition/implementationguide-page"><valueUri value="Device-device-1573.html"/></extension><reference><reference value="Device/device-1573"/></reference><name value="Beispiel Beatmungsgerät Breas (Device)"/><description value="Ein Beispiel für ein zugeordnetes Beatmungsgerät von dem Hersteller BREAS"/><exampleCanonical value="http://t-cabs.org/StructureDefinition/t-cabs-device-beatmungsgeraet"/><groupingId value="-ex-example"/></resource><resource><extension url="http://hl7.org/fhir/tools/StructureDefinition/resource-sort"><valueInteger value="999999999"/></extension><extension url="http://hl7.org/fhir/StructureDefinition/implementationguide-page"><valueUri value="Device-device-1234.html"/></extension><reference><reference value="Device/device-1234"/></reference><name value="Beispiel Beatmungsgerät Löwenstein (Device)"/><description value="Ein Beispiel für ein zugeordnetes Beatmungsgerät von dem Hersteller Loewenstein"/><exampleCanonical value="http://t-cabs.org/StructureDefinition/t-cabs-device-beatmungsgeraet"/><groupingId value="-ex-example"/></resource><resource><extension url="http://hl7.org/fhir/tools/StructureDefinition/resource-sort"><valueInteger value="999999999"/></extension><extension url="http://hl7.org/fhir/StructureDefinition/implementationguide-page"><valueUri value="Device-device-12547854521.html"/></extension><reference><reference value="Device/device-12547854521"/></reference><name value="Beispiel Beatmungsgerät ResMed (Device)"/><description value="Ein Beispiel für ein zugeordnetes Beatmungsgerät von dem Hersteller ResMed"/><exampleCanonical value="http://t-cabs.org/StructureDefinition/t-cabs-device-beatmungsgeraet"/><groupingId value="-ex-example"/></resource><resource><extension url="http://hl7.org/fhir/tools/StructureDefinition/resource-sort"><valueInteger value="999999999"/></extension><extension url="http://hl7.org/fhir/StructureDefinition/implementationguide-page"><valueUri value="Procedure-procedure-Bilevel-123.html"/></extension><reference><reference value="Procedure/procedure-Bilevel-123"/></reference><name value="Beispiel Beatmungsprozedur Löwenstein (Procedure)"/><description value="Ein Beispiel für eine Prozedur zur Beatmung"/><exampleBoolean value="true"/><groupingId value="-ex-example"/></resource><resource><extension url="http://hl7.org/fhir/tools/StructureDefinition/resource-sort"><valueInteger value="999999999"/></extension><extension url="http://hl7.org/fhir/StructureDefinition/implementationguide-page"><valueUri value="Procedure-procedure-CPAP-123.html"/></extension><reference><reference value="Procedure/procedure-CPAP-123"/></reference><name value="Beispiel Beatmungsprozedur ResMed (Procedure)"/><description value="Ein Beispiel für eine Prozedur zur Beatmung"/><exampleBoolean value="true"/><groupingId value="-ex-example"/></resource><resource><extension url="http://hl7.org/fhir/tools/StructureDefinition/resource-sort"><valueInteger value="999999999"/></extension><extension url="http://hl7.org/fhir/StructureDefinition/implementationguide-page"><valueUri value="Observation-beatmungsstunden-gemessen-beispiel-loewenstein.html"/></extension><reference><reference value="Observation/beatmungsstunden-gemessen-beispiel-loewenstein"/></reference><name value="Beispiel Beatmungsstunden Löwenstein (Observation)"/><description value="Beatmungsdauer des Patienten in Stunden"/><exampleCanonical value="http://t-cabs.org/StructureDefinition/t-cabs-observation-beatmungsstunden"/><groupingId value="-ex-example"/></resource><resource><extension url="http://hl7.org/fhir/tools/StructureDefinition/resource-sort"><valueInteger value="999999999"/></extension><extension url="http://hl7.org/fhir/StructureDefinition/implementationguide-page"><valueUri value="Observation-beatmungsstunden-gemessen-beispiel-resmed.html"/></extension><reference><reference value="Observation/beatmungsstunden-gemessen-beispiel-resmed"/></reference><name value="Beispiel Beatmungsstunden ResMed (Observation)"/><description value="Beispiel von gemessenen Beatmungsstunden eines Gerätes des Unternehmens ResMed"/><exampleCanonical value="http://t-cabs.org/StructureDefinition/t-cabs-observation-beatmungsstunden"/><groupingId value="-ex-example"/></resource><resource><extension url="http://hl7.org/fhir/tools/StructureDefinition/resource-sort"><valueInteger value="999999999"/></extension><extension url="http://hl7.org/fhir/StructureDefinition/implementationguide-page"><valueUri value="DeviceMetric-deviceMetric-eingestellt-beispiel-breas.html"/></extension><reference><reference value="DeviceMetric/deviceMetric-eingestellt-beispiel-breas"/></reference><name value="Beispiel Einstellung Breas (DeviceMetric)"/><description value="Eingestellter Parameter"/><exampleCanonical value="http://t-cabs.org/StructureDefinition/t-cabs-devicemetric-eingestellter-gemessener-parameter"/><groupingId value="-ex-example"/></resource><resource><extension url="http://hl7.org/fhir/tools/StructureDefinition/resource-sort"><valueInteger value="999999999"/></extension><extension url="http://hl7.org/fhir/StructureDefinition/implementationguide-page"><valueUri value="DeviceMetric-deviceMetric-Eingestellt-Beispiel-Loewenstein.html"/></extension><reference><reference value="DeviceMetric/deviceMetric-Eingestellt-Beispiel-Loewenstein"/></reference><name value="Beispiel Einstellung Löwenstein (DeviceMetric)"/><description value="Eingestellter Parameter"/><exampleCanonical value="http://t-cabs.org/StructureDefinition/t-cabs-devicemetric-eingestellter-gemessener-parameter"/><groupingId value="-ex-example"/></resource><resource><extension url="http://hl7.org/fhir/tools/StructureDefinition/resource-sort"><valueInteger value="999999999"/></extension><extension url="http://hl7.org/fhir/StructureDefinition/implementationguide-page"><valueUri value="DeviceMetric-deviceMetric-eingestellt-beispiel-resmed.html"/></extension><reference><reference value="DeviceMetric/deviceMetric-eingestellt-beispiel-resmed"/></reference><name value="Beispiel Einstellung ResMed (DeviceMetric)"/><description value="Eingestellter Parameter"/><exampleCanonical value="http://t-cabs.org/StructureDefinition/t-cabs-devicemetric-eingestellter-gemessener-parameter"/><groupingId value="-ex-example"/></resource><resource><extension url="http://hl7.org/fhir/tools/StructureDefinition/resource-sort"><valueInteger value="999999999"/></extension><extension url="http://hl7.org/fhir/StructureDefinition/implementationguide-page"><valueUri value="Observation-leckage-gemessen-beispiel-breas.html"/></extension><reference><reference value="Observation/leckage-gemessen-beispiel-breas"/></reference><name value="Beispiel Leckage Breas (Observation)"/><description value="Leckagerate unter Beatmung -&#xA;TreatmentDataDetailDto - leakage"/><exampleCanonical value="http://t-cabs.org/StructureDefinition/t-cabs-observation-leckage"/><groupingId value="-ex-example"/></resource><resource><extension url="http://hl7.org/fhir/tools/StructureDefinition/resource-sort"><valueInteger value="999999999"/></extension><extension url="http://hl7.org/fhir/StructureDefinition/implementationguide-page"><valueUri value="Observation-leckage-gemessen-beispiel-loewenstein.html"/></extension><reference><reference value="Observation/leckage-gemessen-beispiel-loewenstein"/></reference><name value="Beispiel Leckage Löwenstein (Observation)"/><description value="Beispiel für eine beobachtete Leckagerate unter Beatmung -&#xA;leakageMedian_liter_min - Median of unintentional leakage flow in l/min. Supported devices: prismaSOFT, prismaSMART, prismaLINE, prismaVENT, Luisa"/><exampleCanonical value="http://t-cabs.org/StructureDefinition/t-cabs-observation-leckage"/><groupingId value="-ex-example"/></resource><resource><extension url="http://hl7.org/fhir/tools/StructureDefinition/resource-sort"><valueInteger value="999999999"/></extension><extension url="http://hl7.org/fhir/StructureDefinition/implementationguide-page"><valueUri value="Observation-leckage-gemessen-beispiel-resmed.html"/></extension><reference><reference value="Observation/leckage-gemessen-beispiel-resmed"/></reference><name value="Beispiel Leckage ResMed (Observation)"/><description value="Gemessene Leckagerate unter Beatmung des Herstellers ResMed"/><exampleCanonical value="http://t-cabs.org/StructureDefinition/t-cabs-observation-leckage"/><groupingId value="-ex-example"/></resource><resource><extension url="http://hl7.org/fhir/tools/StructureDefinition/resource-sort"><valueInteger value="999999999"/></extension><extension url="http://hl7.org/fhir/StructureDefinition/implementationguide-page"><valueUri value="DeviceMetric-deviceMetric-gemessen-beispiel-breas.html"/></extension><reference><reference value="DeviceMetric/deviceMetric-gemessen-beispiel-breas"/></reference><name value="Beispiel Messung Breas (DeviceMetric)"/><description value="Gemessener Parameter"/><exampleCanonical value="http://t-cabs.org/StructureDefinition/t-cabs-devicemetric-eingestellter-gemessener-parameter"/><groupingId value="-ex-example"/></resource><resource><extension url="http://hl7.org/fhir/tools/StructureDefinition/resource-sort"><valueInteger value="999999999"/></extension><extension url="http://hl7.org/fhir/StructureDefinition/implementationguide-page"><valueUri value="DeviceMetric-deviceMetric-Gemessen-Beispiel-Loewenstein.html"/></extension><reference><reference value="DeviceMetric/deviceMetric-Gemessen-Beispiel-Loewenstein"/></reference><name value="Beispiel Messung Löwenstein (DeviceMetric)"/><description value="Gemessener Parameter"/><exampleCanonical value="http://t-cabs.org/StructureDefinition/t-cabs-devicemetric-eingestellter-gemessener-parameter"/><groupingId value="-ex-example"/></resource><resource><extension url="http://hl7.org/fhir/tools/StructureDefinition/resource-sort"><valueInteger value="999999999"/></extension><extension url="http://hl7.org/fhir/StructureDefinition/implementationguide-page"><valueUri value="DeviceMetric-deviceMetric-gemessen-beispiel-resmed.html"/></extension><reference><reference value="DeviceMetric/deviceMetric-gemessen-beispiel-resmed"/></reference><name value="Beispiel Messung ResMed (DeviceMetric)"/><description value="Gemessener Parameter"/><exampleCanonical value="http://t-cabs.org/StructureDefinition/t-cabs-devicemetric-eingestellter-gemessener-parameter"/><groupingId value="-ex-example"/></resource><resource><extension url="http://hl7.org/fhir/tools/StructureDefinition/resource-sort"><valueInteger value="999999999"/></extension><extension url="http://hl7.org/fhir/StructureDefinition/implementationguide-page"><valueUri value="Patient-patient-98219fce-813a-41f2-94ff-861d59b89715.html"/></extension><reference><reference value="Patient/patient-98219fce-813a-41f2-94ff-861d59b89715"/></reference><name value="Beispiel Patient Breas (Patient)"/><description value="Patient mit der UUID 98219fce-813a-41f2-94ff-861d59b89715"/><exampleBoolean value="true"/><groupingId value="-ex-example"/></resource><resource><extension url="http://hl7.org/fhir/tools/StructureDefinition/resource-sort"><valueInteger value="999999999"/></extension><extension url="http://hl7.org/fhir/StructureDefinition/implementationguide-page"><valueUri value="Patient-patient-123456.html"/></extension><reference><reference value="Patient/patient-123456"/></reference><name value="Beispiel Patient Löwenstein (Patient)"/><description value="Ein Beispiel-Patient mit der internen ID 123456"/><exampleBoolean value="true"/><groupingId value="-ex-example"/></resource><resource><extension url="http://hl7.org/fhir/tools/StructureDefinition/resource-sort"><valueInteger value="999999999"/></extension><extension url="http://hl7.org/fhir/StructureDefinition/implementationguide-page"><valueUri value="Patient-patient-44187887-a48d-4f4e-9393-e4207045a2c4.html"/></extension><reference><reference value="Patient/patient-44187887-a48d-4f4e-9393-e4207045a2c4"/></reference><name value="Beispiel Patient ResMed (Patient)"/><description value="Patient mit der internen ID 44187887-a48d-4f4e-9393-e4207045a2c4"/><exampleBoolean value="true"/><groupingId value="-ex-example"/></resource><resource><extension url="http://hl7.org/fhir/tools/StructureDefinition/resource-sort"><valueInteger value="999999999"/></extension><extension url="http://hl7.org/fhir/StructureDefinition/implementationguide-page"><valueUri value="Observation-triggeredBreaths-gemessen-beispiel-loewenstein.html"/></extension><reference><reference value="Observation/triggeredBreaths-gemessen-beispiel-loewenstein"/></reference><name value="Beispiel TriggeredBreath Löwenstein (Observation)"/><description value="Beispielhafte Beobachtung von Atemzüge die vom Patienten eigenständig getriggert wurden"/><exampleCanonical value="http://t-cabs.org/StructureDefinition/t-cabs-observation-triggeredbreaths"/><groupingId value="-ex-example"/></resource><resource><extension url="http://hl7.org/fhir/tools/StructureDefinition/resource-sort"><valueInteger value="999999999"/></extension><extension url="http://hl7.org/fhir/StructureDefinition/implementationguide-page"><valueUri value="Observation-triggeredBreaths-gemessen-beispiel-breas.html"/></extension><reference><reference value="Observation/triggeredBreaths-gemessen-beispiel-breas"/></reference><name value="Beispiel TriggeredBreaths Breas (Observation)"/><description value="TreatmentDataDetailDto - triggeredBreaths"/><exampleCanonical value="http://t-cabs.org/StructureDefinition/t-cabs-observation-triggeredbreaths"/><groupingId value="-ex-example"/></resource><resource><extension url="http://hl7.org/fhir/tools/StructureDefinition/resource-sort"><valueInteger value="999999999"/></extension><extension url="http://hl7.org/fhir/StructureDefinition/implementationguide-page"><valueUri value="Observation-triggeredBreaths-gemessen-beispiel-resmed.html"/></extension><reference><reference value="Observation/triggeredBreaths-gemessen-beispiel-resmed"/></reference><name value="Beispiel TriggeredBreaths ResMed (Observation)"/><description value="Gemessene Atemzüge die vom Patienten eigenständig getriggert wurden"/><exampleCanonical value="http://t-cabs.org/StructureDefinition/t-cabs-observation-triggeredbreaths"/><groupingId value="-ex-example"/></resource><resource><extension url="http://hl7.org/fhir/tools/StructureDefinition/resource-sort"><valueInteger value="999999999"/></extension><extension url="http://hl7.org/fhir/StructureDefinition/implementationguide-page"><valueUri value="Observation-atemfrequenz-eingestellt-beispiel-breas.html"/></extension><reference><reference value="Observation/atemfrequenz-eingestellt-beispiel-breas"/></reference><name value="Beispiel eingestellte Atemfrequenz Breas (Observation)"/><description value="Eine eingestellte Atemfrequenz der Firma Breas&#xA;Treatment_Data - Breaths per minute (BPM)"/><exampleCanonical value="http://t-cabs.org/StructureDefinition/t-cabs-observation-atemfrequenz-beatmet"/><groupingId value="-ex-example"/></resource><resource><extension url="http://hl7.org/fhir/tools/StructureDefinition/resource-sort"><valueInteger value="999999999"/></extension><extension url="http://hl7.org/fhir/StructureDefinition/implementationguide-page"><valueUri value="Observation-peep-eingestellt-beispiel-breas.html"/></extension><reference><reference value="Observation/peep-eingestellt-beispiel-breas"/></reference><name value="Beispiel eingestellter PEEP Breas (Observation)"/><description value="Beispielhafte Einstellung des positiv-endexpiratorischer Druckes (PEEP)"/><exampleBoolean value="true"/><groupingId value="-ex-example"/></resource><resource><extension url="http://hl7.org/fhir/tools/StructureDefinition/resource-sort"><valueInteger value="999999999"/></extension><extension url="http://hl7.org/fhir/StructureDefinition/implementationguide-page"><valueUri value="Observation-maximalInspiratoryPressure-eingestellt-beispiel-breas.html"/></extension><reference><reference value="Observation/maximalInspiratoryPressure-eingestellt-beispiel-breas"/></reference><name value="Beispiel eingestellter max. Beatmungsdruck Breas (Observation)"/><description value="Beipspielhafte Einstellung des maximalen Beatmungsdruckes"/><exampleBoolean value="true"/><groupingId value="-ex-example"/></resource><resource><extension url="http://hl7.org/fhir/tools/StructureDefinition/resource-sort"><valueInteger value="999999999"/></extension><extension url="http://hl7.org/fhir/StructureDefinition/implementationguide-page"><valueUri value="Observation-tidalvolumen-eingestellt-beispiel-breas.html"/></extension><reference><reference value="Observation/tidalvolumen-eingestellt-beispiel-breas"/></reference><name value="Beispiel eingestelltes Tidalvolumen Breas (Observation)"/><description value="Beispiel eines eingestellten Tidalvolumens"/><exampleBoolean value="true"/><groupingId value="-ex-example"/></resource><resource><extension url="http://hl7.org/fhir/tools/StructureDefinition/resource-sort"><valueInteger value="999999999"/></extension><extension url="http://hl7.org/fhir/StructureDefinition/implementationguide-page"><valueUri value="Observation-amv-gemessen-beispiel-breas.html"/></extension><reference><reference value="Observation/amv-gemessen-beispiel-breas"/></reference><name value="Beispiel gemessen AMV Breas (Observation)"/><description value="Atemminutvolumen(AMV) - Gemessenes Atemvolumen pro Minute&#xA;TreatmentDataDetailDto - minuteVolume"/><exampleCanonical value="http://t-cabs.org/StructureDefinition/t-cabs-observation-amv"/><groupingId value="-ex-example"/></resource><resource><extension url="http://hl7.org/fhir/tools/StructureDefinition/resource-sort"><valueInteger value="999999999"/></extension><extension url="http://hl7.org/fhir/StructureDefinition/implementationguide-page"><valueUri value="Observation-beatmungsstunden-gemessen-beispiel-breas.html"/></extension><reference><reference value="Observation/beatmungsstunden-gemessen-beispiel-breas"/></reference><name value="Beispiel gemessen Beatmungsstunden Breas (Observation)"/><description value="Beatmungsdauer des Patienten in Stunden"/><exampleCanonical value="http://t-cabs.org/StructureDefinition/t-cabs-observation-beatmungsstunden"/><groupingId value="-ex-example"/></resource><resource><extension url="http://hl7.org/fhir/tools/StructureDefinition/resource-sort"><valueInteger value="999999999"/></extension><extension url="http://hl7.org/fhir/StructureDefinition/implementationguide-page"><valueUri value="Observation-atemfrequenz-gemessen-beispiel-breas.html"/></extension><reference><reference value="Observation/atemfrequenz-gemessen-beispiel-breas"/></reference><name value="Beispiel gemessene Atemfrequenz Breas (Observation)"/><description value="Eine gemessene Atemfrequenz der Firma Breas&#xA;Treatment_Data - Breaths per minute (BPM)"/><exampleCanonical value="http://t-cabs.org/StructureDefinition/t-cabs-observation-atemfrequenz-beatmet"/><groupingId value="-ex-example"/></resource><resource><extension url="http://hl7.org/fhir/tools/StructureDefinition/resource-sort"><valueInteger value="999999999"/></extension><extension url="http://hl7.org/fhir/StructureDefinition/implementationguide-page"><valueUri value="Observation-tidalvolumen-gemessen-beispiel-breas.html"/></extension><reference><reference value="Observation/tidalvolumen-gemessen-beispiel-breas"/></reference><name value="Beispiel gemessenes Tidalvolumen Breas (Observation)"/><description value="Beispiel eines gemessenen Tidalvolumens während der Beatmung"/><exampleBoolean value="true"/><groupingId value="-ex-example"/></resource><resource><extension url="http://hl7.org/fhir/tools/StructureDefinition/resource-sort"><valueInteger value="999999999"/></extension><extension url="http://hl7.org/fhir/StructureDefinition/implementationguide-page"><valueUri value="Observation-inspPress-eingestellt-beispiel-breas.html"/></extension><reference><reference value="Observation/inspPress-eingestellt-beispiel-breas"/></reference><name value="Beispiel mittlerer Beatmungsdruck Breas (Observation)"/><description value="Beispielhafte Einstellung des mittleren Beatmungsdruckes"/><exampleBoolean value="true"/><groupingId value="-ex-example"/></resource><resource><extension url="http://hl7.org/fhir/tools/StructureDefinition/resource-sort"><valueInteger value="999999999"/></extension><extension url="http://hl7.org/fhir/StructureDefinition/implementationguide-page"><valueUri value="Observation-Example-TCABS-Observation-SPO2.html"/></extension><reference><reference value="Observation/Example-TCABS-Observation-SPO2"/></reference><name value="Example-TCABS-Observation-SPO2"/><exampleCanonical value="http://t-cabs.org/StructureDefinition/t-cabs-observation-spo2"/><groupingId value="-ex-example"/></resource><page><extension url="http://hl7.org/fhir/tools/StructureDefinition/ig-page-name"><valueUrl value="toc.html"/></extension><nameUrl value="toc.html"/><title value="Table of Contents"/><generation value="html"/><page><extension url="http://hl7.org/fhir/tools/StructureDefinition/ig-page-name"><valueUrl value="index.html"/></extension><nameUrl value="index.html"/><title value="Home"/><generation value="markdown"/></page><page><extension url="http://hl7.org/fhir/tools/StructureDefinition/ig-page-name"><valueUrl value="logisches_modell.html"/></extension><nameUrl value="logisches_modell.html"/><title value="Logisches Modell"/><generation value="markdown"/></page><page><extension url="http://hl7.org/fhir/tools/StructureDefinition/ig-page-name"><valueUrl value="profile.html"/></extension><nameUrl value="profile.html"/><title value="Profile"/><generation value="markdown"/></page><page><extension url="http://hl7.org/fhir/tools/StructureDefinition/ig-page-name"><valueUrl value="beispiele.html"/></extension><nameUrl value="beispiele.html"/><title value="Beispiele"/><generation value="markdown"/></page><page><extension url="http://hl7.org/fhir/tools/StructureDefinition/ig-page-name"><valueUrl value="artifacts.html"/></extension><nameUrl value="artifacts.html"/><title value="Artifacts Summary"/><generation value="html"/><page><extension url="http://hl7.org/fhir/tools/StructureDefinition/ig-page-name"><valueUrl value="StructureDefinition-t-cabs-observation-atemfrequenz.html"/></extension><nameUrl value="StructureDefinition-t-cabs-observation-atemfrequenz.html"/><title value="Atemfrequenz"/><generation value="generated"/></page><page><extension url="http://hl7.org/fhir/tools/StructureDefinition/ig-page-name"><valueUrl value="StructureDefinition-t-cabs-observation-bmi.html"/></extension><nameUrl value="StructureDefinition-t-cabs-observation-bmi.html"/><title value="BMI Observation"/><generation value="generated"/></page><page><extension url="http://hl7.org/fhir/tools/StructureDefinition/ig-page-name"><valueUrl value="StructureDefinition-t-cabs-observationfev1.html"/></extension><nameUrl value="StructureDefinition-t-cabs-observationfev1.html"/><title value="FEV1 Observation"/><generation value="generated"/></page><page><extension url="http://hl7.org/fhir/tools/StructureDefinition/ig-page-name"><valueUrl value="StructureDefinition-t-cabs-observation-gehstrecke.html"/></extension><nameUrl value="StructureDefinition-t-cabs-observation-gehstrecke.html"/><title value="Gehstrecke"/><generation value="generated"/></page><page><extension url="http://hl7.org/fhir/tools/StructureDefinition/ig-page-name"><valueUrl value="StructureDefinition-t-cabs-communication-alarm.html"/></extension><nameUrl value="StructureDefinition-t-cabs-communication-alarm.html"/><title value="T-CABS Communication Alarm"/><generation value="generated"/></page><page><extension url="http://hl7.org/fhir/tools/StructureDefinition/ig-page-name"><valueUrl value="StructureDefinition-t-cabs-communication-atemfrequenz-high-alarm.html"/></extension><nameUrl value="StructureDefinition-t-cabs-communication-atemfrequenz-high-alarm.html"/><title value="T-CABS Communication Atemfrequenz high Alarm"/><generation value="generated"/></page><page><extension url="http://hl7.org/fhir/tools/StructureDefinition/ig-page-name"><valueUrl value="StructureDefinition-t-cabs-communication-atemfrequenz-low-alarm.html"/></extension><nameUrl value="StructureDefinition-t-cabs-communication-atemfrequenz-low-alarm.html"/><title value="T-CABS Communication Atemfrequenz low Alarm"/><generation value="generated"/></page><page><extension url="http://hl7.org/fhir/tools/StructureDefinition/ig-page-name"><valueUrl value="StructureDefinition-t-cabs-communication-diskonnektion-alarm.html"/></extension><nameUrl value="StructureDefinition-t-cabs-communication-diskonnektion-alarm.html"/><title value="T-CABS Communication Diskonnektion Alarm"/><generation value="generated"/></page><page><extension url="http://hl7.org/fhir/tools/StructureDefinition/ig-page-name"><valueUrl value="StructureDefinition-t-cabs-device-beatmungsgeraet.html"/></extension><nameUrl value="StructureDefinition-t-cabs-device-beatmungsgeraet.html"/><title value="T-CABS Device Beatmungsgerät"/><generation value="generated"/></page><page><extension url="http://hl7.org/fhir/tools/StructureDefinition/ig-page-name"><valueUrl value="StructureDefinition-t-cabs-devicemetric-eingestellter-gemessener-parameter.html"/></extension><nameUrl value="StructureDefinition-t-cabs-devicemetric-eingestellter-gemessener-parameter.html"/><title value="T-CABS DeviceMetric eingestellter oder gemessener Parameter"/><generation value="generated"/></page><page><extension url="http://hl7.org/fhir/tools/StructureDefinition/ig-page-name"><valueUrl value="StructureDefinition-t-cabs-observation-atemfrequenz-beatmet.html"/></extension><nameUrl value="StructureDefinition-t-cabs-observation-atemfrequenz-beatmet.html"/><title value="T-CABS Observation AF"/><generation value="generated"/></page><page><extension url="http://hl7.org/fhir/tools/StructureDefinition/ig-page-name"><valueUrl value="StructureDefinition-t-cabs-observation-ahi.html"/></extension><nameUrl value="StructureDefinition-t-cabs-observation-ahi.html"/><title value="T-CABS Observation AHI"/><generation value="generated"/></page><page><extension url="http://hl7.org/fhir/tools/StructureDefinition/ig-page-name"><valueUrl value="StructureDefinition-t-cabs-observation-amv.html"/></extension><nameUrl value="StructureDefinition-t-cabs-observation-amv.html"/><title value="T-CABS Observation AMV"/><generation value="generated"/></page><page><extension url="http://hl7.org/fhir/tools/StructureDefinition/ig-page-name"><valueUrl value="StructureDefinition-t-cabs-observation-arterieller-blutdruck.html"/></extension><nameUrl value="StructureDefinition-t-cabs-observation-arterieller-blutdruck.html"/><title value="T-CABS Observation Arterieller Blutdruck"/><generation value="generated"/></page><page><extension url="http://hl7.org/fhir/tools/StructureDefinition/ig-page-name"><valueUrl value="StructureDefinition-t-cabs-observation-beatmungsstunden.html"/></extension><nameUrl value="StructureDefinition-t-cabs-observation-beatmungsstunden.html"/><title value="T-CABS Observation Beatmungsstunden"/><generation value="generated"/></page><page><extension url="http://hl7.org/fhir/tools/StructureDefinition/ig-page-name"><valueUrl value="StructureDefinition-t-cabs-observation-leckage.html"/></extension><nameUrl value="StructureDefinition-t-cabs-observation-leckage.html"/><title value="T-CABS Observation Leckage"/><generation value="generated"/></page><page><extension url="http://hl7.org/fhir/tools/StructureDefinition/ig-page-name"><valueUrl value="StructureDefinition-t-cabs-observation-spo2.html"/></extension><nameUrl value="StructureDefinition-t-cabs-observation-spo2.html"/><title value="T-CABS Observation SPO2"/><generation value="generated"/></page><page><extension url="http://hl7.org/fhir/tools/StructureDefinition/ig-page-name"><valueUrl value="StructureDefinition-t-cabs-observation-triggeredbreaths.html"/></extension><nameUrl value="StructureDefinition-t-cabs-observation-triggeredbreaths.html"/><title value="T-CABS Observation TriggeredBreaths"/><generation value="generated"/></page><page><extension url="http://hl7.org/fhir/tools/StructureDefinition/ig-page-name"><valueUrl value="StructureDefinition-t-cabs-practitioner-arzt.html"/></extension><nameUrl value="StructureDefinition-t-cabs-practitioner-arzt.html"/><title value="T-CABS Practitioner Arzt"/><generation value="generated"/></page><page><extension url="http://hl7.org/fhir/tools/StructureDefinition/ig-page-name"><valueUrl value="StructureDefinition-t-cabs-procedure-beatmung.html"/></extension><nameUrl value="StructureDefinition-t-cabs-procedure-beatmung.html"/><title value="T-CABS Procedure Beatmung"/><generation value="generated"/></page><page><extension url="http://hl7.org/fhir/tools/StructureDefinition/ig-page-name"><valueUrl value="StructureDefinition-t-cabs-observation-herzfrequenz.html"/></extension><nameUrl value="StructureDefinition-t-cabs-observation-herzfrequenz.html"/><title value="T_CABS_Observation_Herzfrequenz"/><generation value="generated"/></page><page><extension url="http://hl7.org/fhir/tools/StructureDefinition/ig-page-name"><valueUrl value="ValueSet-t-cabs-valueset-Beatmungsform.html"/></extension><nameUrl value="ValueSet-t-cabs-valueset-Beatmungsform.html"/><title value="T-CABS ValueSet Beatmungsform"/><generation value="generated"/></page><page><extension url="http://hl7.org/fhir/tools/StructureDefinition/ig-page-name"><valueUrl value="ValueSet-t-cabs-valueset-Beatmungsmodus.html"/></extension><nameUrl value="ValueSet-t-cabs-valueset-Beatmungsmodus.html"/><title value="T-CABS ValueSet Beatmungsmodus"/><generation value="generated"/></page><page><extension url="http://hl7.org/fhir/tools/StructureDefinition/ig-page-name"><valueUrl value="Procedure-procedure-PSV-123.html"/></extension><nameUrl value="Procedure-procedure-PSV-123.html"/><title value=" Beispiel Beatmungsprozedur Breas (Procedure)"/><generation value="generated"/></page><page><extension url="http://hl7.org/fhir/tools/StructureDefinition/ig-page-name"><valueUrl value="Communication-atemfrequenz-alarm-23.html"/></extension><nameUrl value="Communication-atemfrequenz-alarm-23.html"/><title value="Beispiel Alarm (Communication)"/><generation value="generated"/></page><page><extension url="http://hl7.org/fhir/tools/StructureDefinition/ig-page-name"><valueUrl value="Observation-amv-gemessen-beispiel-loewenstein.html"/></extension><nameUrl value="Observation-amv-gemessen-beispiel-loewenstein.html"/><title value="Beispiel AMV Löwenstein (Observation)"/><generation value="generated"/></page><page><extension url="http://hl7.org/fhir/tools/StructureDefinition/ig-page-name"><valueUrl value="Observation-amv-gemessen-beispiel-resmed.html"/></extension><nameUrl value="Observation-amv-gemessen-beispiel-resmed.html"/><title value="Beispiel AMV ResMed (Observation)"/><generation value="generated"/></page><page><extension url="http://hl7.org/fhir/tools/StructureDefinition/ig-page-name"><valueUrl value="Observation-atemfrequenz-gemessen-beispiel-loewenstein.html"/></extension><nameUrl value="Observation-atemfrequenz-gemessen-beispiel-loewenstein.html"/><title value="Beispiel Atemfrequenz Löwenstein (Observation)"/><generation value="generated"/></page><page><extension url="http://hl7.org/fhir/tools/StructureDefinition/ig-page-name"><valueUrl value="Observation-atemfrequenz-gemessen-beispiel-resmed.html"/></extension><nameUrl value="Observation-atemfrequenz-gemessen-beispiel-resmed.html"/><title value="Beispiel Atemfrequenz ResMed (Observation)"/><generation value="generated"/></page><page><extension url="http://hl7.org/fhir/tools/StructureDefinition/ig-page-name"><valueUrl value="Device-device-1573.html"/></extension><nameUrl value="Device-device-1573.html"/><title value="Beispiel Beatmungsgerät Breas (Device)"/><generation value="generated"/></page><page><extension url="http://hl7.org/fhir/tools/StructureDefinition/ig-page-name"><valueUrl value="Device-device-1234.html"/></extension><nameUrl value="Device-device-1234.html"/><title value="Beispiel Beatmungsgerät Löwenstein (Device)"/><generation value="generated"/></page><page><extension url="http://hl7.org/fhir/tools/StructureDefinition/ig-page-name"><valueUrl value="Device-device-12547854521.html"/></extension><nameUrl value="Device-device-12547854521.html"/><title value="Beispiel Beatmungsgerät ResMed (Device)"/><generation value="generated"/></page><page><extension url="http://hl7.org/fhir/tools/StructureDefinition/ig-page-name"><valueUrl value="Procedure-procedure-Bilevel-123.html"/></extension><nameUrl value="Procedure-procedure-Bilevel-123.html"/><title value="Beispiel Beatmungsprozedur Löwenstein (Procedure)"/><generation value="generated"/></page><page><extension url="http://hl7.org/fhir/tools/StructureDefinition/ig-page-name"><valueUrl value="Procedure-procedure-CPAP-123.html"/></extension><nameUrl value="Procedure-procedure-CPAP-123.html"/><title value="Beispiel Beatmungsprozedur ResMed (Procedure)"/><generation value="generated"/></page><page><extension url="http://hl7.org/fhir/tools/StructureDefinition/ig-page-name"><valueUrl value="Observation-beatmungsstunden-gemessen-beispiel-loewenstein.html"/></extension><nameUrl value="Observation-beatmungsstunden-gemessen-beispiel-loewenstein.html"/><title value="Beispiel Beatmungsstunden Löwenstein (Observation)"/><generation value="generated"/></page><page><extension url="http://hl7.org/fhir/tools/StructureDefinition/ig-page-name"><valueUrl value="Observation-beatmungsstunden-gemessen-beispiel-resmed.html"/></extension><nameUrl value="Observation-beatmungsstunden-gemessen-beispiel-resmed.html"/><title value="Beispiel Beatmungsstunden ResMed (Observation)"/><generation value="generated"/></page><page><extension url="http://hl7.org/fhir/tools/StructureDefinition/ig-page-name"><valueUrl value="Observation-atemfrequenz-eingestellt-beispiel-breas.html"/></extension><nameUrl value="Observation-atemfrequenz-eingestellt-beispiel-breas.html"/><title value="Beispiel eingestellte Atemfrequenz Breas (Observation)"/><generation value="generated"/></page><page><extension url="http://hl7.org/fhir/tools/StructureDefinition/ig-page-name"><valueUrl value="Observation-maximalInspiratoryPressure-eingestellt-beispiel-breas.html"/></extension><nameUrl value="Observation-maximalInspiratoryPressure-eingestellt-beispiel-breas.html"/><title value="Beispiel eingestellter max. Beatmungsdruck Breas (Observation)"/><generation value="generated"/></page><page><extension url="http://hl7.org/fhir/tools/StructureDefinition/ig-page-name"><valueUrl value="Observation-peep-eingestellt-beispiel-breas.html"/></extension><nameUrl value="Observation-peep-eingestellt-beispiel-breas.html"/><title value="Beispiel eingestellter PEEP Breas (Observation)"/><generation value="generated"/></page><page><extension url="http://hl7.org/fhir/tools/StructureDefinition/ig-page-name"><valueUrl value="Observation-tidalvolumen-eingestellt-beispiel-breas.html"/></extension><nameUrl value="Observation-tidalvolumen-eingestellt-beispiel-breas.html"/><title value="Beispiel eingestelltes Tidalvolumen Breas (Observation)"/><generation value="generated"/></page><page><extension url="http://hl7.org/fhir/tools/StructureDefinition/ig-page-name"><valueUrl value="DeviceMetric-deviceMetric-eingestellt-beispiel-breas.html"/></extension><nameUrl value="DeviceMetric-deviceMetric-eingestellt-beispiel-breas.html"/><title value="Beispiel Einstellung Breas (DeviceMetric)"/><generation value="generated"/></page><page><extension url="http://hl7.org/fhir/tools/StructureDefinition/ig-page-name"><valueUrl value="DeviceMetric-deviceMetric-Eingestellt-Beispiel-Loewenstein.html"/></extension><nameUrl value="DeviceMetric-deviceMetric-Eingestellt-Beispiel-Loewenstein.html"/><title value="Beispiel Einstellung Löwenstein (DeviceMetric)"/><generation value="generated"/></page><page><extension url="http://hl7.org/fhir/tools/StructureDefinition/ig-page-name"><valueUrl value="DeviceMetric-deviceMetric-eingestellt-beispiel-resmed.html"/></extension><nameUrl value="DeviceMetric-deviceMetric-eingestellt-beispiel-resmed.html"/><title value="Beispiel Einstellung ResMed (DeviceMetric)"/><generation value="generated"/></page><page><extension url="http://hl7.org/fhir/tools/StructureDefinition/ig-page-name"><valueUrl value="Observation-amv-gemessen-beispiel-breas.html"/></extension><nameUrl value="Observation-amv-gemessen-beispiel-breas.html"/><title value="Beispiel gemessen AMV Breas (Observation)"/><generation value="generated"/></page><page><extension url="http://hl7.org/fhir/tools/StructureDefinition/ig-page-name"><valueUrl value="Observation-beatmungsstunden-gemessen-beispiel-breas.html"/></extension><nameUrl value="Observation-beatmungsstunden-gemessen-beispiel-breas.html"/><title value="Beispiel gemessen Beatmungsstunden Breas (Observation)"/><generation value="generated"/></page><page><extension url="http://hl7.org/fhir/tools/StructureDefinition/ig-page-name"><valueUrl value="Observation-atemfrequenz-gemessen-beispiel-breas.html"/></extension><nameUrl value="Observation-atemfrequenz-gemessen-beispiel-breas.html"/><title value="Beispiel gemessene Atemfrequenz Breas (Observation)"/><generation value="generated"/></page><page><extension url="http://hl7.org/fhir/tools/StructureDefinition/ig-page-name"><valueUrl value="Observation-tidalvolumen-gemessen-beispiel-breas.html"/></extension><nameUrl value="Observation-tidalvolumen-gemessen-beispiel-breas.html"/><title value="Beispiel gemessenes Tidalvolumen Breas (Observation)"/><generation value="generated"/></page><page><extension url="http://hl7.org/fhir/tools/StructureDefinition/ig-page-name"><valueUrl value="Observation-leckage-gemessen-beispiel-breas.html"/></extension><nameUrl value="Observation-leckage-gemessen-beispiel-breas.html"/><title value="Beispiel Leckage Breas (Observation)"/><generation value="generated"/></page><page><extension url="http://hl7.org/fhir/tools/StructureDefinition/ig-page-name"><valueUrl value="Observation-leckage-gemessen-beispiel-loewenstein.html"/></extension><nameUrl value="Observation-leckage-gemessen-beispiel-loewenstein.html"/><title value="Beispiel Leckage Löwenstein (Observation)"/><generation value="generated"/></page><page><extension url="http://hl7.org/fhir/tools/StructureDefinition/ig-page-name"><valueUrl value="Observation-leckage-gemessen-beispiel-resmed.html"/></extension><nameUrl value="Observation-leckage-gemessen-beispiel-resmed.html"/><title value="Beispiel Leckage ResMed (Observation)"/><generation value="generated"/></page><page><extension url="http://hl7.org/fhir/tools/StructureDefinition/ig-page-name"><valueUrl value="DeviceMetric-deviceMetric-gemessen-beispiel-breas.html"/></extension><nameUrl value="DeviceMetric-deviceMetric-gemessen-beispiel-breas.html"/><title value="Beispiel Messung Breas (DeviceMetric)"/><generation value="generated"/></page><page><extension url="http://hl7.org/fhir/tools/StructureDefinition/ig-page-name"><valueUrl value="DeviceMetric-deviceMetric-Gemessen-Beispiel-Loewenstein.html"/></extension><nameUrl value="DeviceMetric-deviceMetric-Gemessen-Beispiel-Loewenstein.html"/><title value="Beispiel Messung Löwenstein (DeviceMetric)"/><generation value="generated"/></page><page><extension url="http://hl7.org/fhir/tools/StructureDefinition/ig-page-name"><valueUrl value="DeviceMetric-deviceMetric-gemessen-beispiel-resmed.html"/></extension><nameUrl value="DeviceMetric-deviceMetric-gemessen-beispiel-resmed.html"/><title value="Beispiel Messung ResMed (DeviceMetric)"/><generation value="generated"/></page><page><extension url="http://hl7.org/fhir/tools/StructureDefinition/ig-page-name"><valueUrl value="Observation-inspPress-eingestellt-beispiel-breas.html"/></extension><nameUrl value="Observation-inspPress-eingestellt-beispiel-breas.html"/><title value="Beispiel mittlerer Beatmungsdruck Breas (Observation)"/><generation value="generated"/></page><page><extension url="http://hl7.org/fhir/tools/StructureDefinition/ig-page-name"><valueUrl value="Patient-patient-98219fce-813a-41f2-94ff-861d59b89715.html"/></extension><nameUrl value="Patient-patient-98219fce-813a-41f2-94ff-861d59b89715.html"/><title value="Beispiel Patient Breas (Patient)"/><generation value="generated"/></page><page><extension url="http://hl7.org/fhir/tools/StructureDefinition/ig-page-name"><valueUrl value="Patient-patient-123456.html"/></extension><nameUrl value="Patient-patient-123456.html"/><title value="Beispiel Patient Löwenstein (Patient)"/><generation value="generated"/></page><page><extension url="http://hl7.org/fhir/tools/StructureDefinition/ig-page-name"><valueUrl value="Patient-patient-44187887-a48d-4f4e-9393-e4207045a2c4.html"/></extension><nameUrl value="Patient-patient-44187887-a48d-4f4e-9393-e4207045a2c4.html"/><title value="Beispiel Patient ResMed (Patient)"/><generation value="generated"/></page><page><extension url="http://hl7.org/fhir/tools/StructureDefinition/ig-page-name"><valueUrl value="Observation-triggeredBreaths-gemessen-beispiel-loewenstein.html"/></extension><nameUrl value="Observation-triggeredBreaths-gemessen-beispiel-loewenstein.html"/><title value="Beispiel TriggeredBreath Löwenstein (Observation)"/><generation value="generated"/></page><page><extension url="http://hl7.org/fhir/tools/StructureDefinition/ig-page-name"><valueUrl value="Observation-triggeredBreaths-gemessen-beispiel-breas.html"/></extension><nameUrl value="Observation-triggeredBreaths-gemessen-beispiel-breas.html"/><title value="Beispiel TriggeredBreaths Breas (Observation)"/><generation value="generated"/></page><page><extension url="http://hl7.org/fhir/tools/StructureDefinition/ig-page-name"><valueUrl value="Observation-triggeredBreaths-gemessen-beispiel-resmed.html"/></extension><nameUrl value="Observation-triggeredBreaths-gemessen-beispiel-resmed.html"/><title value="Beispiel TriggeredBreaths ResMed (Observation)"/><generation value="generated"/></page><page><extension url="http://hl7.org/fhir/tools/StructureDefinition/ig-page-name"><valueUrl value="Observation-Example-TCABS-Observation-SPO2.html"/></extension><nameUrl value="Observation-Example-TCABS-Observation-SPO2.html"/><title value="Example-TCABS-Observation-SPO2"/><generation value="generated"/></page></page></page><parameter><code value="path-resource"/><value value="input/capabilities"/></parameter><parameter><code value="path-resource"/><value value="input/examples"/></parameter><parameter><code value="path-resource"/><value value="input/extensions"/></parameter><parameter><code value="path-resource"/><value value="input/models"/></parameter><parameter><code value="path-resource"/><value value="input/operations"/></parameter><parameter><code value="path-resource"/><value value="input/profiles"/></parameter><parameter><code value="path-resource"/><value value="input/resources"/></parameter><parameter><code value="path-resource"/><value value="input/vocabulary"/></parameter><parameter><code value="path-resource"/><value value="input/maps"/></parameter><parameter><code value="path-resource"/><value value="input/testing"/></parameter><parameter><code value="path-resource"/><value value="input/history"/></parameter><parameter><code value="path-resource"/><value value="fsh-generated/resources"/></parameter><parameter><code value="path-pages"/><value value="template/config"/></parameter><parameter><code value="path-pages"/><value value="input/images"/></parameter><parameter><code value="path-tx-cache"/><value value="input-cache/txcache"/></parameter></definition></ImplementationGuide>