<?xml version="1.0" encoding="UTF-8"?><ValueSet xmlns="http://hl7.org/fhir"><id value="t-cabs-valueset-Beatmungsmodus"/><text><status value="generated"/><div xmlns="http://www.w3.org/1999/xhtml"><p class="res-header-id"><b>Generated Narrative: ValueSet t-cabs-valueset-Beatmungsmodus</b></p><a name="t-cabs-valueset-Beatmungsmodus"> </a><a name="hct-cabs-valueset-Beatmungsmodus"> </a><ul><li>Include these codes as defined in <a href="http://terminology.hl7.org/6.0.2/CodeSystem-v3-mdc.html"><code>urn:iso:std:iso:11073:10101</code></a><span title="Version is not explicity stated. No matching Code System found"> version Not Stated (use latest from terminology server)</span><table class="none"><tr><td style="white-space:nowrap"><b>Code</b></td><td><b>Display</b></td></tr><tr><td>475172</td><td>MDC_VENT_MODE_ISO_AC_PC5vLim_6ACAPH_3LC_3TRGC</td></tr><tr><td>475147</td><td>MDC_VENT_MODE_ISO_AC_PC_6ACAP</td></tr><tr><td>475148</td><td>MDC_VENT_MODE_ISO_AC_vtPC_6ACAP</td></tr><tr><td>475154</td><td>MDC_VENT_MODE_ISO_CSV_PS_6ACAP_012_015</td></tr><tr><td>475197</td><td>MDC_VENT_MODE_ISO_Bi9level_AV_0_SIMV_PC_8PS_8PS_6ACAP</td></tr><tr><td>475201</td><td>MDC_VENT_MODE_ISO_CMV_VC</td></tr><tr><td>475161</td><td>MDC_VENT_MODE_ISO_CSV_6ACAP</td></tr><tr><td>475140</td><td>MDC_VENT_MODE_ISO_AC_VC_6ACAPL</td></tr><tr><td>475136</td><td>MDC_VENT_MODE_ISO_SIMV_VC_8PS_6ACAPL</td></tr><tr><td>475190</td><td>MDC_VENT_MODE_ISO_HIFLOW_3NIV</td></tr><tr><td>475155</td><td>MDC_VENT_MODE_ISO_CSV_vtPS_6ACAP_012_015</td></tr><tr><td>475144</td><td>MDC_VENT_MODE_ISO_SIMV_PC_8PS_6ACAP</td></tr></table></li></ul></div></text><url value="http://t-cabs.org/ValueSet/t-cabs-valueset-Beatmungsmodus"/><version value="0.1.0"/><name value="T_CABS_ValueSet_Beatmungsmodus"/><title value="T-CABS ValueSet Ventilation Mode"/><status value="draft"/><date value="2025-11-20T17:13:04+01:00"/><publisher value="BIH-CEI"/><contact><name value="BIH-CEI"/><telecom><system value="url"/><value value="https://www.bihealth.org/"/></telecom></contact><description value="This ValueSet contains codes to represent the different ventilation modes"/><jurisdiction><coding><system value="urn:iso:std:iso:3166"/><code value="DE"/><display value="Germany"/></coding></jurisdiction><compose><include><system value="urn:iso:std:iso:11073:10101"/><concept><code value="475172"/><display value="MDC_VENT_MODE_ISO_AC_PC5vLim_6ACAPH_3LC_3TRGC"/></concept><concept><code value="475147"/><display value="MDC_VENT_MODE_ISO_AC_PC_6ACAP"/></concept><concept><code value="475148"/><display value="MDC_VENT_MODE_ISO_AC_vtPC_6ACAP"/></concept><concept><code value="475154"/><display value="MDC_VENT_MODE_ISO_CSV_PS_6ACAP_012_015"/></concept><concept><code value="475197"/><display value="MDC_VENT_MODE_ISO_Bi9level_AV_0_SIMV_PC_8PS_8PS_6ACAP"/></concept><concept><code value="475201"/><display value="MDC_VENT_MODE_ISO_CMV_VC"/></concept><concept><code value="475161"/><display value="MDC_VENT_MODE_ISO_CSV_6ACAP"/></concept><concept><code value="475140"/><display value="MDC_VENT_MODE_ISO_AC_VC_6ACAPL"/></concept><concept><code value="475136"/><display value="MDC_VENT_MODE_ISO_SIMV_VC_8PS_6ACAPL"/></concept><concept><code value="475190"/><display value="MDC_VENT_MODE_ISO_HIFLOW_3NIV"/></concept><concept><code value="475155"/><display value="MDC_VENT_MODE_ISO_CSV_vtPS_6ACAP_012_015"/></concept><concept><code value="475144"/><display value="MDC_VENT_MODE_ISO_SIMV_PC_8PS_6ACAP"/></concept></include></compose></ValueSet>