<?xml version="1.0" encoding="UTF-8"?><ValueSet xmlns="http://hl7.org/fhir"><id value="t-cabs-valueset-Beatmungsmodus"/><text><status value="generated"/><div xmlns="http://www.w3.org/1999/xhtml"><p class="res-header-id"><b>Generated Narrative: ValueSet t-cabs-valueset-Beatmungsmodus</b></p><a name="t-cabs-valueset-Beatmungsmodus"> </a><a name="hct-cabs-valueset-Beatmungsmodus"> </a><a name="t-cabs-valueset-Beatmungsmodus-en-US"> </a><ul><li>Include these codes as defined in <a href="http://terminology.hl7.org/5.0.0/CodeSystem-v3-mdc.html"><code>urn:iso:std:iso:11073:10101</code></a><table class="none"><tr><td style="white-space:nowrap"><b>Code</b></td><td><b>Display</b></td></tr><tr><td>475172</td><td>Pressure Control</td></tr><tr><td>475147</td><td>PC: Pressure Control, AC: Assist Control — Assist-controlled, pressure-controlled ventilation with backup respiratory rate, allowing spontaneous breathing during the entire respiratory cycle. May include selectable adjuncts.</td></tr><tr><td>475148</td><td>PC: Pressure Control, AC: Assist Control — Assist-controlled, pressure-controlled ventilation with backup respiratory rate, with tidal volume target and pressure regulation, allowing spontaneous breathing during the entire respiratory cycle. May include selectable adjuncts.</td></tr><tr><td>475154</td><td>PC: Pressure Control, PSV: Pressure Support Ventilation — Pressure-controlled, triggered ventilation with expiratory synchronization and backup respiratory rate. May include selectable adjuncts.</td></tr><tr><td>475197</td><td>BiLevel Airway Pressure Ventilation</td></tr><tr><td>475201</td><td>Volume Control Ventilation</td></tr></table></li></ul></div></text><url value="http://t-cabs.org/ValueSet/t-cabs-valueset-Beatmungsmodus"/><version value="0.1.0"/><name value="T_CABS_ValueSet_Beatmungsmodus"/><title value="T-CABS ValueSet Beatmungsmodus"/><status value="draft"/><date value="2025-03-25T16:42:03+01:00"/><publisher value="BIH-CEI"/><contact><name value="BIH-CEI"/><telecom><system value="url"/><value value="http://example.org/example-publisher"/></telecom></contact><description value="Dieses ValueSet erhält Codes um die verschiedenen Beatmungsmodis abzubilden"/><compose><include><system value="urn:iso:std:iso:11073:10101"/><concept><code value="475172"/><display value="Pressure Control"/></concept><concept><code value="475147"/><display value="PC: Pressure Control, AC: Assist Control — Assist-controlled, pressure-controlled ventilation with backup respiratory rate, allowing spontaneous breathing during the entire respiratory cycle. May include selectable adjuncts."/></concept><concept><code value="475148"/><display value="PC: Pressure Control, AC: Assist Control — Assist-controlled, pressure-controlled ventilation with backup respiratory rate, with tidal volume target and pressure regulation, allowing spontaneous breathing during the entire respiratory cycle. May include selectable adjuncts."/></concept><concept><code value="475154"/><display value="PC: Pressure Control, PSV: Pressure Support Ventilation — Pressure-controlled, triggered ventilation with expiratory synchronization and backup respiratory rate. May include selectable adjuncts."/></concept><concept><code value="475197"/><display value="BiLevel Airway Pressure Ventilation"/></concept><concept><code value="475201"/><display value="Volume Control Ventilation"/></concept></include></compose></ValueSet>