<?xml version="1.0" encoding="UTF-8"?>

<Device xmlns="http://hl7.org/fhir">
  <id value="beispiel-beatmungsgeraet-resmed"/>
  <meta>
    <profile value="http://t-cabs.org/StructureDefinition/t-cabs-device-mds-beatmungsgeraet"/>
  </meta>
  <text>
    <status value="extensions"/><div xmlns="http://www.w3.org/1999/xhtml"><p class="res-header-id"><b>Generated Narrative: Device beispiel-beatmungsgeraet-resmed</b></p><a name="beispiel-beatmungsgeraet-resmed"> </a><a name="hcbeispiel-beatmungsgeraet-resmed"> </a><div style="display: inline-block; background-color: #d9e0e7; padding: 6px; margin: 4px; border: 1px solid #8da1b4; border-radius: 5px; line-height: 60%"><p style="margin-bottom: 0px"/><p style="margin-bottom: 0px">Profile: <a href="StructureDefinition-t-cabs-device-mds-beatmungsgeraet.html">T-CABS Device MDS Heimbeatmungsgerät</a></p></div><p><b>Operating hours extension</b>: 6500</p><p><b>identifier</b>: UDI/RESMED-STELLAR150-54321</p><p><b>manufacturer</b>: ResMed</p><p><b>serialNumber</b>: STELLAR150-SN-901234</p><h3>DeviceNames</h3><table class="grid"><tr><td style="display: none">-</td><td><b>Name</b></td><td><b>Type</b></td></tr><tr><td style="display: none">*</td><td>Stellar150</td><td>Model name</td></tr></table><p><b>type</b>: <span title="Codes:{urn:iso:std:iso:11073:10101 70001}">MDC_DEV_SYS_PT_VENT_MDS</span></p><p><b>patient</b>: <a href="Patient-tcabs-patient-example.html">Max Mustermann (official) Male, DoB: 1980-01-15 ( Medical record number)</a></p><p><b>owner</b>: <a href="Organization-beispiel-provider-vivisol.html">Organization Vivisol Deutschland GmbH</a></p></div>
  </text>
  <extension url="http://hl7.org/fhir/uv/pocd/StructureDefinition/operating-hours">
    <valueUnsignedInt value="6500"/>
  </extension>
  <identifier>
    <type>
      <coding>
        <code value="UDI"/>
      </coding>
    </type>
    <value value="RESMED-STELLAR150-54321"/>
  </identifier>
  <manufacturer value="ResMed"/>
  <serialNumber value="STELLAR150-SN-901234"/>
  <deviceName>
    <name value="Stellar150"/>
    <type value="model-name"/>
  </deviceName>
  <type>
    <coding>
      <system value="urn:iso:std:iso:11073:10101"/>
      <code value="70001"/>
      <display value="MDC_DEV_SYS_PT_VENT_MDS"/>
    </coding>
  </type>
  <patient>
    <reference value="Patient/tcabs-patient-example"/>
  </patient>
  <owner>
    <reference value="Organization/beispiel-provider-vivisol"/>
  </owner>
</Device>