<?xml version="1.0" encoding="UTF-8"?>

<DeviceMetric xmlns="http://hl7.org/fhir">
  <id value="beispiel-devicemetric-breas-targetvolume"/>
  <meta>
    <profile value="http://t-cabs.org/StructureDefinition/t-cabs-devicemetric-numericmetric"/>
  </meta>
  <text>
    <status value="generated"/><div xmlns="http://www.w3.org/1999/xhtml"><p class="res-header-id"><b>Generated Narrative: DeviceMetric beispiel-devicemetric-breas-targetvolume</b></p><a name="beispiel-devicemetric-breas-targetvolume"> </a><a name="hcbeispiel-devicemetric-breas-targetvolume"> </a><div style="display: inline-block; background-color: #d9e0e7; padding: 6px; margin: 4px; border: 1px solid #8da1b4; border-radius: 5px; line-height: 60%"><p style="margin-bottom: 0px"/><p style="margin-bottom: 0px">Profile: <a href="StructureDefinition-t-cabs-devicemetric-numericmetric.html">T-CABS DeviceMetric NumericMetric</a></p></div><p><b>identifier</b>: <code>http://tcabs.example.org/device-metric</code>/DM-BREAS-TGTVOL-001</p><p><b>type</b>: <span title="Codes:{urn:iso:std:iso:11073:10101 153212}">MDC_VENT_VOL_TIDAL_TARGET_AUTO</span></p><p><b>unit</b>: <span title="Codes:{http://unitsofmeasure.org mL}">mL</span></p><p><b>source</b>: <a href="Device-beispiel-beatmungsgeraet-breas.html">Device: extension = 8760; identifier = UDI; manufacturer = BREAS Medical; serialNumber = VIVO45-SN-789012; type = MDC_DEV_SYS_PT_VENT_MDS</a></p><p><b>parent</b>: <a href="Device-beispiel-channel-breas-targetvolume.html">Device: identifier = http://tcabs.example.org/device-channel#CHAN-BREAS-TGTVOL-001; type = MDC_DEV_SYS_PT_VENT_CHAN</a></p><p><b>operationalStatus</b>: On</p><p><b>color</b>: pink</p><p><b>category</b>: Setting</p><p><b>measurementPeriod</b>: Once per 10 minutes</p><h3>Calibrations</h3><table class="grid"><tr><td style="display: none">-</td><td><b>Type</b></td><td><b>State</b></td></tr><tr><td style="display: none">*</td><td>Gain</td><td>Calibrated</td></tr></table></div>
  </text>
  <identifier>
    <system value="http://tcabs.example.org/device-metric"/>
    <value value="DM-BREAS-TGTVOL-001"/>
  </identifier>
  <type>
    <coding>
      <system value="urn:iso:std:iso:11073:10101"/>
      <code value="153212"/>
      <display value="MDC_VENT_VOL_TIDAL_TARGET_AUTO"/>
    </coding>
  </type>
  <unit>
    <coding>
      <system value="http://unitsofmeasure.org"/>
      <code value="mL"/>
      <display value="mL"/>
    </coding>
  </unit>
  <source>
    <reference value="Device/beispiel-beatmungsgeraet-breas"/>
  </source>
  <parent>
    <reference value="Device/beispiel-channel-breas-targetvolume"/>
  </parent>
  <operationalStatus value="on"/>
  <color value="pink"/>
  <category value="setting"/>
  <measurementPeriod>
    <repeat>
      <frequency value="1"/>
      <period value="10"/>
      <periodUnit value="min"/>
    </repeat>
  </measurementPeriod>
  <calibration>
    <type value="gain"/>
    <state value="calibrated"/>
  </calibration>
</DeviceMetric>