<?xml version="1.0" encoding="UTF-8"?>

<DeviceMetric xmlns="http://hl7.org/fhir">
  <id value="beispiel-devicemetric-resmed-atemfrequenz"/>
  <meta>
    <profile value="http://t-cabs.org/StructureDefinition/t-cabs-devicemetric-numericmetric"/>
  </meta>
  <text>
    <status value="generated"/><div xmlns="http://www.w3.org/1999/xhtml"><p class="res-header-id"><b>Generated Narrative: DeviceMetric beispiel-devicemetric-resmed-atemfrequenz</b></p><a name="beispiel-devicemetric-resmed-atemfrequenz"> </a><a name="hcbeispiel-devicemetric-resmed-atemfrequenz"> </a><div style="display: inline-block; background-color: #d9e0e7; padding: 6px; margin: 4px; border: 1px solid #8da1b4; border-radius: 5px; line-height: 60%"><p style="margin-bottom: 0px"/><p style="margin-bottom: 0px">Profile: <a href="StructureDefinition-t-cabs-devicemetric-numericmetric.html">T-CABS DeviceMetric NumericMetric</a></p></div><p><b>identifier</b>: <code>http://tcabs.example.org/device-metric</code>/DM-RESMED-ATEMFREQ-001</p><p><b>type</b>: <span title="Codes:{urn:iso:std:iso:11073:10101 151586}">MDC_VENT_RESP_RATE</span></p><p><b>unit</b>: <span title="Codes:{http://unitsofmeasure.org /min}">/min</span></p><p><b>source</b>: <a href="Device-beispiel-beatmungsgeraet-resmed.html">Device: extension = 6500; identifier = UDI; manufacturer = ResMed; serialNumber = STELLAR150-SN-901234; type = MDC_DEV_SYS_PT_VENT_MDS</a></p><p><b>parent</b>: <a href="Device-beispiel-channel-resmed-atemfrequenz.html">Device: identifier = http://tcabs.example.org/device-channel#CHAN-RESMED-ATEMFREQ-001; type = MDC_DEV_ANALY_RESP_RATE_CHAN</a></p><p><b>operationalStatus</b>: On</p><p><b>color</b>: Color Cyan</p><p><b>category</b>: Measurement</p><p><b>measurementPeriod</b>: Once per 1 minute</p><h3>Calibrations</h3><table class="grid"><tr><td style="display: none">-</td><td><b>Type</b></td><td><b>State</b></td></tr><tr><td style="display: none">*</td><td>Gain</td><td>Calibrated</td></tr></table></div>
  </text>
  <identifier>
    <system value="http://tcabs.example.org/device-metric"/>
    <value value="DM-RESMED-ATEMFREQ-001"/>
  </identifier>
  <type>
    <coding>
      <system value="urn:iso:std:iso:11073:10101"/>
      <code value="151586"/>
      <display value="MDC_VENT_RESP_RATE"/>
    </coding>
  </type>
  <unit>
    <coding>
      <system value="http://unitsofmeasure.org"/>
      <code value="/min"/>
      <display value="/min"/>
    </coding>
  </unit>
  <source>
    <reference value="Device/beispiel-beatmungsgeraet-resmed"/>
  </source>
  <parent>
    <reference value="Device/beispiel-channel-resmed-atemfrequenz"/>
  </parent>
  <operationalStatus value="on"/>
  <color value="cyan"/>
  <category value="measurement"/>
  <measurementPeriod>
    <repeat>
      <frequency value="1"/>
      <period value="1"/>
      <periodUnit value="min"/>
    </repeat>
  </measurementPeriod>
  <calibration>
    <type value="gain"/>
    <state value="calibrated"/>
  </calibration>
</DeviceMetric>