<?xml version="1.0" encoding="UTF-8"?>

<Observation xmlns="http://hl7.org/fhir">
  <id value="Example-Atemfrequenz-ResMed-gemessen"/>
  <meta>
    <profile value="http://t-cabs.org/StructureDefinition/t-cabs-observation-atemfrequenz-beatmet"/>
  </meta>
  <text>
    <status value="generated"/><div xmlns="http://www.w3.org/1999/xhtml"><p class="res-header-id"><b>Generated Narrative: Observation Example-Atemfrequenz-ResMed-gemessen</b></p><a name="Example-Atemfrequenz-ResMed-gemessen"> </a><a name="hcExample-Atemfrequenz-ResMed-gemessen"> </a><div style="display: inline-block; background-color: #d9e0e7; padding: 6px; margin: 4px; border: 1px solid #8da1b4; border-radius: 5px; line-height: 60%"><p style="margin-bottom: 0px"/><p style="margin-bottom: 0px">Profile: <a href="StructureDefinition-t-cabs-observation-atemfrequenz-beatmet.html">T-CABS Observation Respiratory Rate Ventilated</a></p></div><p><b>partOf</b>: <a href="Procedure-beispiel-beatmung-resmed.html">Procedure MDC_PRESS_AWAY_CTS_POS</a></p><p><b>status</b>: Final</p><p><b>code</b>: <span title="Codes:{urn:iso:std:iso:11073:10101 151586}">MDC_VENT_RESP_RATE</span></p><p><b>subject</b>: <a href="Patient-tcabs-patient-example.html">Max Mustermann (official) Male, DoB: 1980-01-15 ( Medical record number)</a></p><p><b>effective</b>: 2024-01-15 23:20:00+0000 --&gt; 2024-01-15 23:20:00+0000</p><p><b>value</b>: 14 /min<span style="background: LightGoldenRodYellow"> (Details: UCUM  code/min = '/min')</span></p><p><b>device</b>: <a href="DeviceMetric-beispiel-devicemetric-resmed-atemfrequenz.html">DeviceMetric: identifier = http://tcabs.example.org/device-metric#DM-RESMED-ATEMFREQ-001; type = MDC_VENT_RESP_RATE; unit = /min; operationalStatus = on; color = cyan; category = measurement; measurementPeriod = Once per 1 minute</a></p></div>
  </text>
  <partOf>
    <reference value="Procedure/beispiel-beatmung-resmed"/>
  </partOf>
  <status value="final"/>
  <code>
    <coding>
      <system value="urn:iso:std:iso:11073:10101"/>
      <code value="151586"/>
      <display value="MDC_VENT_RESP_RATE"/>
    </coding>
  </code>
  <subject>
    <reference value="Patient/tcabs-patient-example"/>
  </subject>
  <effectivePeriod>
    <start value="2024-01-15T23:20:00Z"/>
    <end value="2024-01-15T23:20:00Z"/>
  </effectivePeriod>
  <valueQuantity>
    <value value="14"/>
    <unit value="/min"/>
    <system value="http://unitsofmeasure.org"/>
    <code value="/min"/>
  </valueQuantity>
  <device>
    <reference value="DeviceMetric/beispiel-devicemetric-resmed-atemfrequenz"/>
  </device>
</Observation>