<?xml version="1.0" encoding="UTF-8"?>

<Observation xmlns="http://hl7.org/fhir">
  <id value="maximalInspiratoryPressure-eingestellt-beispiel-breas"/>
  <meta>
    <profile value="https://www.medizininformatik-initiative.de/fhir/ext/modul-icu/StructureDefinition/maximaler-beatmungsdruck"/>
  </meta>
  <text>
    <status value="generated"/><div xmlns="http://www.w3.org/1999/xhtml"><p class="res-header-id"><b>Generated Narrative: Observation maximalInspiratoryPressure-eingestellt-beispiel-breas</b></p><a name="maximalInspiratoryPressure-eingestellt-beispiel-breas"> </a><a name="hcmaximalInspiratoryPressure-eingestellt-beispiel-breas"> </a><a name="maximalInspiratoryPressure-eingestellt-beispiel-breas-en-US"> </a><div style="display: inline-block; background-color: #d9e0e7; padding: 6px; margin: 4px; border: 1px solid #8da1b4; border-radius: 5px; line-height: 60%"><p style="margin-bottom: 0px"/><p style="margin-bottom: 0px">Profile: <a href="https://simplifier.net/resolve?scope=de.medizininformatikinitiative.kerndatensatz.icu@2025.0.4&amp;canonical=https://www.medizininformatik-initiative.de/fhir/ext/modul-icu/StructureDefinition/maximaler-beatmungsdruck">SD MII ICU Maximaler Beatmungsdruck</a></p></div><p><b>identifier</b>: 8</p><p><b>partOf</b>: <a href="Procedure-procedure-PSV-123.html">Procedure Pressure support ventilation (regime/therapy)</a></p><p><b>status</b>: Final</p><p><b>category</b>: <span title="Codes:{http://snomed.info/sct 40617009}">Artificial ventilation (regime/therapy)</span></p><p><b>code</b>: <span title="Codes:{http://snomed.info/sct 27913002}, {http://loinc.org 76531-3}, {urn:iso:std:iso:11073:10101 151973}">Maximum inspiratory pressure (observable entity)</span></p><p><b>subject</b>: <a href="Patient-patient-98219fce-813a-41f2-94ff-861d59b89715.html">PatFN-1496 PatLN-1496 (official) (no stated gender), DoB: 1950-02-17 ( Medical record number)</a></p><p><b>effective</b>: 2022-07-15 00:00:00+0100 --&gt; 2022-07-21 00:00:00+0100</p><p><b>value</b>: 30 cm[H2O]<span style="background: LightGoldenRodYellow"> (Details: UCUM  codecm[H2O] = 'cm[H2O]')</span></p><p><b>device</b>: <a href="DeviceMetric-deviceMetric-eingestellt-beispiel-breas.html">DeviceMetric: type = Artificial ventilation (regime/therapy); category = setting</a></p></div>
  </text>
  <identifier>
    <value value="8"/>
  </identifier>
  <partOf>
    <reference value="Procedure/procedure-PSV-123"/>
  </partOf>
  <status value="final"/>
  <category>
    <coding>
      <system value="http://snomed.info/sct"/>
      <code value="40617009"/>
      <display value="Artificial ventilation (regime/therapy)"/>
    </coding>
  </category>
  <code>
    <coding>
      <system value="http://snomed.info/sct"/>
      <code value="27913002"/>
      <display value="Maximum inspiratory pressure (observable entity)"/>
    </coding>
    <coding>
      <system value="http://loinc.org"/>
      <code value="76531-3"/>
      <display value="Pressure.max Respiratory system airway --on ventilator"/>
    </coding>
    <coding>
      <system value="urn:iso:std:iso:11073:10101"/>
      <code value="151973"/>
      <display value="Pressure.max Respiratory system airway --on ventilator"/>
    </coding>
  </code>
  <subject>
    <reference value="Patient/patient-98219fce-813a-41f2-94ff-861d59b89715"/>
  </subject>
  <effectivePeriod>
    <start value="2022-07-15T00:00:00+01:00"/>
    <end value="2022-07-21T00:00:00+01:00"/>
  </effectivePeriod>
  <valueQuantity>
    <value value="30"/>
    <system value="http://unitsofmeasure.org"/>
    <code value="cm[H2O]"/>
  </valueQuantity>
  <device>
    <reference value="DeviceMetric/deviceMetric-eingestellt-beispiel-breas"/>
  </device>
</Observation>