<?xml version="1.0" encoding="UTF-8"?>

<Observation xmlns="http://hl7.org/fhir">
  <id value="Example-PEEP-Loewenstein"/>
  <meta>
    <profile value="http://t-cabs.org/StructureDefinition/t-cabs-observation-peep"/>
  </meta>
  <text>
    <status value="generated"/><div xmlns="http://www.w3.org/1999/xhtml"><p class="res-header-id"><b>Generated Narrative: Observation Example-PEEP-Loewenstein</b></p><a name="Example-PEEP-Loewenstein"> </a><a name="hcExample-PEEP-Loewenstein"> </a><div style="display: inline-block; background-color: #d9e0e7; padding: 6px; margin: 4px; border: 1px solid #8da1b4; border-radius: 5px; line-height: 60%"><p style="margin-bottom: 0px"/><p style="margin-bottom: 0px">Profile: <a href="StructureDefinition-t-cabs-observation-peep.html">T-CABS Observation PEEP</a></p></div><p><b>partOf</b>: <a href="Procedure-beispiel-beatmung-loewenstein.html">Procedure MDC_VENT_MODE_ISO_CSV_PS_6ACAP_012_015</a></p><p><b>status</b>: Final</p><p><b>code</b>: <span title="Codes:{urn:iso:std:iso:11073:10101 152720}">MDC_VENT_PRESS_AWAY_DELTA</span></p><p><b>subject</b>: <a href="Patient-tcabs-patient-example.html">Max Mustermann (official) Male, DoB: 1980-01-15 ( Medical record number)</a></p><p><b>effective</b>: 2024-01-15 23:35:00+0000 --&gt; 2024-01-15 23:35:00+0000</p><p><b>value</b>: 18 mbar<span style="background: LightGoldenRodYellow"> (Details: UCUM  codembar = 'mbar')</span></p><p><b>device</b>: <a href="DeviceMetric-beispiel-devicemetric-loewenstein-peep.html">DeviceMetric: identifier = http://tcabs.example.org/device-metric#DM-LOEW-PEEP-001; type = MDC_VENT_PRESS_AWAY_DELTA; unit = mbar; operationalStatus = on; color = magenta; category = calculation; measurementPeriod = Once per 1 minute</a></p></div>
  </text>
  <partOf>
    <reference value="Procedure/beispiel-beatmung-loewenstein"/>
  </partOf>
  <status value="final"/>
  <code>
    <coding>
      <system value="urn:iso:std:iso:11073:10101"/>
      <code value="152720"/>
      <display value="MDC_VENT_PRESS_AWAY_DELTA"/>
    </coding>
  </code>
  <subject>
    <reference value="Patient/tcabs-patient-example"/>
  </subject>
  <effectivePeriod>
    <start value="2024-01-15T23:35:00Z"/>
    <end value="2024-01-15T23:35:00Z"/>
  </effectivePeriod>
  <valueQuantity>
    <value value="18"/>
    <unit value="mbar"/>
    <system value="http://unitsofmeasure.org"/>
    <code value="mbar"/>
  </valueQuantity>
  <device>
    <reference value="DeviceMetric/beispiel-devicemetric-loewenstein-peep"/>
  </device>
</Observation>