<?xml version="1.0" encoding="UTF-8"?>

<Observation xmlns="http://hl7.org/fhir">
  <id value="Example-TCABS-Observation-SPO2"/>
  <meta>
    <profile value="http://t-cabs.org/StructureDefinition/t-cabs-observation-spo2"/>
  </meta>
  <text>
    <status value="generated"/><div xmlns="http://www.w3.org/1999/xhtml"><p class="res-header-id"><b>Generated Narrative: Observation Example-TCABS-Observation-SPO2</b></p><a name="Example-TCABS-Observation-SPO2"> </a><a name="hcExample-TCABS-Observation-SPO2"> </a><a name="Example-TCABS-Observation-SPO2-en-US"> </a><div style="display: inline-block; background-color: #d9e0e7; padding: 6px; margin: 4px; border: 1px solid #8da1b4; border-radius: 5px; line-height: 60%"><p style="margin-bottom: 0px"/><p style="margin-bottom: 0px">Profile: <a href="StructureDefinition-t-cabs-observation-spo2.html">T-CABS Observation SPO2</a></p></div><p><b>status</b>: Final</p><p><b>category</b>: <span title="Codes:{http://terminology.hl7.org/CodeSystem/observation-category vital-signs}">Vital Signs</span></p><p><b>code</b>: <span title="Codes:{http://snomed.info/sct 442476006}, {http://loinc.org 2708-6}, {urn:iso:std:iso:11073:10101 150324}, {http://loinc.org 59408-5}">Arterial oxygen saturation (observable entity)</span></p><p><b>subject</b>: <a href="https://simplifier.net/resolve?scope=de.medizininformatikinitiative.kerndatensatz.icu@2025.0.4&amp;canonical=http://fhir.org/packages/de.medizininformatikinitiative.kerndatensatz.icu/Patient/111">Patient/111</a></p><p><b>effective</b>: 2019-12-23 08:30:10+0000 --&gt; 2019-12-23 09:30:10+0000</p><p><b>value</b>: 98 percent<span style="background: LightGoldenRodYellow"> (Details: UCUM  code% = '%')</span></p><p><b>bodySite</b>: <span title="Codes:{http://snomed.info/sct 11527006}">Arterial system structure (body structure)</span></p></div>
  </text>
  <status value="final"/>
  <category>
    <coding>
      <system value="http://terminology.hl7.org/CodeSystem/observation-category"/>
      <code value="vital-signs"/>
    </coding>
  </category>
  <code>
    <coding>
      <system value="http://snomed.info/sct"/>
      <code value="442476006"/>
      <display value="Arterial oxygen saturation (observable entity)"/>
    </coding>
    <coding>
      <system value="http://loinc.org"/>
      <code value="2708-6"/>
      <display value="Oxygen saturation in Arterial blood by Pulse oximetry"/>
    </coding>
    <coding>
      <system value="urn:iso:std:iso:11073:10101"/>
      <code value="150324"/>
    </coding>
    <coding>
      <system value="http://loinc.org"/>
      <code value="59408-5"/>
    </coding>
  </code>
  <subject>
    <reference value="Patient/111"/>
  </subject>
  <effectivePeriod>
    <start value="2019-12-23T08:30:10Z"/>
    <end value="2019-12-23T09:30:10Z"/>
  </effectivePeriod>
  <valueQuantity>
    <value value="98"/>
    <unit value="percent"/>
    <system value="http://unitsofmeasure.org"/>
    <code value="%"/>
  </valueQuantity>
  <bodySite>
    <coding>
      <system value="http://snomed.info/sct"/>
      <code value="11527006"/>
      <display value="Arterial system structure (body structure)"/>
    </coding>
  </bodySite>
</Observation>