<?xml version="1.0" encoding="UTF-8"?>

<Procedure xmlns="http://hl7.org/fhir">
  <id value="procedure-Bilevel-123"/>
  <meta>
    <profile value="https://www.medizininformatik-initiative.de/fhir/ext/modul-icu/StructureDefinition/beatmung"/>
  </meta>
  <text>
    <status value="generated"/><div xmlns="http://www.w3.org/1999/xhtml"><p class="res-header-id"><b>Generated Narrative: Procedure procedure-Bilevel-123</b></p><a name="procedure-Bilevel-123"> </a><a name="hcprocedure-Bilevel-123"> </a><a name="procedure-Bilevel-123-en-US"> </a><div style="display: inline-block; background-color: #d9e0e7; padding: 6px; margin: 4px; border: 1px solid #8da1b4; border-radius: 5px; line-height: 60%"><p style="margin-bottom: 0px"/><p style="margin-bottom: 0px">Profile: <a href="https://simplifier.net/resolve?scope=de.medizininformatikinitiative.kerndatensatz.icu@2025.0.2&amp;canonical=https://www.medizininformatik-initiative.de/fhir/ext/modul-icu/StructureDefinition/beatmung">SD MII ICU Beatmung</a></p></div><p><b>status</b>: In Progress</p><p><b>category</b>: <span title="Codes:{http://snomed.info/sct 40617009}">Artificial ventilation (regime/therapy)</span></p><p><b>code</b>: <span title="Codes:{http://snomed.info/sct 1186618000}">Bilevel artificial ventilation (regime/therapy)</span></p><p><b>subject</b>: <a href="Patient-patient-123456.html">John Doe (official) (no stated gender), DoB: 1944-04-11 ( Medical record number)</a></p><p><b>performed</b>: 2021-12-28 13:40:00+0100 --&gt; (ongoing)</p></div>
  </text>
  <status value="in-progress"/>
  <category>
    <coding>
      <system value="http://snomed.info/sct"/>
      <code value="40617009"/>
      <display value="Artificial ventilation (regime/therapy)"/>
    </coding>
  </category>
  <code>
    <coding>
      <system value="http://snomed.info/sct"/>
      <code value="1186618000"/>
      <display value="Bilevel artificial ventilation (regime/therapy)"/>
    </coding>
  </code>
  <subject>
    <reference value="Patient/patient-123456"/>
  </subject>
  <performedPeriod>
    <start value="2021-12-28T13:40:00+01:00"/>
  </performedPeriod>
</Procedure>