[
  {
    "id" : "t-cabs",
    "type" : "ImplementationGuide",
    "url" : "http://t-cabs.org/ImplementationGuide/t-cabs",
    "version" : "0.1.0",
    "name" : "TCABS"
  },
  {
    "id" : "t-cabs-communication-alarm",
    "type" : "StructureDefinition",
    "url" : "http://t-cabs.org/StructureDefinition/t-cabs-communication-alarm",
    "version" : "0.1.0",
    "name" : "T_CABS_Communication_Alarm"
  },
  {
    "id" : "t-cabs-communication-atemfrequenz-high-alarm",
    "type" : "StructureDefinition",
    "url" : "http://t-cabs.org/StructureDefinition/t-cabs-communication-atemfrequenz-high-alarm",
    "version" : "0.1.0",
    "name" : "T_CABS_Communication_AtemfrequenzHighAlarm"
  },
  {
    "id" : "t-cabs-communication-atemfrequenz-low-alarm",
    "type" : "StructureDefinition",
    "url" : "http://t-cabs.org/StructureDefinition/t-cabs-communication-atemfrequenz-low-alarm",
    "version" : "0.1.0",
    "name" : "T_CABS_Communication_AtemfrequenzLowAlarm"
  },
  {
    "id" : "t-cabs-communication-diskonnektion-alarm",
    "type" : "StructureDefinition",
    "url" : "http://t-cabs.org/StructureDefinition/t-cabs-communication-diskonnektion-alarm",
    "version" : "0.1.0",
    "name" : "T_CABS_Communication_DiskonnektionAlarm"
  },
  {
    "id" : "t-cabs-device-beatmungsgeraet",
    "type" : "StructureDefinition",
    "url" : "http://t-cabs.org/StructureDefinition/t-cabs-device-beatmungsgeraet",
    "version" : "0.1.0",
    "name" : "T_CABS_Device_Beatmungsgeraet"
  },
  {
    "id" : "t-cabs-devicemetric-eingestellter-gemessener-parameter",
    "type" : "StructureDefinition",
    "url" : "http://t-cabs.org/StructureDefinition/t-cabs-devicemetric-eingestellter-gemessener-parameter",
    "version" : "0.1.0",
    "name" : "T_CABS_DeviceMetric_Eingestellter_Gemessener_Parameter"
  },
  {
    "id" : "t-cabs-observation-af",
    "type" : "StructureDefinition",
    "url" : "http://t-cabs.org/StructureDefinition/t-cabs-observation-af",
    "version" : "0.1.0",
    "name" : "T_CABS_Observation_AF"
  },
  {
    "id" : "t-cabs-observation-ahi",
    "type" : "StructureDefinition",
    "url" : "http://t-cabs.org/StructureDefinition/t-cabs-observation-ahi",
    "version" : "0.1.0",
    "name" : "T_CABS_Observation_AHI"
  },
  {
    "id" : "t-cabs-observation-amv",
    "type" : "StructureDefinition",
    "url" : "http://t-cabs.org/StructureDefinition/t-cabs-observation-amv",
    "version" : "0.1.0",
    "name" : "T_CABS_Observation_AMV"
  },
  {
    "id" : "t-cabs-observation-beatmungsstunden",
    "type" : "StructureDefinition",
    "url" : "http://t-cabs.org/StructureDefinition/t-cabs-observation-beatmungsstunden",
    "version" : "0.1.0",
    "name" : "T_CABS_Observation_Beatmungsstunden"
  },
  {
    "id" : "t-cabs-observation-leckage",
    "type" : "StructureDefinition",
    "url" : "http://t-cabs.org/StructureDefinition/t-cabs-observation-leckage",
    "version" : "0.1.0",
    "name" : "T_CABS_Observation_Leckage"
  },
  {
    "id" : "t-cabs-observation-triggeredbreaths",
    "type" : "StructureDefinition",
    "url" : "http://t-cabs.org/StructureDefinition/t-cabs-observation-triggeredbreaths",
    "version" : "0.1.0",
    "name" : "T_CABS_Observation_TriggeredBreaths"
  },
  {
    "id" : "t-cabs-procedure-beatmung",
    "type" : "StructureDefinition",
    "url" : "http://t-cabs.org/StructureDefinition/t-cabs-procedure-beatmung",
    "version" : "0.1.0",
    "name" : "T_CABS_Procedure_Beatmung"
  },
  {
    "id" : "t-cabs-valueset-Beatmungsmodus",
    "type" : "ValueSet",
    "url" : "http://t-cabs.org/ValueSet/t-cabs-valueset-Beatmungsmodus",
    "version" : "0.1.0",
    "name" : "T_CABS_ValueSet_Beatmungsmodus"
  }
]
