{
  "codeSystems" : [
    {
      "url" : "http://fhir.de/CodeSystem/bfarm/ops",
      "version" : null,
      "status" : "active",
      "name" : "OPS",
      "title" : "OPS",
      "description" : "OPS Platzhalter-CodeSystem",
      "uses" : {
      },
      "https://simplifier.net/resolve?scope=de.gematik.isik-vitalparameter@4.0.0&canonical=http://fhir.de/ValueSet/bfarm/ops" : "OPS ValueSet"
    },
    {
      "url" : "http://fhir.de/CodeSystem/gender-amtlich-de",
      "version" : "1.5.0",
      "status" : "active",
      "name" : "GenderAmtlichDE",
      "title" : "amtliches Geschlecht",
      "description" : "Codes zur Erfassung des amtlichen Geschlechts auf Basis der Spezifikationen \"XPersonenstand - Elektronische Datenübermittlung im Personenstandswesen\" und \"Kassenärztliche Vereinigung-Datentransfer\" der KBV",
      "uses" : {
      },
      "https://simplifier.net/resolve?scope=de.gematik.isik-vitalparameter@4.0.0&canonical=http://fhir.de/ValueSet/gender-other-de" : "GenderOtherDE ValueSet"
    },
    {
      "url" : "http://fhir.de/CodeSystem/identifier-type-de-basis",
      "version" : "1.5.0",
      "status" : "active",
      "name" : "IdentifierTypeDeBasis",
      "title" : "Identifier Type De Basis",
      "description" : "Liste der Identfikatorentypen des deutschen Basisprofils welche die Standardtypen ergänzen.",
      "uses" : {
      },
      "https://simplifier.net/resolve?scope=de.gematik.isik-vitalparameter@4.0.0&canonical=http://fhir.de/ValueSet/identifier-type-de-basis" : "Identifier Type DeBasis ValueSet"
    },
    {
      "url" : "http://hl7.org/fhir/address-type",
      "version" : "4.0.1",
      "status" : "active",
      "name" : "AddressType",
      "title" : "AddressType",
      "description" : "The type of an address (physical / postal).",
      "oids" : ["2.16.840.1.113883.4.642.4.70"],
      "uses" : {
      },
      "http://hl7.org/fhir/R4/valueset-address-type.html" : "AddressType"
    },
    {
      "url" : "http://hl7.org/fhir/address-use",
      "version" : "4.0.1",
      "status" : "active",
      "name" : "AddressUse",
      "title" : "AddressUse",
      "description" : "The use of an address.",
      "oids" : ["2.16.840.1.113883.4.642.4.68"],
      "uses" : {
      },
      "http://hl7.org/fhir/R4/valueset-address-use.html" : "AddressUse"
    },
    {
      "url" : "http://hl7.org/fhir/administrative-gender",
      "version" : "4.0.1",
      "status" : "active",
      "name" : "AdministrativeGender",
      "title" : "AdministrativeGender",
      "description" : "The gender of a person used for administrative purposes.",
      "oids" : ["2.16.840.1.113883.4.642.4.2"],
      "uses" : {
      },
      "http://hl7.org/fhir/R4/valueset-administrative-gender.html" : "AdministrativeGender"
    },
    {
      "url" : "http://hl7.org/fhir/contact-point-system",
      "version" : "4.0.1",
      "status" : "active",
      "name" : "ContactPointSystem",
      "title" : "ContactPointSystem",
      "description" : "Telecommunications form for contact point.",
      "oids" : ["2.16.840.1.113883.4.642.4.72"],
      "uses" : {
      },
      "http://hl7.org/fhir/R4/valueset-contact-point-system.html" : "ContactPointSystem"
    },
    {
      "url" : "http://hl7.org/fhir/contact-point-use",
      "version" : "4.0.1",
      "status" : "active",
      "name" : "ContactPointUse",
      "title" : "ContactPointUse",
      "description" : "Use of contact point.",
      "oids" : ["2.16.840.1.113883.4.642.4.74"],
      "uses" : {
      },
      "http://hl7.org/fhir/R4/valueset-contact-point-use.html" : "ContactPointUse"
    },
    {
      "url" : "http://hl7.org/fhir/device-nametype",
      "version" : "4.0.1",
      "status" : "draft",
      "name" : "DeviceNameType",
      "title" : "DeviceNameType",
      "description" : "The type of name the device is referred by.",
      "oids" : ["2.16.840.1.113883.4.642.4.1084"],
      "uses" : {
      },
      "http://hl7.org/fhir/R4/valueset-device-nametype.html" : "DeviceNameType"
    },
    {
      "url" : "http://hl7.org/fhir/device-status",
      "version" : "4.0.1",
      "status" : "draft",
      "name" : "FHIRDeviceStatus",
      "title" : "FHIRDeviceStatus",
      "description" : "The availability status of the device.",
      "oids" : ["2.16.840.1.113883.4.642.4.210"],
      "uses" : {
      },
      "http://hl7.org/fhir/R4/valueset-device-status.html" : "FHIRDeviceStatus"
    },
    {
      "url" : "http://hl7.org/fhir/event-status",
      "version" : "4.0.1",
      "status" : "draft",
      "name" : "EventStatus",
      "title" : "EventStatus",
      "description" : "Codes identifying the lifecycle stage of an event.",
      "oids" : ["2.16.840.1.113883.4.642.4.110"],
      "uses" : {
      },
      "http://hl7.org/fhir/R4/valueset-event-status.html" : "EventStatus"
    },
    {
      "url" : "http://hl7.org/fhir/identifier-use",
      "version" : "4.0.1",
      "status" : "active",
      "name" : "IdentifierUse",
      "title" : "IdentifierUse",
      "description" : "Identifies the purpose for this identifier, if known .",
      "oids" : ["2.16.840.1.113883.4.642.4.58"],
      "uses" : {
      },
      "http://hl7.org/fhir/R4/valueset-identifier-use.html" : "IdentifierUse"
    },
    {
      "url" : "http://hl7.org/fhir/metric-calibration-state",
      "version" : "4.0.1",
      "status" : "draft",
      "name" : "DeviceMetricCalibrationState",
      "title" : "DeviceMetricCalibrationState",
      "description" : "Describes the state of a metric calibration.",
      "oids" : ["2.16.840.1.113883.4.642.4.653"],
      "uses" : {
      },
      "http://hl7.org/fhir/R4/valueset-metric-calibration-state.html" : "DeviceMetricCalibrationState"
    },
    {
      "url" : "http://hl7.org/fhir/metric-calibration-type",
      "version" : "4.0.1",
      "status" : "draft",
      "name" : "DeviceMetricCalibrationType",
      "title" : "DeviceMetricCalibrationType",
      "description" : "Describes the type of a metric calibration.",
      "oids" : ["2.16.840.1.113883.4.642.4.651"],
      "uses" : {
      },
      "http://hl7.org/fhir/R4/valueset-metric-calibration-type.html" : "DeviceMetricCalibrationType"
    },
    {
      "url" : "http://hl7.org/fhir/metric-category",
      "version" : "4.0.1",
      "status" : "draft",
      "name" : "DeviceMetricCategory",
      "title" : "DeviceMetricCategory",
      "description" : "Describes the category of the metric.",
      "oids" : ["2.16.840.1.113883.4.642.4.649"],
      "uses" : {
      },
      "http://hl7.org/fhir/R4/valueset-metric-category.html" : "DeviceMetricCategory"
    },
    {
      "url" : "http://hl7.org/fhir/metric-color",
      "version" : "4.0.1",
      "status" : "draft",
      "name" : "DeviceMetricColor",
      "title" : "DeviceMetricColor",
      "description" : "Describes the typical color of representation.",
      "oids" : ["2.16.840.1.113883.4.642.4.655"],
      "uses" : {
      },
      "http://hl7.org/fhir/R4/valueset-metric-color.html" : "DeviceMetricColor"
    },
    {
      "url" : "http://hl7.org/fhir/metric-operational-status",
      "version" : "4.0.1",
      "status" : "draft",
      "name" : "DeviceMetricOperationalStatus",
      "title" : "DeviceMetricOperationalStatus",
      "description" : "Describes the operational status of the DeviceMetric.",
      "oids" : ["2.16.840.1.113883.4.642.4.647"],
      "uses" : {
      },
      "http://hl7.org/fhir/R4/valueset-metric-operational-status.html" : "DeviceMetricOperationalStatus"
    },
    {
      "url" : "http://hl7.org/fhir/name-use",
      "version" : "4.0.1",
      "status" : "active",
      "name" : "NameUse",
      "title" : "NameUse",
      "description" : "The use of a human name.",
      "oids" : ["2.16.840.1.113883.4.642.4.66"],
      "uses" : {
      },
      "http://hl7.org/fhir/R4/valueset-name-use.html" : "NameUse"
    },
    {
      "url" : "http://hl7.org/fhir/observation-status",
      "version" : "4.0.1",
      "status" : "active",
      "name" : "ObservationStatus",
      "title" : "ObservationStatus",
      "description" : "Codes providing the status of an observation.",
      "oids" : ["2.16.840.1.113883.4.642.4.401"],
      "uses" : {
      },
      "http://hl7.org/fhir/R4/valueset-observation-status.html" : "ObservationStatus"
    },
    {
      "url" : "http://hl7.org/fhir/quantity-comparator",
      "version" : "4.0.1",
      "status" : "active",
      "name" : "QuantityComparator",
      "title" : "QuantityComparator",
      "description" : "How the Quantity should be understood and represented.",
      "oids" : ["2.16.840.1.113883.4.642.4.60"],
      "uses" : {
      },
      "http://hl7.org/fhir/R4/valueset-quantity-comparator.html" : "QuantityComparator"
    },
    {
      "url" : "http://hl7.org/fhir/request-priority",
      "version" : "4.0.1",
      "status" : "draft",
      "name" : "RequestPriority",
      "title" : "RequestPriority",
      "description" : "Identifies the level of importance to be assigned to actioning the request.",
      "oids" : ["2.16.840.1.113883.4.642.4.116"],
      "uses" : {
      },
      "http://hl7.org/fhir/R4/valueset-request-priority.html" : "Request priority"
    },
    {
      "url" : "http://hl7.org/fhir/resource-types",
      "version" : "4.0.1",
      "status" : "active",
      "name" : "ResourceType",
      "title" : "ResourceType",
      "description" : "One of the resource types defined as part of this version of FHIR.",
      "uses" : {
      },
      "http://hl7.org/fhir/R4/valueset-resource-types.html" : "ResourceType"
    },
    {
      "url" : "http://hl7.org/fhir/udi-entry-type",
      "version" : "4.0.1",
      "status" : "draft",
      "name" : "UDIEntryType",
      "title" : "UDIEntryType",
      "description" : "Codes to identify how UDI data was entered.",
      "oids" : ["2.16.840.1.113883.4.642.4.212"],
      "uses" : {
      },
      "http://hl7.org/fhir/R4/valueset-udi-entry-type.html" : "UDIEntryType"
    },
    {
      "url" : "http://loinc.org",
      "version" : "3.1.0",
      "status" : "active",
      "name" : "LOINC",
      "title" : "Logical Observation Identifiers, Names and Codes (LOINC)",
      "description" : "LOINC provides a set of universal names and ID codes for identifying laboratory and clinical test results.1,2 LOINC facilitates the exchange and pooling of results, such as blood hemoglobin, serum potassium, or vital signs, for clinical care, outcomes management, and research. LOINC's universal identifiers (names and codes) can be used in the context of order and observation exchanges between information systems that use syntax standards such as HL73, CEN TC251, ISO TC215, ASTM4, and DICOM. Specifically, the identifier can be used as the coded value for an observation in any other standard that uses the observation/observation value paradigm, whether messages, documents, application programming interface (API), etc. For example, LOINC codes are used widely in the OBX segment Observation Identifier field (OBX-3) of an ORU HL7 (HL7 version 2.x or ASTM 1238-9410) message that may be sent between a Clinical Laboratory Information Management Systems (LIMS) and Electronic Health Record Systems (EHR).5, 6 In this way, LOINC codes provide universal identifiers that allow the exchange of clinical data between heterogeneous computing environments.",
      "oids" : ["2.16.840.1.113883.6.1"],
      "uses" : {
      },
      "https://simplifier.net/resolve?scope=de.medizininformatikinitiative.kerndatensatz.icu@2025.0.4&canonical=https://www.medizininformatik-initiative.de/fhir/ext/modul-icu/ValueSet/vs-mii-icu-code-observation-beatmung-loinc" : "VS MII ICU Code Observation Beatmung [LOINC]",
      "https://simplifier.net/resolve?scope=de.gematik.isik-vitalparameter@4.0.1&canonical=https://gematik.de/fhir/isik/ValueSet/vs-mii-icu-code-monitoring-und-vitaldaten-loinc" : "VS MII ICU Code Monitoring und Vitaldaten [LOINC]",
      "http://hl7.org/fhir/R4/valueset-observation-codes.html" : "LOINC Codes"
    },
    {
      "url" : "http://snomed.info/sct",
      "version" : null,
      "status" : "active",
      "name" : "SNOMED_CT",
      "title" : "SNOMED CT (all versions)",
      "description" : "SNOMED CT is the most comprehensive and precise clinical health terminology product in the world, owned and distributed around the world by The International Health Terminology Standards Development Organisation (IHTSDO).",
      "oids" : ["2.16.840.1.113883.6.96"],
      "uses" : {
      },
      "https://simplifier.net/resolve?scope=de.gematik.isik-vitalparameter@4.0.0&canonical=http://fhir.de/ValueSet/VitalSignDE-Atemfrequenz-SNOMED-CT" : "VitalSignDE_Atemfrequenz_SNOMED_CT",
      "http://hl7.org/fhir/R4/valueset-procedure-not-performed-reason.html" : "Procedure Not Performed Reason (SNOMED-CT)",
      "https://simplifier.net/resolve?scope=de.medizininformatikinitiative.kerndatensatz.icu@2025.0.4&canonical=https://www.medizininformatik-initiative.de/fhir/ext/modul-icu/ValueSet/vs-mii-icu-category-procedure-beatmung-snomed" : "VS MII ICU Category Procedure Beatmung [SNOMED]",
      "https://simplifier.net/resolve?scope=de.medizininformatikinitiative.kerndatensatz.icu@2025.0.4&canonical=https://www.medizininformatik-initiative.de/fhir/ext/modul-icu/ValueSet/vs-mii-icu-code-observation-beatmung-snomed" : "VS MII ICU Code Observation Beatmung [SNOMED]",
      "http://hl7.org/fhir/R4/valueset-procedure-outcome.html" : "Procedure Outcome Codes (SNOMED CT)",
      "http://hl7.org/fhir/R4/valueset-performer-role.html" : "Procedure Performer Role Codes",
      "https://simplifier.net/resolve?scope=de.gematik.isik-vitalparameter@4.0.1&canonical=https://gematik.de/fhir/isik/ValueSet/vs-mii-icu-bodysite-observation-monitoring-und-vitaldaten" : "VS MII ICU BodySite Observation Monitoring und Vitaldaten",
      "http://hl7.org/fhir/R4/valueset-observation-methods.html" : "Observation Methods",
      "https://simplifier.net/resolve?scope=de.gematik.isik-vitalparameter@4.0.1&canonical=https://gematik.de/fhir/isik/ValueSet/vs-mii-icu-code-monitoring-und-vitaldaten-snomed" : "VS MII ICU Code Monitoring und Vitaldaten [sct]",
      "http://hl7.org/fhir/R4/valueset-device-type.html" : "Device Type",
      "https://simplifier.net/resolve?scope=de.medizininformatikinitiative.kerndatensatz.icu@2025.0.4&canonical=https://www.medizininformatik-initiative.de/fhir/ext/modul-icu/ValueSet/vs-mii-icu-bodysite-observation-beatmung" : "VS MII ICU BodySite Observation Beatmung",
      "http://hl7.org/fhir/R4/valueset-procedure-reason.html" : "Procedure Reason Codes",
      "http://hl7.org/fhir/R4/valueset-device-kind.html" : "FHIR Device Types",
      "http://hl7.org/fhir/R4/valueset-body-site.html" : "SNOMED CT Body Structures",
      "ValueSet-t-cabs-valueset-Beatmungsform.html" : "T-CABS ValueSet Beatmungsform",
      "http://hl7.org/fhir/R4/valueset-condition-code.html" : "Condition/Problem/Diagnosis Codes",
      "https://simplifier.net/resolve?scope=de.medizininformatikinitiative.kerndatensatz.icu@2025.0.4&canonical=http://fhir.de/ValueSet/VitalSignDE-Sauerstoffsaettigung-SNOMED-CT" : "VitalSignDE_Sauerstoffsaettigung_SNOMED_CT",
      "http://hl7.org/fhir/R4/valueset-procedure-category.html" : "Procedure Category Codes (SNOMED CT)",
      "http://hl7.org/fhir/R4/valueset-procedure-followup.html" : "Procedure Follow up Codes (SNOMED CT)",
      "https://simplifier.net/resolve?scope=de.medizininformatikinitiative.kerndatensatz.icu@2025.0.4&canonical=https://www.medizininformatik-initiative.de/fhir/ext/modul-icu/ValueSet/vs-mii-icu-code-procedure-beatmung-snomed" : "VS MII ICU Code Procedure Beatmung [SNOMED]",
      "http://hl7.org/fhir/R4/valueset-referencerange-appliesto.html" : "Observation Reference Range Applies To Codes",
      "http://hl7.org/fhir/R4/valueset-procedure-code.html" : "Procedure Codes (SNOMED CT)",
      "http://hl7.org/fhir/R4/valueset-clinical-findings.html" : "SNOMED CT Clinical Findings",
      "http://hl7.org/fhir/R4/valueset-device-action.html" : "Procedure Device Action Codes"
    },
    {
      "url" : "http://terminology.hl7.org/CodeSystem/common-tags",
      "version" : "1.0.1",
      "status" : "active",
      "name" : "CommonTags",
      "title" : "Common Tags",
      "description" : "Common Tag Codes defined by FHIR project",
      "oids" : ["2.16.840.1.113883.4.642.1.1067"],
      "uses" : {
      },
      "http://hl7.org/fhir/R4/valueset-common-tags.html" : "Common Tags"
    },
    {
      "url" : "http://terminology.hl7.org/CodeSystem/communication-category",
      "version" : "1.0.1",
      "status" : "active",
      "name" : "CommunicationCategory",
      "title" : "CommunicationCategory",
      "description" : "Codes for general categories of communications such as alerts, instructions, etc.",
      "oids" : ["2.16.840.1.113883.4.642.1.1076"],
      "uses" : {
      },
      "http://hl7.org/fhir/R4/valueset-communication-category.html" : "CommunicationCategory"
    },
    {
      "url" : "http://terminology.hl7.org/CodeSystem/communication-not-done-reason",
      "version" : "1.0.1",
      "status" : "active",
      "name" : "CommunicationNotDoneReason",
      "title" : "CommunicationNotDoneReason",
      "description" : "Codes for the reason why a communication did not happen.",
      "oids" : ["2.16.840.1.113883.4.642.1.1077"],
      "uses" : {
      },
      "http://hl7.org/fhir/R4/valueset-communication-not-done-reason.html" : "CommunicationNotDoneReason"
    },
    {
      "url" : "http://terminology.hl7.org/CodeSystem/communication-topic",
      "version" : "1.0.1",
      "status" : "active",
      "name" : "CommunicationTopic",
      "title" : "CommunicationTopic",
      "description" : "Codes describing the purpose or content of the communication.",
      "oids" : ["2.16.840.1.113883.4.642.1.1078"],
      "uses" : {
      },
      "http://hl7.org/fhir/R4/valueset-communication-topic.html" : "CommunicationTopic"
    },
    {
      "url" : "http://terminology.hl7.org/CodeSystem/data-absent-reason",
      "version" : "1.0.0",
      "status" : "active",
      "name" : "DataAbsentReason",
      "title" : "DataAbsentReason",
      "description" : "Used to specify why the normally expected content of the data element is missing.",
      "oids" : ["2.16.840.1.113883.4.642.4.1048"],
      "uses" : {
      },
      "http://hl7.org/fhir/R4/valueset-data-absent-reason.html" : "DataAbsentReason"
    },
    {
      "url" : "http://terminology.hl7.org/CodeSystem/device-status-reason",
      "version" : "1.0.0",
      "status" : "draft",
      "name" : "FHIRDeviceStatusReason",
      "title" : "FHIRDeviceStatusReason",
      "description" : "The availability status reason of the device.",
      "oids" : ["2.16.840.1.113883.4.642.1.1082"],
      "uses" : {
      },
      "http://hl7.org/fhir/R4/valueset-device-status-reason.html" : "FHIRDeviceStatusReason"
    },
    {
      "url" : "http://terminology.hl7.org/CodeSystem/observation-category",
      "version" : "1.0.1",
      "status" : "active",
      "name" : "ObservationCategoryCodes",
      "title" : "Observation Category Codes",
      "description" : "Observation Category codes.",
      "oids" : ["2.16.840.1.113883.4.642.1.1125"],
      "uses" : {
      },
      "http://hl7.org/fhir/R4/valueset-observation-category.html" : "Observation Category Codes"
    },
    {
      "url" : "http://terminology.hl7.org/CodeSystem/referencerange-meaning",
      "version" : "1.0.1",
      "status" : "active",
      "name" : "ObservationReferenceRangeMeaningCodes",
      "title" : "Observation Reference Range Meaning Codes",
      "description" : "This value set defines a set of codes that can be used to indicate the meaning/use of a reference range for a particular target population.",
      "oids" : ["2.16.840.1.113883.4.642.1.1124"],
      "uses" : {
      },
      "http://hl7.org/fhir/R4/valueset-referencerange-meaning.html" : "Observation Reference Range Meaning Codes"
    },
    {
      "url" : "http://terminology.hl7.org/CodeSystem/v2-0203",
      "version" : "4.0.0",
      "status" : "active",
      "name" : "IdentifierType",
      "title" : "identifierType",
      "description" : "HL7-defined code system of concepts specifying type of identifier. Used in HL7 Version 2.x messaging data types CX, PLN, PPN, XCN and XON.",
      "oids" : ["2.16.840.1.113883.18.108"],
      "uses" : {
      },
      "http://hl7.org/fhir/R4/valueset-identifier-type.html" : "IdentifierType",
      "https://simplifier.net/resolve?scope=de.gematik.isik-vitalparameter@4.0.0&canonical=http://fhir.de/ValueSet/identifier-type-de-basis" : "Identifier Type DeBasis ValueSet"
    },
    {
      "url" : "http://terminology.hl7.org/CodeSystem/v3-ObservationInterpretation",
      "version" : "3.0.0",
      "status" : "active",
      "name" : "ObservationInterpretation",
      "title" : "ObservationInterpretation",
      "description" : "One or more codes providing a rough qualitative interpretation of the observation, such as \"normal\" / \"abnormal\", \"low\" / \"high\", \"better\" / \"worse\", \"resistant\" / \"susceptible\", \"expected\" / \"not expected\". The value set is intended to be for ANY use where coded representation of an interpretation is needed.",
      "oids" : ["2.16.840.1.113883.5.83"],
      "uses" : {
      },
      "http://hl7.org/fhir/R4/valueset-observation-interpretation.html" : "Observation Interpretation Codes"
    },
    {
      "url" : "http://terminology.hl7.org/CodeSystem/v3-ParticipationMode",
      "version" : "4.0.0",
      "status" : "active",
      "name" : "ParticipationMode",
      "title" : "ParticipationMode",
      "description" : "A set of codes specifying the modality by which the Entity playing the Role is participating in the Act.\r\n\r\n*Examples:* Physically present, over the telephone, written communication.\r\n\r\n*Rationale:* Particularly for author (originator) participants this is used to specify whether the information represented by the act was initially provided verbally, (hand-)written, or electronically.\r\n\r\n*Open Issue:* There needs to be a reexamination of the hierarchies as there seems to be some muddling between ELECTRONIC and other concepts that involve electronic communication that are in other hierarchies.",
      "oids" : ["2.16.840.1.113883.5.1064"],
      "uses" : {
      },
      "http://terminology.hl7.org/6.2.0/ValueSet-v3-ParticipationMode.html" : "ParticipationMode"
    },
    {
      "url" : "http://unitsofmeasure.org",
      "version" : "3.0.1",
      "status" : "active",
      "name" : "UCUM",
      "title" : "Unified Code for Units of Measure (UCUM)",
      "description" : "The Unified Code for Units of Measure (UCUM) is a code system intended to include all units of measures being contemporarily used in international science, engineering, and business. The purpose is to facilitate unambiguous electronic communication of quantities together with their units. The focus is on electronic communication, as opposed to communication between humans. A typical application of The Unified Code for Units of Measure are electronic data interchange (EDI) protocols, but there is nothing that prevents it from being used in other types of machine communication.",
      "oids" : ["2.16.840.1.113883.6.8"],
      "uses" : {
      },
      "https://simplifier.net/resolve?scope=de.medizininformatikinitiative.kerndatensatz.icu@2025.0.4&canonical=https://www.medizininformatik-initiative.de/fhir/ext/modul-icu/ValueSet/vs-mii-icu-unit-equivalent-ucum-breaths-per-minute" : "VS MII ICU Unit equivalent UCUM breaths per minute",
      "https://simplifier.net/resolve?scope=de.gematik.isik-vitalparameter@4.0.0&canonical=http://fhir.de/ValueSet/UcumVitalsCommonDE" : "UCUM Vitals Common DE",
      "https://simplifier.net/resolve?scope=de.medizininformatikinitiative.kerndatensatz.icu@2025.0.4&canonical=https://www.medizininformatik-initiative.de/fhir/ext/modul-icu/ValueSet/vs-mii-icu-unit-equivalent-ucum-beats-per-minute" : "VS MII ICU Unit equivalent UCUM beats per minute"
    },
    {
      "url" : "urn:ietf:bcp:47",
      "version" : "2.0.1",
      "status" : "active",
      "name" : "Ietf3066",
      "title" : "Tags for the Identification of Languages",
      "description" : "Older value from OID registry.  Superceded; see recommendations in BCP-47.",
      "oids" : ["2.16.840.1.113883.6.121"],
      "uses" : {
      },
      "http://hl7.org/fhir/R4/valueset-languages.html" : "Common Languages"
    },
    {
      "url" : "urn:iso:std:iso:11073:10101",
      "version" : "2.0.1",
      "status" : "active",
      "name" : "Mdc",
      "title" : "ISO 11073-10101 Health informatics - Point-of-care",
      "description" : "The nomenclature relates primarily to vital signs monitoring, but also includes semantics of other medical devices that are commonly used in acute care settings. There are multiple coding partitions each of which has a systematic name consisting of a set of base concepts and differentiating criteria.",
      "oids" : ["2.16.840.1.113883.6.24"],
      "uses" : {
      },
      "https://simplifier.net/resolve?scope=de.medizininformatikinitiative.kerndatensatz.icu@2025.0.4&canonical=https://www.medizininformatik-initiative.de/fhir/ext/modul-icu/ValueSet/vs-mii-icu-code-observation-beatmung-iso11073" : "VS MII ICU Code Observation Beatmung [ISO11073]",
      "https://simplifier.net/resolve?scope=de.gematik.isik-vitalparameter@4.0.1&canonical=https://gematik.de/fhir/isik/ValueSet/vs-mii-icu-code-monitoring-und-vitaldaten-iso11073" : "VS MII ICU Code Monitoring und Vitaldaten [ISO11073]",
      "ValueSet-t-cabs-valueset-Beatmungsmodus.html" : "T-CABS ValueSet Beatmungsmodus",
      "http://hl7.org/fhir/R4/valueset-devicemetric-type.html" : "Device Metric and Component Types"
    },
    {
      "url" : "urn:iso:std:iso:3166",
      "version" : "1.0.0",
      "status" : "active",
      "name" : "ISO3166Part1",
      "title" : "ISO 3166-1 Codes for the representation of names of countries and their subdivisions — Part 1: Country code",
      "description" : "ISO 3166-1 establishes codes that represent the current names of countries, dependencies, and other areas of particular geopolitical interest, on the basis of country names obtained from the United Nations.",
      "oids" : ["1.0.3166.1"],
      "uses" : {
      },
      "http://hl7.org/fhir/R4/valueset-iso3166-1-2.html" : "Iso 3166 Part 1: 2 Letter Codes"
    },
    {
      "url" : "urn:iso:std:iso:3166-2:de",
      "version" : "1.5.0",
      "status" : "active",
      "name" : "CodeSystemISO31662DE",
      "title" : "ISO-3166-2:de-Laendercodes",
      "description" : "Die Liste der ISO-3166-2:DE Codes für Deutschland enthält die Codes für die deutschen Länder.",
      "uses" : {
      },
      "https://simplifier.net/resolve?scope=de.gematik.isik-vitalparameter@4.0.0&canonical=http://fhir.de/ValueSet/iso/bundeslaender" : "ISO-3166-2:de-Laendercodes"
    }
  ]
}
