{
  "resourceType" : "Communication",
  "id" : "atemfrequenz-alarm-23",
  "meta" : {
    "profile" : ["http://t-cabs.org/StructureDefinition/t-cabs-communication-atemfrequenz-high-alarm"]
  },
  "text" : {
    "status" : "generated",
    "div" : "<div xmlns=\"http://www.w3.org/1999/xhtml\"><p class=\"res-header-id\"><b>Generated Narrative: Communication atemfrequenz-alarm-23</b></p><a name=\"atemfrequenz-alarm-23\"> </a><a name=\"hcatemfrequenz-alarm-23\"> </a><a name=\"atemfrequenz-alarm-23-en-US\"> </a><div style=\"display: inline-block; background-color: #d9e0e7; padding: 6px; margin: 4px; border: 1px solid #8da1b4; border-radius: 5px; line-height: 60%\"><p style=\"margin-bottom: 0px\"/><p style=\"margin-bottom: 0px\">Profile: <a href=\"StructureDefinition-t-cabs-communication-atemfrequenz-high-alarm.html\">T-CABS Communication Atemfrequenz high Alarm</a></p></div><p><b>status</b>: In Progress</p><p><b>category</b>: <span title=\"Codes:{urn:iso:std:iso:11073:10101 198132}\">MDC_EVT_VENT_ALARM</span></p><p><b>subject</b>: <a href=\"Patient-patient-98219fce-813a-41f2-94ff-861d59b89715.html\">PatFN-1496 PatLN-1496 (official) (no stated gender), DoB: 1950-02-17 ( Medical record number)</a></p><p><b>about</b>: <a href=\"Observation-atemfrequenz-gemessen-beispiel-breas.html\">Observation Total breath rate</a></p><p><b>sender</b>: <a href=\"Device-device-1573.html\">Device: identifier = http://www.breas_example.com/identifiers/devices#1573; status = active; manufacturer = BREAS Medical; serialNumber = U120006</a></p><p><b>reasonReference</b>: <a href=\"Observation-atemfrequenz-eingestellt-beispiel-breas.html\">Observation Total breath rate</a></p></div>"
  },
  "status" : "in-progress",
  "category" : [{
    "coding" : [{
      "system" : "urn:iso:std:iso:11073:10101",
      "code" : "198132"
    }]
  }],
  "subject" : {
    "reference" : "Patient/patient-98219fce-813a-41f2-94ff-861d59b89715"
  },
  "about" : [{
    "reference" : "Observation/atemfrequenz-gemessen-beispiel-breas"
  }],
  "sender" : {
    "reference" : "Device/device-1573"
  },
  "reasonReference" : [{
    "reference" : "Observation/atemfrequenz-eingestellt-beispiel-breas"
  }]
}