<?xml version="1.0" encoding="UTF-8"?>

<DeviceMetric xmlns="http://hl7.org/fhir">
  <id value="deviceMetric-Eingestellt-Beispiel-Loewenstein"/>
  <meta>
    <profile value="http://t-cabs.org/StructureDefinition/t-cabs-devicemetric-eingestellter-gemessener-parameter"/>
  </meta>
  <text>
    <status value="generated"/><div xmlns="http://www.w3.org/1999/xhtml"><p class="res-header-id"><b>Generated Narrative: DeviceMetric deviceMetric-Eingestellt-Beispiel-Loewenstein</b></p><a name="deviceMetric-Eingestellt-Beispiel-Loewenstein"> </a><a name="hcdeviceMetric-Eingestellt-Beispiel-Loewenstein"> </a><a name="deviceMetric-Eingestellt-Beispiel-Loewenstein-en-US"> </a><div style="display: inline-block; background-color: #d9e0e7; padding: 6px; margin: 4px; border: 1px solid #8da1b4; border-radius: 5px; line-height: 60%"><p style="margin-bottom: 0px"/><p style="margin-bottom: 0px">Profile: <a href="StructureDefinition-t-cabs-devicemetric-eingestellter-gemessener-parameter.html">T-CABS DeviceMetric eingestellter oder gemessener Parameter</a></p></div><p><b>type</b>: <span title="Codes:{http://snomed.info/sct 40617009}">Artificial ventilation (regime/therapy)</span></p><p><b>source</b>: <a href="Device-device-1234.html">Device: identifier = http://www.loewenstein_example.com/identifiers/devices#1234; status = active; manufacturer = Löwenstein Medical; serialNumber = ABC5678DE</a></p><p><b>category</b>: Setting</p></div>
  </text>
  <type>
    <coding>
      <system value="http://snomed.info/sct"/>
      <code value="40617009"/>
      <display value="Artificial ventilation (regime/therapy)"/>
    </coding>
  </type>
  <source>
    <reference value="Device/device-1234"/>
  </source>
  <category value="setting"/>
</DeviceMetric>