{
  "resourceType" : "DeviceMetric",
  "id" : "beispiel-devicemetric-loewenstein-ti",
  "meta" : {
    "profile" : ["http://t-cabs.org/StructureDefinition/t-cabs-devicemetric-numericmetric"]
  },
  "text" : {
    "status" : "generated",
    "div" : "<div xmlns=\"http://www.w3.org/1999/xhtml\"><p class=\"res-header-id\"><b>Generated Narrative: DeviceMetric beispiel-devicemetric-loewenstein-ti</b></p><a name=\"beispiel-devicemetric-loewenstein-ti\"> </a><a name=\"hcbeispiel-devicemetric-loewenstein-ti\"> </a><div style=\"display: inline-block; background-color: #d9e0e7; padding: 6px; margin: 4px; border: 1px solid #8da1b4; border-radius: 5px; line-height: 60%\"><p style=\"margin-bottom: 0px\"/><p style=\"margin-bottom: 0px\">Profile: <a href=\"StructureDefinition-t-cabs-devicemetric-numericmetric.html\">T-CABS DeviceMetric NumericMetric</a></p></div><p><b>identifier</b>: <code>http://tcabs.example.org/device-metric</code>/DM-LOEW-TI-001</p><p><b>type</b>: <span title=\"Codes:{urn:iso:std:iso:11073:10101 152416}\">MDC_VENT_TIME_PD_INSP</span></p><p><b>unit</b>: <span title=\"Codes:{http://unitsofmeasure.org s}\">s</span></p><p><b>source</b>: <a href=\"Device-beispiel-beatmungsgeraet-loewenstein.html\">Device: extension = 12450; identifier = UDI; manufacturer = Löwenstein Medical; serialNumber = PRISMA30-SN-345678; type = MDC_DEV_SYS_PT_VENT_MDS</a></p><p><b>parent</b>: <a href=\"Device-beispiel-channel-loewenstein-ti.html\">Device: identifier = http://tcabs.example.org/device-channel#CHAN-LOEW-TI-001; type = MDC_DEV_CHAN</a></p><p><b>operationalStatus</b>: On</p><p><b>color</b>: Color Yellow</p><p><b>category</b>: Measurement</p><p><b>measurementPeriod</b>: Once per 1 second</p><h3>Calibrations</h3><table class=\"grid\"><tr><td style=\"display: none\">-</td><td><b>Type</b></td><td><b>State</b></td></tr><tr><td style=\"display: none\">*</td><td>Gain</td><td>Calibrated</td></tr></table></div>"
  },
  "identifier" : [{
    "system" : "http://tcabs.example.org/device-metric",
    "value" : "DM-LOEW-TI-001"
  }],
  "type" : {
    "coding" : [{
      "system" : "urn:iso:std:iso:11073:10101",
      "code" : "152416",
      "display" : "MDC_VENT_TIME_PD_INSP"
    }]
  },
  "unit" : {
    "coding" : [{
      "system" : "http://unitsofmeasure.org",
      "code" : "s",
      "display" : "s"
    }]
  },
  "source" : {
    "reference" : "Device/beispiel-beatmungsgeraet-loewenstein"
  },
  "parent" : {
    "reference" : "Device/beispiel-channel-loewenstein-ti"
  },
  "operationalStatus" : "on",
  "color" : "yellow",
  "category" : "measurement",
  "measurementPeriod" : {
    "repeat" : {
      "frequency" : 1,
      "period" : 1,
      "periodUnit" : "s"
    }
  },
  "calibration" : [{
    "type" : "gain",
    "state" : "calibrated"
  }]
}