<?xml version="1.0" encoding="UTF-8"?>

<Device xmlns="http://hl7.org/fhir">
  <id value="device-1234"/>
  <meta>
    <profile value="http://t-cabs.org/StructureDefinition/t-cabs-device-beatmungsgeraet"/>
  </meta>
  <text>
    <status value="generated"/><div xmlns="http://www.w3.org/1999/xhtml"><p class="res-header-id"><b>Generated Narrative: Device device-1234</b></p><a name="device-1234"> </a><a name="hcdevice-1234"> </a><a name="device-1234-en-US"> </a><div style="display: inline-block; background-color: #d9e0e7; padding: 6px; margin: 4px; border: 1px solid #8da1b4; border-radius: 5px; line-height: 60%"><p style="margin-bottom: 0px"/><p style="margin-bottom: 0px">Profile: <a href="StructureDefinition-t-cabs-device-beatmungsgeraet.html">T-CABS Device Beatmungsgerät</a></p></div><p><b>identifier</b>: <code>http://www.loewenstein_example.com/identifiers/devices</code>/1234</p><p><b>status</b>: Active</p><p><b>manufacturer</b>: Löwenstein Medical</p><p><b>serialNumber</b>: ABC5678DE</p><h3>DeviceNames</h3><table class="grid"><tr><td style="display: none">-</td><td><b>Name</b></td><td><b>Type</b></td></tr><tr><td style="display: none">*</td><td>prisma SOFT</td><td>Model name</td></tr></table><h3>Versions</h3><table class="grid"><tr><td style="display: none">-</td><td><b>Value</b></td></tr><tr><td style="display: none">*</td><td>v1.2.3</td></tr></table><p><b>patient</b>: <a href="Patient-patient-123456.html">John Doe (official) (no stated gender), DoB: 1944-04-11 ( Medical record number)</a></p><p><b>owner</b>: Löwenstein</p></div>
  </text>
  <identifier>
    <system value="http://www.loewenstein_example.com/identifiers/devices"/>
    <value value="1234"/>
  </identifier>
  <status value="active"/>
  <manufacturer value="Löwenstein Medical"/>
  <serialNumber value="ABC5678DE"/>
  <deviceName>
    <name value="prisma SOFT"/>
    <type value="model-name"/>
  </deviceName>
  <version>
    <value value="v1.2.3"/>
  </version>
  <patient>
    <reference value="Patient/patient-123456"/>
  </patient>
  <owner>
    <display value="Löwenstein"/>
  </owner>
</Device>