{
  "resourceType" : "DeviceMetric",
  "id" : "deviceMetric-Eingestellt-Beispiel-Loewenstein",
  "meta" : {
    "profile" : ["https://www.medizininformatik-initiative.de/fhir/ext/modul-icu/StructureDefinition/devicemetric-eingestellte-gemessene-parameter-beatmung"]
  },
  "text" : {
    "status" : "generated",
    "div" : "<div xmlns=\"http://www.w3.org/1999/xhtml\"><p class=\"res-header-id\"><b>Generated Narrative: DeviceMetric deviceMetric-Eingestellt-Beispiel-Loewenstein</b></p><a name=\"deviceMetric-Eingestellt-Beispiel-Loewenstein\"> </a><a name=\"hcdeviceMetric-Eingestellt-Beispiel-Loewenstein\"> </a><a name=\"deviceMetric-Eingestellt-Beispiel-Loewenstein-en-US\"> </a><div style=\"display: inline-block; background-color: #d9e0e7; padding: 6px; margin: 4px; border: 1px solid #8da1b4; border-radius: 5px; line-height: 60%\"><p style=\"margin-bottom: 0px\"/><p style=\"margin-bottom: 0px\">Profile: <a href=\"https://simplifier.net/resolve?scope=de.medizininformatikinitiative.kerndatensatz.icu@2025.0.2&amp;canonical=https://www.medizininformatik-initiative.de/fhir/ext/modul-icu/StructureDefinition/devicemetric-eingestellte-gemessene-parameter-beatmung\">SD MII ICU DeviceMetric Eingestellte Gemessene Parameter Beatmung</a></p></div><p><b>type</b>: <span title=\"Codes:{http://snomed.info/sct 40617009}\">Artificial ventilation (regime/therapy)</span></p><p><b>source</b>: <a href=\"Device-device-1234.html\">Device: identifier = http://www.loewenstein_example.com/identifiers/devices#1234; status = active; serialNumber = ABC5678DE; type = Variable pressure jet ventilation device (physical object)</a></p><p><b>category</b>: Setting</p></div>"
  },
  "type" : {
    "coding" : [{
      "system" : "http://snomed.info/sct",
      "code" : "40617009",
      "display" : "Artificial ventilation (regime/therapy)"
    }]
  },
  "source" : {
    "reference" : "Device/device-1234"
  },
  "category" : "setting"
}