<?xml version="1.0" encoding="UTF-8"?>

<Device xmlns="http://hl7.org/fhir">
  <id value="beispiel-channel-resmed-atemfrequenz"/>
  <meta>
    <profile value="http://t-cabs.org/StructureDefinition/t-cabs-device-channel-beatmungsgeraet"/>
  </meta>
  <text>
    <status value="generated"/><div xmlns="http://www.w3.org/1999/xhtml"><p class="res-header-id"><b>Generated Narrative: Device beispiel-channel-resmed-atemfrequenz</b></p><a name="beispiel-channel-resmed-atemfrequenz"> </a><a name="hcbeispiel-channel-resmed-atemfrequenz"> </a><div style="display: inline-block; background-color: #d9e0e7; padding: 6px; margin: 4px; border: 1px solid #8da1b4; border-radius: 5px; line-height: 60%"><p style="margin-bottom: 0px"/><p style="margin-bottom: 0px">Profile: <a href="StructureDefinition-t-cabs-device-channel-beatmungsgeraet.html">T-CABS Device Channel Ventilator</a></p></div><p><b>identifier</b>: <code>http://tcabs.example.org/device-channel</code>/CHAN-RESMED-ATEMFREQ-001</p><h3>DeviceNames</h3><table class="grid"><tr><td style="display: none">-</td><td><b>Name</b></td><td><b>Type</b></td></tr><tr><td style="display: none">*</td><td>Atemfrequenz Measurement Channel</td><td>User Friendly name</td></tr></table><p><b>type</b>: <span title="Codes:{urn:iso:std:iso:11073:10101 69723}">MDC_DEV_ANALY_RESP_RATE_CHAN</span></p><p><b>parent</b>: <a href="Device-beispiel-vmd-resmed-atemfrequenz.html">Device: identifier = http://tcabs.example.org/device-vmd#VMD-RESMED-ATEMFREQ-001; type = MDC_DEV_SYS_PT_VENT_VMD</a></p></div>
  </text>
  <identifier>
    <system value="http://tcabs.example.org/device-channel"/>
    <value value="CHAN-RESMED-ATEMFREQ-001"/>
  </identifier>
  <deviceName>
    <name value="Atemfrequenz Measurement Channel"/>
    <type value="user-friendly-name"/>
  </deviceName>
  <type>
    <coding>
      <system value="urn:iso:std:iso:11073:10101"/>
      <code value="69723"/>
      <display value="MDC_DEV_ANALY_RESP_RATE_CHAN"/>
    </coding>
  </type>
  <parent>
    <reference value="Device/beispiel-vmd-resmed-atemfrequenz"/>
  </parent>
</Device>