{
  "resourceType" : "ImplementationGuide",
  "id" : "t-cabs",
  "text" : {
    "status" : "generated",
    "div" : "<div xmlns=\"http://www.w3.org/1999/xhtml\"><p class=\"res-header-id\"><b>Generated Narrative: ImplementationGuide t-cabs</b></p><a name=\"t-cabs\"> </a><a name=\"hct-cabs\"> </a><a name=\"t-cabs-en-US\"> </a><h2>TCABS</h2><p>The official URL for this implementation guide is: </p><pre>http://t-cabs.org/ImplementationGuide/t-cabs</pre></div>"
  },
  "url" : "http://t-cabs.org/ImplementationGuide/t-cabs",
  "version" : "0.1.0",
  "name" : "TCABS",
  "status" : "draft",
  "date" : "2025-04-11T09:40:45+02:00",
  "publisher" : "BIH-CEI",
  "contact" : [{
    "name" : "BIH-CEI",
    "telecom" : [{
      "system" : "url",
      "value" : "http://example.org/example-publisher"
    }]
  }],
  "packageId" : "t-cabs",
  "license" : "CC0-1.0",
  "fhirVersion" : ["4.0.1"],
  "dependsOn" : [{
    "id" : "hl7tx",
    "extension" : [{
      "url" : "http://hl7.org/fhir/tools/StructureDefinition/implementationguide-dependency-comment",
      "valueMarkdown" : "Automatically added as a dependency - all IGs depend on HL7 Terminology"
    }],
    "uri" : "http://terminology.hl7.org/ImplementationGuide/hl7.terminology",
    "packageId" : "hl7.terminology.r4",
    "version" : "6.2.0"
  },
  {
    "id" : "hl7ext",
    "extension" : [{
      "url" : "http://hl7.org/fhir/tools/StructureDefinition/implementationguide-dependency-comment",
      "valueMarkdown" : "Automatically added as a dependency - all IGs depend on the HL7 Extension Pack"
    }],
    "uri" : "http://hl7.org/fhir/extensions/ImplementationGuide/hl7.fhir.uv.extensions",
    "packageId" : "hl7.fhir.uv.extensions.r4",
    "version" : "5.2.0"
  },
  {
    "id" : "de_medizininformatikinitiative_kerndatensatz_icu",
    "uri" : "http://fhir.org/packages/de.medizininformatikinitiative.kerndatensatz.icu/ImplementationGuide/de.medizininformatikinitiative.kerndatensatz.icu",
    "packageId" : "de.medizininformatikinitiative.kerndatensatz.icu",
    "version" : "2025.0.4"
  },
  {
    "id" : "de_medizininformatikinitiative_kerndatensatz_person",
    "uri" : "https://www.medizininformatik-initiative.de/fhir/core/modul-person/ImplementationGuide/mii-ig-person",
    "packageId" : "de.medizininformatikinitiative.kerndatensatz.person",
    "version" : "2025.0.0"
  },
  {
    "id" : "de_gematik_isik_basismodul",
    "uri" : "http://fhir.org/packages/de.gematik.isik-basismodul/ImplementationGuide/de.gematik.isik-basismodul",
    "packageId" : "de.gematik.isik-basismodul",
    "version" : "4.0.1"
  },
  {
    "id" : "de_gematik_isik_vitalparameter",
    "uri" : "http://fhir.org/packages/de.gematik.isik-vitalparameter/ImplementationGuide/de.gematik.isik-vitalparameter",
    "packageId" : "de.gematik.isik-vitalparameter",
    "version" : "4.0.1"
  },
  {
    "id" : "de_basisprofil_r4",
    "uri" : "http://fhir.org/packages/de.basisprofil.r4/ImplementationGuide/de.basisprofil.r4",
    "packageId" : "de.basisprofil.r4",
    "version" : "1.5.2"
  }],
  "definition" : {
    "extension" : [{
      "extension" : [{
        "url" : "code",
        "valueString" : "copyrightyear"
      },
      {
        "url" : "value",
        "valueString" : "2024+"
      }],
      "url" : "http://hl7.org/fhir/tools/StructureDefinition/ig-parameter"
    },
    {
      "extension" : [{
        "url" : "code",
        "valueString" : "releaselabel"
      },
      {
        "url" : "value",
        "valueString" : "ci-build"
      }],
      "url" : "http://hl7.org/fhir/tools/StructureDefinition/ig-parameter"
    },
    {
      "extension" : [{
        "url" : "code",
        "valueString" : "autoload-resources"
      },
      {
        "url" : "value",
        "valueString" : "true"
      }],
      "url" : "http://hl7.org/fhir/tools/StructureDefinition/ig-parameter"
    },
    {
      "extension" : [{
        "url" : "code",
        "valueString" : "path-liquid"
      },
      {
        "url" : "value",
        "valueString" : "template/liquid"
      }],
      "url" : "http://hl7.org/fhir/tools/StructureDefinition/ig-parameter"
    },
    {
      "extension" : [{
        "url" : "code",
        "valueString" : "path-liquid"
      },
      {
        "url" : "value",
        "valueString" : "input/liquid"
      }],
      "url" : "http://hl7.org/fhir/tools/StructureDefinition/ig-parameter"
    },
    {
      "extension" : [{
        "url" : "code",
        "valueString" : "path-qa"
      },
      {
        "url" : "value",
        "valueString" : "temp/qa"
      }],
      "url" : "http://hl7.org/fhir/tools/StructureDefinition/ig-parameter"
    },
    {
      "extension" : [{
        "url" : "code",
        "valueString" : "path-temp"
      },
      {
        "url" : "value",
        "valueString" : "temp/pages"
      }],
      "url" : "http://hl7.org/fhir/tools/StructureDefinition/ig-parameter"
    },
    {
      "extension" : [{
        "url" : "code",
        "valueString" : "path-output"
      },
      {
        "url" : "value",
        "valueString" : "output"
      }],
      "url" : "http://hl7.org/fhir/tools/StructureDefinition/ig-parameter"
    },
    {
      "extension" : [{
        "url" : "code",
        "valueString" : "path-suppressed-warnings"
      },
      {
        "url" : "value",
        "valueString" : "input/ignoreWarnings.txt"
      }],
      "url" : "http://hl7.org/fhir/tools/StructureDefinition/ig-parameter"
    },
    {
      "extension" : [{
        "url" : "code",
        "valueString" : "path-history"
      },
      {
        "url" : "value",
        "valueString" : "http://t-cabs.org/history.html"
      }],
      "url" : "http://hl7.org/fhir/tools/StructureDefinition/ig-parameter"
    },
    {
      "extension" : [{
        "url" : "code",
        "valueString" : "template-html"
      },
      {
        "url" : "value",
        "valueString" : "template-page.html"
      }],
      "url" : "http://hl7.org/fhir/tools/StructureDefinition/ig-parameter"
    },
    {
      "extension" : [{
        "url" : "code",
        "valueString" : "template-md"
      },
      {
        "url" : "value",
        "valueString" : "template-page-md.html"
      }],
      "url" : "http://hl7.org/fhir/tools/StructureDefinition/ig-parameter"
    },
    {
      "extension" : [{
        "url" : "code",
        "valueString" : "apply-contact"
      },
      {
        "url" : "value",
        "valueString" : "true"
      }],
      "url" : "http://hl7.org/fhir/tools/StructureDefinition/ig-parameter"
    },
    {
      "extension" : [{
        "url" : "code",
        "valueString" : "apply-context"
      },
      {
        "url" : "value",
        "valueString" : "true"
      }],
      "url" : "http://hl7.org/fhir/tools/StructureDefinition/ig-parameter"
    },
    {
      "extension" : [{
        "url" : "code",
        "valueString" : "apply-copyright"
      },
      {
        "url" : "value",
        "valueString" : "true"
      }],
      "url" : "http://hl7.org/fhir/tools/StructureDefinition/ig-parameter"
    },
    {
      "extension" : [{
        "url" : "code",
        "valueString" : "apply-jurisdiction"
      },
      {
        "url" : "value",
        "valueString" : "true"
      }],
      "url" : "http://hl7.org/fhir/tools/StructureDefinition/ig-parameter"
    },
    {
      "extension" : [{
        "url" : "code",
        "valueString" : "apply-license"
      },
      {
        "url" : "value",
        "valueString" : "true"
      }],
      "url" : "http://hl7.org/fhir/tools/StructureDefinition/ig-parameter"
    },
    {
      "extension" : [{
        "url" : "code",
        "valueString" : "apply-publisher"
      },
      {
        "url" : "value",
        "valueString" : "true"
      }],
      "url" : "http://hl7.org/fhir/tools/StructureDefinition/ig-parameter"
    },
    {
      "extension" : [{
        "url" : "code",
        "valueString" : "apply-version"
      },
      {
        "url" : "value",
        "valueString" : "true"
      }],
      "url" : "http://hl7.org/fhir/tools/StructureDefinition/ig-parameter"
    },
    {
      "extension" : [{
        "url" : "code",
        "valueString" : "apply-wg"
      },
      {
        "url" : "value",
        "valueString" : "true"
      }],
      "url" : "http://hl7.org/fhir/tools/StructureDefinition/ig-parameter"
    },
    {
      "extension" : [{
        "url" : "code",
        "valueString" : "active-tables"
      },
      {
        "url" : "value",
        "valueString" : "true"
      }],
      "url" : "http://hl7.org/fhir/tools/StructureDefinition/ig-parameter"
    },
    {
      "extension" : [{
        "url" : "code",
        "valueString" : "fmm-definition"
      },
      {
        "url" : "value",
        "valueString" : "http://hl7.org/fhir/versions.html#maturity"
      }],
      "url" : "http://hl7.org/fhir/tools/StructureDefinition/ig-parameter"
    },
    {
      "extension" : [{
        "url" : "code",
        "valueString" : "propagate-status"
      },
      {
        "url" : "value",
        "valueString" : "true"
      }],
      "url" : "http://hl7.org/fhir/tools/StructureDefinition/ig-parameter"
    },
    {
      "extension" : [{
        "url" : "code",
        "valueString" : "excludelogbinaryformat"
      },
      {
        "url" : "value",
        "valueString" : "true"
      }],
      "url" : "http://hl7.org/fhir/tools/StructureDefinition/ig-parameter"
    },
    {
      "extension" : [{
        "url" : "code",
        "valueString" : "tabbed-snapshots"
      },
      {
        "url" : "value",
        "valueString" : "true"
      }],
      "url" : "http://hl7.org/fhir/tools/StructureDefinition/ig-parameter"
    },
    {
      "url" : "http://hl7.org/fhir/tools/StructureDefinition/ig-internal-dependency",
      "valueCode" : "hl7.fhir.uv.tools.r4#0.4.1"
    },
    {
      "extension" : [{
        "url" : "code",
        "valueCode" : "copyrightyear"
      },
      {
        "url" : "value",
        "valueString" : "2024+"
      }],
      "url" : "http://hl7.org/fhir/tools/StructureDefinition/ig-parameter"
    },
    {
      "extension" : [{
        "url" : "code",
        "valueCode" : "releaselabel"
      },
      {
        "url" : "value",
        "valueString" : "ci-build"
      }],
      "url" : "http://hl7.org/fhir/tools/StructureDefinition/ig-parameter"
    },
    {
      "extension" : [{
        "url" : "code",
        "valueCode" : "autoload-resources"
      },
      {
        "url" : "value",
        "valueString" : "true"
      }],
      "url" : "http://hl7.org/fhir/tools/StructureDefinition/ig-parameter"
    },
    {
      "extension" : [{
        "url" : "code",
        "valueCode" : "path-liquid"
      },
      {
        "url" : "value",
        "valueString" : "template/liquid"
      }],
      "url" : "http://hl7.org/fhir/tools/StructureDefinition/ig-parameter"
    },
    {
      "extension" : [{
        "url" : "code",
        "valueCode" : "path-liquid"
      },
      {
        "url" : "value",
        "valueString" : "input/liquid"
      }],
      "url" : "http://hl7.org/fhir/tools/StructureDefinition/ig-parameter"
    },
    {
      "extension" : [{
        "url" : "code",
        "valueCode" : "path-qa"
      },
      {
        "url" : "value",
        "valueString" : "temp/qa"
      }],
      "url" : "http://hl7.org/fhir/tools/StructureDefinition/ig-parameter"
    },
    {
      "extension" : [{
        "url" : "code",
        "valueCode" : "path-temp"
      },
      {
        "url" : "value",
        "valueString" : "temp/pages"
      }],
      "url" : "http://hl7.org/fhir/tools/StructureDefinition/ig-parameter"
    },
    {
      "extension" : [{
        "url" : "code",
        "valueCode" : "path-output"
      },
      {
        "url" : "value",
        "valueString" : "output"
      }],
      "url" : "http://hl7.org/fhir/tools/StructureDefinition/ig-parameter"
    },
    {
      "extension" : [{
        "url" : "code",
        "valueCode" : "path-suppressed-warnings"
      },
      {
        "url" : "value",
        "valueString" : "input/ignoreWarnings.txt"
      }],
      "url" : "http://hl7.org/fhir/tools/StructureDefinition/ig-parameter"
    },
    {
      "extension" : [{
        "url" : "code",
        "valueCode" : "path-history"
      },
      {
        "url" : "value",
        "valueString" : "http://t-cabs.org/history.html"
      }],
      "url" : "http://hl7.org/fhir/tools/StructureDefinition/ig-parameter"
    },
    {
      "extension" : [{
        "url" : "code",
        "valueCode" : "template-html"
      },
      {
        "url" : "value",
        "valueString" : "template-page.html"
      }],
      "url" : "http://hl7.org/fhir/tools/StructureDefinition/ig-parameter"
    },
    {
      "extension" : [{
        "url" : "code",
        "valueCode" : "template-md"
      },
      {
        "url" : "value",
        "valueString" : "template-page-md.html"
      }],
      "url" : "http://hl7.org/fhir/tools/StructureDefinition/ig-parameter"
    },
    {
      "extension" : [{
        "url" : "code",
        "valueCode" : "apply-contact"
      },
      {
        "url" : "value",
        "valueString" : "true"
      }],
      "url" : "http://hl7.org/fhir/tools/StructureDefinition/ig-parameter"
    },
    {
      "extension" : [{
        "url" : "code",
        "valueCode" : "apply-context"
      },
      {
        "url" : "value",
        "valueString" : "true"
      }],
      "url" : "http://hl7.org/fhir/tools/StructureDefinition/ig-parameter"
    },
    {
      "extension" : [{
        "url" : "code",
        "valueCode" : "apply-copyright"
      },
      {
        "url" : "value",
        "valueString" : "true"
      }],
      "url" : "http://hl7.org/fhir/tools/StructureDefinition/ig-parameter"
    },
    {
      "extension" : [{
        "url" : "code",
        "valueCode" : "apply-jurisdiction"
      },
      {
        "url" : "value",
        "valueString" : "true"
      }],
      "url" : "http://hl7.org/fhir/tools/StructureDefinition/ig-parameter"
    },
    {
      "extension" : [{
        "url" : "code",
        "valueCode" : "apply-license"
      },
      {
        "url" : "value",
        "valueString" : "true"
      }],
      "url" : "http://hl7.org/fhir/tools/StructureDefinition/ig-parameter"
    },
    {
      "extension" : [{
        "url" : "code",
        "valueCode" : "apply-publisher"
      },
      {
        "url" : "value",
        "valueString" : "true"
      }],
      "url" : "http://hl7.org/fhir/tools/StructureDefinition/ig-parameter"
    },
    {
      "extension" : [{
        "url" : "code",
        "valueCode" : "apply-version"
      },
      {
        "url" : "value",
        "valueString" : "true"
      }],
      "url" : "http://hl7.org/fhir/tools/StructureDefinition/ig-parameter"
    },
    {
      "extension" : [{
        "url" : "code",
        "valueCode" : "apply-wg"
      },
      {
        "url" : "value",
        "valueString" : "true"
      }],
      "url" : "http://hl7.org/fhir/tools/StructureDefinition/ig-parameter"
    },
    {
      "extension" : [{
        "url" : "code",
        "valueCode" : "active-tables"
      },
      {
        "url" : "value",
        "valueString" : "true"
      }],
      "url" : "http://hl7.org/fhir/tools/StructureDefinition/ig-parameter"
    },
    {
      "extension" : [{
        "url" : "code",
        "valueCode" : "fmm-definition"
      },
      {
        "url" : "value",
        "valueString" : "http://hl7.org/fhir/versions.html#maturity"
      }],
      "url" : "http://hl7.org/fhir/tools/StructureDefinition/ig-parameter"
    },
    {
      "extension" : [{
        "url" : "code",
        "valueCode" : "propagate-status"
      },
      {
        "url" : "value",
        "valueString" : "true"
      }],
      "url" : "http://hl7.org/fhir/tools/StructureDefinition/ig-parameter"
    },
    {
      "extension" : [{
        "url" : "code",
        "valueCode" : "excludelogbinaryformat"
      },
      {
        "url" : "value",
        "valueString" : "true"
      }],
      "url" : "http://hl7.org/fhir/tools/StructureDefinition/ig-parameter"
    },
    {
      "extension" : [{
        "url" : "code",
        "valueCode" : "tabbed-snapshots"
      },
      {
        "url" : "value",
        "valueString" : "true"
      }],
      "url" : "http://hl7.org/fhir/tools/StructureDefinition/ig-parameter"
    }],
    "resource" : [{
      "extension" : [{
        "url" : "http://hl7.org/fhir/tools/StructureDefinition/resource-information",
        "valueString" : "Procedure"
      }],
      "reference" : {
        "reference" : "Procedure/procedure-PSV-123"
      },
      "name" : " Beispiel Beatmungsprozedur Breas (Procedure)",
      "description" : "Ein Beispiel für eine Prozedur zur Beatmung",
      "exampleBoolean" : true
    },
    {
      "extension" : [{
        "url" : "http://hl7.org/fhir/tools/StructureDefinition/resource-information",
        "valueString" : "StructureDefinition:resource"
      }],
      "reference" : {
        "reference" : "StructureDefinition/t-cabs-observation-atemfrequenz"
      },
      "name" : "Atemfrequenz",
      "exampleBoolean" : false
    },
    {
      "extension" : [{
        "url" : "http://hl7.org/fhir/tools/StructureDefinition/resource-information",
        "valueString" : "Communication"
      }],
      "reference" : {
        "reference" : "Communication/atemfrequenz-alarm-23"
      },
      "name" : "Beispiel Alarm (Communication)",
      "description" : "Beispielhafter Alarm einer erhöhten Atemfrequenz",
      "exampleCanonical" : "http://t-cabs.org/StructureDefinition/t-cabs-communication-atemfrequenz-high-alarm"
    },
    {
      "extension" : [{
        "url" : "http://hl7.org/fhir/tools/StructureDefinition/resource-information",
        "valueString" : "Observation"
      }],
      "reference" : {
        "reference" : "Observation/amv-gemessen-beispiel-loewenstein"
      },
      "name" : "Beispiel AMV Löwenstein (Observation)",
      "description" : "Atemminutvolumen(AMV) - Gemessenes Atemvolumen pro Minute /\nminuteVolumeMedian_l_min - Median of the minute volume in l/min. Supported devices: prismaLINE, prismaVENT, Luisa",
      "exampleCanonical" : "http://t-cabs.org/StructureDefinition/t-cabs-observation-amv"
    },
    {
      "extension" : [{
        "url" : "http://hl7.org/fhir/tools/StructureDefinition/resource-information",
        "valueString" : "Observation"
      }],
      "reference" : {
        "reference" : "Observation/amv-gemessen-beispiel-resmed"
      },
      "name" : "Beispiel AMV ResMed (Observation)",
      "description" : "Atemminutvolumen(AMV) - Gemessenes Atemvolumen pro Minute\nTreatmentDataDetailDto - minuteVolume",
      "exampleCanonical" : "http://t-cabs.org/StructureDefinition/t-cabs-observation-amv"
    },
    {
      "extension" : [{
        "url" : "http://hl7.org/fhir/tools/StructureDefinition/resource-information",
        "valueString" : "Observation"
      }],
      "reference" : {
        "reference" : "Observation/atemfrequenz-gemessen-beispiel-loewenstein"
      },
      "name" : "Beispiel Atemfrequenz Löwenstein (Observation)",
      "description" : "Median of the respiratory rate in bpm. The median corresponds to the 50th percentile. Supported devices: prismaLINE, prismaVENT, Luisa",
      "exampleCanonical" : "http://t-cabs.org/StructureDefinition/t-cabs-observation-atemfrequenz-beatmet"
    },
    {
      "extension" : [{
        "url" : "http://hl7.org/fhir/tools/StructureDefinition/resource-information",
        "valueString" : "Observation"
      }],
      "reference" : {
        "reference" : "Observation/atemfrequenz-gemessen-beispiel-resmed"
      },
      "name" : "Beispiel Atemfrequenz ResMed (Observation)",
      "description" : "Atemfrequenz gemessen",
      "exampleCanonical" : "http://t-cabs.org/StructureDefinition/t-cabs-observation-atemfrequenz-beatmet"
    },
    {
      "extension" : [{
        "url" : "http://hl7.org/fhir/tools/StructureDefinition/resource-information",
        "valueString" : "Device"
      }],
      "reference" : {
        "reference" : "Device/device-1573"
      },
      "name" : "Beispiel Beatmungsgerät Breas (Device)",
      "description" : "Ein Beispiel für ein zugeordnetes Beatmungsgerät von dem Hersteller BREAS",
      "exampleCanonical" : "http://t-cabs.org/StructureDefinition/t-cabs-device-beatmungsgeraet"
    },
    {
      "extension" : [{
        "url" : "http://hl7.org/fhir/tools/StructureDefinition/resource-information",
        "valueString" : "Device"
      }],
      "reference" : {
        "reference" : "Device/device-1234"
      },
      "name" : "Beispiel Beatmungsgerät Löwenstein (Device)",
      "description" : "Ein Beispiel für ein zugeordnetes Beatmungsgerät von dem Hersteller Loewenstein",
      "exampleCanonical" : "http://t-cabs.org/StructureDefinition/t-cabs-device-beatmungsgeraet"
    },
    {
      "extension" : [{
        "url" : "http://hl7.org/fhir/tools/StructureDefinition/resource-information",
        "valueString" : "Device"
      }],
      "reference" : {
        "reference" : "Device/device-12547854521"
      },
      "name" : "Beispiel Beatmungsgerät ResMed (Device)",
      "description" : "Ein Beispiel für ein zugeordnetes Beatmungsgerät von dem Hersteller ResMed",
      "exampleCanonical" : "http://t-cabs.org/StructureDefinition/t-cabs-device-beatmungsgeraet"
    },
    {
      "extension" : [{
        "url" : "http://hl7.org/fhir/tools/StructureDefinition/resource-information",
        "valueString" : "Procedure"
      }],
      "reference" : {
        "reference" : "Procedure/procedure-Bilevel-123"
      },
      "name" : "Beispiel Beatmungsprozedur Löwenstein (Procedure)",
      "description" : "Ein Beispiel für eine Prozedur zur Beatmung",
      "exampleBoolean" : true
    },
    {
      "extension" : [{
        "url" : "http://hl7.org/fhir/tools/StructureDefinition/resource-information",
        "valueString" : "Procedure"
      }],
      "reference" : {
        "reference" : "Procedure/procedure-CPAP-123"
      },
      "name" : "Beispiel Beatmungsprozedur ResMed (Procedure)",
      "description" : "Ein Beispiel für eine Prozedur zur Beatmung",
      "exampleBoolean" : true
    },
    {
      "extension" : [{
        "url" : "http://hl7.org/fhir/tools/StructureDefinition/resource-information",
        "valueString" : "Observation"
      }],
      "reference" : {
        "reference" : "Observation/beatmungsstunden-gemessen-beispiel-loewenstein"
      },
      "name" : "Beispiel Beatmungsstunden Löwenstein (Observation)",
      "description" : "Beatmungsdauer des Patienten in Stunden",
      "exampleCanonical" : "http://t-cabs.org/StructureDefinition/t-cabs-observation-beatmungsstunden"
    },
    {
      "extension" : [{
        "url" : "http://hl7.org/fhir/tools/StructureDefinition/resource-information",
        "valueString" : "Observation"
      }],
      "reference" : {
        "reference" : "Observation/beatmungsstunden-gemessen-beispiel-resmed"
      },
      "name" : "Beispiel Beatmungsstunden ResMed (Observation)",
      "description" : "Beispiel von gemessenen Beatmungsstunden eines Gerätes des Unternehmens ResMed",
      "exampleCanonical" : "http://t-cabs.org/StructureDefinition/t-cabs-observation-beatmungsstunden"
    },
    {
      "extension" : [{
        "url" : "http://hl7.org/fhir/tools/StructureDefinition/resource-information",
        "valueString" : "Observation"
      }],
      "reference" : {
        "reference" : "Observation/atemfrequenz-eingestellt-beispiel-breas"
      },
      "name" : "Beispiel eingestellte Atemfrequenz Breas (Observation)",
      "description" : "Eine eingestellte Atemfrequenz der Firma Breas\nTreatment_Data - Breaths per minute (BPM)",
      "exampleCanonical" : "http://t-cabs.org/StructureDefinition/t-cabs-observation-atemfrequenz-beatmet"
    },
    {
      "extension" : [{
        "url" : "http://hl7.org/fhir/tools/StructureDefinition/resource-information",
        "valueString" : "Observation"
      }],
      "reference" : {
        "reference" : "Observation/maximalInspiratoryPressure-eingestellt-beispiel-breas"
      },
      "name" : "Beispiel eingestellter max. Beatmungsdruck Breas (Observation)",
      "description" : "Beipspielhafte Einstellung des maximalen Beatmungsdruckes",
      "exampleBoolean" : true
    },
    {
      "extension" : [{
        "url" : "http://hl7.org/fhir/tools/StructureDefinition/resource-information",
        "valueString" : "Observation"
      }],
      "reference" : {
        "reference" : "Observation/peep-eingestellt-beispiel-breas"
      },
      "name" : "Beispiel eingestellter PEEP Breas (Observation)",
      "description" : "Beispielhafte Einstellung des positiv-endexpiratorischer Druckes (PEEP)",
      "exampleBoolean" : true
    },
    {
      "extension" : [{
        "url" : "http://hl7.org/fhir/tools/StructureDefinition/resource-information",
        "valueString" : "Observation"
      }],
      "reference" : {
        "reference" : "Observation/tidalvolumen-eingestellt-beispiel-breas"
      },
      "name" : "Beispiel eingestelltes Tidalvolumen Breas (Observation)",
      "description" : "Beispiel eines eingestellten Tidalvolumens",
      "exampleBoolean" : true
    },
    {
      "extension" : [{
        "url" : "http://hl7.org/fhir/tools/StructureDefinition/resource-information",
        "valueString" : "DeviceMetric"
      }],
      "reference" : {
        "reference" : "DeviceMetric/deviceMetric-eingestellt-beispiel-breas"
      },
      "name" : "Beispiel Einstellung Breas (DeviceMetric)",
      "description" : "Eingestellter Parameter",
      "exampleCanonical" : "http://t-cabs.org/StructureDefinition/t-cabs-devicemetric-eingestellter-gemessener-parameter"
    },
    {
      "extension" : [{
        "url" : "http://hl7.org/fhir/tools/StructureDefinition/resource-information",
        "valueString" : "DeviceMetric"
      }],
      "reference" : {
        "reference" : "DeviceMetric/deviceMetric-Eingestellt-Beispiel-Loewenstein"
      },
      "name" : "Beispiel Einstellung Löwenstein (DeviceMetric)",
      "description" : "Eingestellter Parameter",
      "exampleCanonical" : "http://t-cabs.org/StructureDefinition/t-cabs-devicemetric-eingestellter-gemessener-parameter"
    },
    {
      "extension" : [{
        "url" : "http://hl7.org/fhir/tools/StructureDefinition/resource-information",
        "valueString" : "DeviceMetric"
      }],
      "reference" : {
        "reference" : "DeviceMetric/deviceMetric-eingestellt-beispiel-resmed"
      },
      "name" : "Beispiel Einstellung ResMed (DeviceMetric)",
      "description" : "Eingestellter Parameter",
      "exampleCanonical" : "http://t-cabs.org/StructureDefinition/t-cabs-devicemetric-eingestellter-gemessener-parameter"
    },
    {
      "extension" : [{
        "url" : "http://hl7.org/fhir/tools/StructureDefinition/resource-information",
        "valueString" : "Observation"
      }],
      "reference" : {
        "reference" : "Observation/amv-gemessen-beispiel-breas"
      },
      "name" : "Beispiel gemessen AMV Breas (Observation)",
      "description" : "Atemminutvolumen(AMV) - Gemessenes Atemvolumen pro Minute\nTreatmentDataDetailDto - minuteVolume",
      "exampleCanonical" : "http://t-cabs.org/StructureDefinition/t-cabs-observation-amv"
    },
    {
      "extension" : [{
        "url" : "http://hl7.org/fhir/tools/StructureDefinition/resource-information",
        "valueString" : "Observation"
      }],
      "reference" : {
        "reference" : "Observation/beatmungsstunden-gemessen-beispiel-breas"
      },
      "name" : "Beispiel gemessen Beatmungsstunden Breas (Observation)",
      "description" : "Beatmungsdauer des Patienten in Stunden",
      "exampleCanonical" : "http://t-cabs.org/StructureDefinition/t-cabs-observation-beatmungsstunden"
    },
    {
      "extension" : [{
        "url" : "http://hl7.org/fhir/tools/StructureDefinition/resource-information",
        "valueString" : "Observation"
      }],
      "reference" : {
        "reference" : "Observation/atemfrequenz-gemessen-beispiel-breas"
      },
      "name" : "Beispiel gemessene Atemfrequenz Breas (Observation)",
      "description" : "Eine gemessene Atemfrequenz der Firma Breas\nTreatment_Data - Breaths per minute (BPM)",
      "exampleCanonical" : "http://t-cabs.org/StructureDefinition/t-cabs-observation-atemfrequenz-beatmet"
    },
    {
      "extension" : [{
        "url" : "http://hl7.org/fhir/tools/StructureDefinition/resource-information",
        "valueString" : "Observation"
      }],
      "reference" : {
        "reference" : "Observation/tidalvolumen-gemessen-beispiel-breas"
      },
      "name" : "Beispiel gemessenes Tidalvolumen Breas (Observation)",
      "description" : "Beispiel eines gemessenen Tidalvolumens während der Beatmung",
      "exampleBoolean" : true
    },
    {
      "extension" : [{
        "url" : "http://hl7.org/fhir/tools/StructureDefinition/resource-information",
        "valueString" : "Observation"
      }],
      "reference" : {
        "reference" : "Observation/leckage-gemessen-beispiel-breas"
      },
      "name" : "Beispiel Leckage Breas (Observation)",
      "description" : "Leckagerate unter Beatmung -\nTreatmentDataDetailDto - leakage",
      "exampleCanonical" : "http://t-cabs.org/StructureDefinition/t-cabs-observation-leckage"
    },
    {
      "extension" : [{
        "url" : "http://hl7.org/fhir/tools/StructureDefinition/resource-information",
        "valueString" : "Observation"
      }],
      "reference" : {
        "reference" : "Observation/leckage-gemessen-beispiel-loewenstein"
      },
      "name" : "Beispiel Leckage Löwenstein (Observation)",
      "description" : "Beispiel für eine beobachtete Leckagerate unter Beatmung -\nleakageMedian_liter_min - Median of unintentional leakage flow in l/min. Supported devices: prismaSOFT, prismaSMART, prismaLINE, prismaVENT, Luisa",
      "exampleCanonical" : "http://t-cabs.org/StructureDefinition/t-cabs-observation-leckage"
    },
    {
      "extension" : [{
        "url" : "http://hl7.org/fhir/tools/StructureDefinition/resource-information",
        "valueString" : "Observation"
      }],
      "reference" : {
        "reference" : "Observation/leckage-gemessen-beispiel-resmed"
      },
      "name" : "Beispiel Leckage ResMed (Observation)",
      "description" : "Gemessene Leckagerate unter Beatmung des Herstellers ResMed",
      "exampleCanonical" : "http://t-cabs.org/StructureDefinition/t-cabs-observation-leckage"
    },
    {
      "extension" : [{
        "url" : "http://hl7.org/fhir/tools/StructureDefinition/resource-information",
        "valueString" : "DeviceMetric"
      }],
      "reference" : {
        "reference" : "DeviceMetric/deviceMetric-gemessen-beispiel-breas"
      },
      "name" : "Beispiel Messung Breas (DeviceMetric)",
      "description" : "Gemessener Parameter",
      "exampleCanonical" : "http://t-cabs.org/StructureDefinition/t-cabs-devicemetric-eingestellter-gemessener-parameter"
    },
    {
      "extension" : [{
        "url" : "http://hl7.org/fhir/tools/StructureDefinition/resource-information",
        "valueString" : "DeviceMetric"
      }],
      "reference" : {
        "reference" : "DeviceMetric/deviceMetric-Gemessen-Beispiel-Loewenstein"
      },
      "name" : "Beispiel Messung Löwenstein (DeviceMetric)",
      "description" : "Gemessener Parameter",
      "exampleCanonical" : "http://t-cabs.org/StructureDefinition/t-cabs-devicemetric-eingestellter-gemessener-parameter"
    },
    {
      "extension" : [{
        "url" : "http://hl7.org/fhir/tools/StructureDefinition/resource-information",
        "valueString" : "DeviceMetric"
      }],
      "reference" : {
        "reference" : "DeviceMetric/deviceMetric-gemessen-beispiel-resmed"
      },
      "name" : "Beispiel Messung ResMed (DeviceMetric)",
      "description" : "Gemessener Parameter",
      "exampleCanonical" : "http://t-cabs.org/StructureDefinition/t-cabs-devicemetric-eingestellter-gemessener-parameter"
    },
    {
      "extension" : [{
        "url" : "http://hl7.org/fhir/tools/StructureDefinition/resource-information",
        "valueString" : "Observation"
      }],
      "reference" : {
        "reference" : "Observation/inspPress-eingestellt-beispiel-breas"
      },
      "name" : "Beispiel mittlerer Beatmungsdruck Breas (Observation)",
      "description" : "Beispielhafte Einstellung des mittleren Beatmungsdruckes",
      "exampleBoolean" : true
    },
    {
      "extension" : [{
        "url" : "http://hl7.org/fhir/tools/StructureDefinition/resource-information",
        "valueString" : "Patient"
      }],
      "reference" : {
        "reference" : "Patient/patient-98219fce-813a-41f2-94ff-861d59b89715"
      },
      "name" : "Beispiel Patient Breas (Patient)",
      "description" : "Patient mit der UUID 98219fce-813a-41f2-94ff-861d59b89715",
      "exampleBoolean" : true
    },
    {
      "extension" : [{
        "url" : "http://hl7.org/fhir/tools/StructureDefinition/resource-information",
        "valueString" : "Patient"
      }],
      "reference" : {
        "reference" : "Patient/patient-123456"
      },
      "name" : "Beispiel Patient Löwenstein (Patient)",
      "description" : "Ein Beispiel-Patient mit der internen ID 123456",
      "exampleBoolean" : true
    },
    {
      "extension" : [{
        "url" : "http://hl7.org/fhir/tools/StructureDefinition/resource-information",
        "valueString" : "Patient"
      }],
      "reference" : {
        "reference" : "Patient/patient-44187887-a48d-4f4e-9393-e4207045a2c4"
      },
      "name" : "Beispiel Patient ResMed (Patient)",
      "description" : "Patient mit der internen ID 44187887-a48d-4f4e-9393-e4207045a2c4",
      "exampleBoolean" : true
    },
    {
      "extension" : [{
        "url" : "http://hl7.org/fhir/tools/StructureDefinition/resource-information",
        "valueString" : "Observation"
      }],
      "reference" : {
        "reference" : "Observation/triggeredBreaths-gemessen-beispiel-loewenstein"
      },
      "name" : "Beispiel TriggeredBreath Löwenstein (Observation)",
      "description" : "Beispielhafte Beobachtung von Atemzüge die vom Patienten eigenständig getriggert wurden",
      "exampleCanonical" : "http://t-cabs.org/StructureDefinition/t-cabs-observation-triggeredbreaths"
    },
    {
      "extension" : [{
        "url" : "http://hl7.org/fhir/tools/StructureDefinition/resource-information",
        "valueString" : "Observation"
      }],
      "reference" : {
        "reference" : "Observation/triggeredBreaths-gemessen-beispiel-breas"
      },
      "name" : "Beispiel TriggeredBreaths Breas (Observation)",
      "description" : "TreatmentDataDetailDto - triggeredBreaths",
      "exampleCanonical" : "http://t-cabs.org/StructureDefinition/t-cabs-observation-triggeredbreaths"
    },
    {
      "extension" : [{
        "url" : "http://hl7.org/fhir/tools/StructureDefinition/resource-information",
        "valueString" : "Observation"
      }],
      "reference" : {
        "reference" : "Observation/triggeredBreaths-gemessen-beispiel-resmed"
      },
      "name" : "Beispiel TriggeredBreaths ResMed (Observation)",
      "description" : "Gemessene Atemzüge die vom Patienten eigenständig getriggert wurden",
      "exampleCanonical" : "http://t-cabs.org/StructureDefinition/t-cabs-observation-triggeredbreaths"
    },
    {
      "extension" : [{
        "url" : "http://hl7.org/fhir/tools/StructureDefinition/resource-information",
        "valueString" : "StructureDefinition:resource"
      }],
      "reference" : {
        "reference" : "StructureDefinition/t-cabs-observation-bmi"
      },
      "name" : "BMI Observation",
      "description" : "Profile for recording Body Mass Index (BMI) as an observation.",
      "exampleBoolean" : false
    },
    {
      "extension" : [{
        "url" : "http://hl7.org/fhir/tools/StructureDefinition/resource-information",
        "valueString" : "Observation"
      }],
      "reference" : {
        "reference" : "Observation/Example-TCABS-Observation-SPO2"
      },
      "name" : "Example-TCABS-Observation-SPO2",
      "exampleCanonical" : "http://t-cabs.org/StructureDefinition/t-cabs-observation-spo2"
    },
    {
      "extension" : [{
        "url" : "http://hl7.org/fhir/tools/StructureDefinition/resource-information",
        "valueString" : "StructureDefinition:resource"
      }],
      "reference" : {
        "reference" : "StructureDefinition/t-cabs-observationfev1"
      },
      "name" : "FEV1 Observation",
      "description" : "Profile for recording Forced Expiratory Volume in 1 second (FEV1) as an observation.",
      "exampleBoolean" : false
    },
    {
      "extension" : [{
        "url" : "http://hl7.org/fhir/tools/StructureDefinition/resource-information",
        "valueString" : "StructureDefinition:resource"
      }],
      "reference" : {
        "reference" : "StructureDefinition/t-cabs-observation-gehstrecke"
      },
      "name" : "Gehstrecke",
      "exampleBoolean" : false
    },
    {
      "extension" : [{
        "url" : "http://hl7.org/fhir/tools/StructureDefinition/resource-information",
        "valueString" : "StructureDefinition:resource"
      }],
      "reference" : {
        "reference" : "StructureDefinition/t-cabs-communication-alarm"
      },
      "name" : "T-CABS Communication Alarm",
      "description" : "Abstraktes Profil eines eingestellten und/oder gemessenen Alarms eines Beatmungsgerätes",
      "exampleBoolean" : false
    },
    {
      "extension" : [{
        "url" : "http://hl7.org/fhir/tools/StructureDefinition/resource-information",
        "valueString" : "StructureDefinition:resource"
      }],
      "reference" : {
        "reference" : "StructureDefinition/t-cabs-communication-atemfrequenz-high-alarm"
      },
      "name" : "T-CABS Communication Atemfrequenz high Alarm",
      "description" : "Profil eines Alarms für eine überschrittenen Atemfrequenz",
      "exampleBoolean" : false
    },
    {
      "extension" : [{
        "url" : "http://hl7.org/fhir/tools/StructureDefinition/resource-information",
        "valueString" : "StructureDefinition:resource"
      }],
      "reference" : {
        "reference" : "StructureDefinition/t-cabs-communication-atemfrequenz-low-alarm"
      },
      "name" : "T-CABS Communication Atemfrequenz low Alarm",
      "description" : "Profil eines Alarms für eine unterschrittenen Atemfrequenz",
      "exampleBoolean" : false
    },
    {
      "extension" : [{
        "url" : "http://hl7.org/fhir/tools/StructureDefinition/resource-information",
        "valueString" : "StructureDefinition:resource"
      }],
      "reference" : {
        "reference" : "StructureDefinition/t-cabs-communication-diskonnektion-alarm"
      },
      "name" : "T-CABS Communication Diskonnektion Alarm",
      "description" : "Profil eines Alarms für eine Diskonnektion des Beatmungsgerätes",
      "exampleBoolean" : false
    },
    {
      "extension" : [{
        "url" : "http://hl7.org/fhir/tools/StructureDefinition/resource-information",
        "valueString" : "StructureDefinition:resource"
      }],
      "reference" : {
        "reference" : "StructureDefinition/t-cabs-device-beatmungsgeraet"
      },
      "name" : "T-CABS Device Beatmungsgerät",
      "description" : "Profil für ein Beatmungsgerät",
      "exampleBoolean" : false
    },
    {
      "extension" : [{
        "url" : "http://hl7.org/fhir/tools/StructureDefinition/resource-information",
        "valueString" : "StructureDefinition:resource"
      }],
      "reference" : {
        "reference" : "StructureDefinition/t-cabs-devicemetric-eingestellter-gemessener-parameter"
      },
      "name" : "T-CABS DeviceMetric eingestellter oder gemessener Parameter",
      "description" : "Profil für eingestellte oder gemessene Parameter eines Beatmungsgerätes",
      "exampleBoolean" : false
    },
    {
      "extension" : [{
        "url" : "http://hl7.org/fhir/tools/StructureDefinition/resource-information",
        "valueString" : "StructureDefinition:resource"
      }],
      "reference" : {
        "reference" : "StructureDefinition/t-cabs-observation-atemfrequenz-beatmet"
      },
      "name" : "T-CABS Observation AF",
      "description" : "Profil für eine gemessene oder eingestellte Atemfrequenz des Beatmungsgerätes",
      "exampleBoolean" : false
    },
    {
      "extension" : [{
        "url" : "http://hl7.org/fhir/tools/StructureDefinition/resource-information",
        "valueString" : "StructureDefinition:resource"
      }],
      "reference" : {
        "reference" : "StructureDefinition/t-cabs-observation-ahi"
      },
      "name" : "T-CABS Observation AHI",
      "description" : "Profil für den Apnoe-Hyponoe-Index (AHI) - Gesamtzahl der während des Schlafs aufgetretenen Apnoe- und Hypopnoe-Episoden, geteilt durch die Schlafdauer in Stunden",
      "exampleBoolean" : false
    },
    {
      "extension" : [{
        "url" : "http://hl7.org/fhir/tools/StructureDefinition/resource-information",
        "valueString" : "StructureDefinition:resource"
      }],
      "reference" : {
        "reference" : "StructureDefinition/t-cabs-observation-amv"
      },
      "name" : "T-CABS Observation AMV",
      "description" : "Profil für ein gemessenes oder eingestelltes Atemminutenvolumen",
      "exampleBoolean" : false
    },
    {
      "extension" : [{
        "url" : "http://hl7.org/fhir/tools/StructureDefinition/resource-information",
        "valueString" : "StructureDefinition:resource"
      }],
      "reference" : {
        "reference" : "StructureDefinition/t-cabs-observation-arterieller-blutdruck"
      },
      "name" : "T-CABS Observation Arterieller Blutdruck",
      "description" : "Profile for documenting arterial blood pressure observations within T-CABS.",
      "exampleBoolean" : false
    },
    {
      "extension" : [{
        "url" : "http://hl7.org/fhir/tools/StructureDefinition/resource-information",
        "valueString" : "StructureDefinition:resource"
      }],
      "reference" : {
        "reference" : "StructureDefinition/t-cabs-observation-beatmungsstunden"
      },
      "name" : "T-CABS Observation Beatmungsstunden",
      "description" : "Profil für die empfohlene oder tatsächlich gemessene Anzahl der Beatmungsstunden je 24 Stunden",
      "exampleBoolean" : false
    },
    {
      "extension" : [{
        "url" : "http://hl7.org/fhir/tools/StructureDefinition/resource-information",
        "valueString" : "StructureDefinition:resource"
      }],
      "reference" : {
        "reference" : "StructureDefinition/t-cabs-observation-leckage"
      },
      "name" : "T-CABS Observation Leckage",
      "description" : "Profil für die Leckagerate unter Beatmung",
      "exampleBoolean" : false
    },
    {
      "extension" : [{
        "url" : "http://hl7.org/fhir/tools/StructureDefinition/resource-information",
        "valueString" : "StructureDefinition:resource"
      }],
      "reference" : {
        "reference" : "StructureDefinition/t-cabs-observation-spo2"
      },
      "name" : "T-CABS Observation SPO2",
      "exampleBoolean" : false
    },
    {
      "extension" : [{
        "url" : "http://hl7.org/fhir/tools/StructureDefinition/resource-information",
        "valueString" : "StructureDefinition:resource"
      }],
      "reference" : {
        "reference" : "StructureDefinition/t-cabs-observation-triggeredbreaths"
      },
      "name" : "T-CABS Observation TriggeredBreaths",
      "description" : "Profil für die Prozentzahl der selbstständig getriggerten Atemzüge innerhalb eines Zeitraums",
      "exampleBoolean" : false
    },
    {
      "extension" : [{
        "url" : "http://hl7.org/fhir/tools/StructureDefinition/resource-information",
        "valueString" : "StructureDefinition:resource"
      }],
      "reference" : {
        "reference" : "StructureDefinition/t-cabs-practitioner-arzt"
      },
      "name" : "T-CABS Practitioner Arzt",
      "description" : "Profil für einen Studienarzt oder eine Studienärztin aus T-CABS",
      "exampleBoolean" : false
    },
    {
      "extension" : [{
        "url" : "http://hl7.org/fhir/tools/StructureDefinition/resource-information",
        "valueString" : "StructureDefinition:resource"
      }],
      "reference" : {
        "reference" : "StructureDefinition/t-cabs-procedure-beatmung"
      },
      "name" : "T-CABS Procedure Beatmung",
      "description" : "Profil für die Beatmungsprozedur",
      "exampleBoolean" : false
    },
    {
      "extension" : [{
        "url" : "http://hl7.org/fhir/tools/StructureDefinition/resource-information",
        "valueString" : "ValueSet"
      }],
      "reference" : {
        "reference" : "ValueSet/t-cabs-valueset-Beatmungsform"
      },
      "name" : "T-CABS ValueSet Beatmungsform",
      "description" : "Dieses ValueSet enthält Codes um die verschiedenen Beatmungsformen abzubilden",
      "exampleBoolean" : false
    },
    {
      "extension" : [{
        "url" : "http://hl7.org/fhir/tools/StructureDefinition/resource-information",
        "valueString" : "ValueSet"
      }],
      "reference" : {
        "reference" : "ValueSet/t-cabs-valueset-Beatmungsmodus"
      },
      "name" : "T-CABS ValueSet Beatmungsmodus",
      "description" : "Dieses ValueSet enthält Codes um die verschiedenen Beatmungsmodis abzubilden",
      "exampleBoolean" : false
    },
    {
      "extension" : [{
        "url" : "http://hl7.org/fhir/tools/StructureDefinition/resource-information",
        "valueString" : "StructureDefinition:resource"
      }],
      "reference" : {
        "reference" : "StructureDefinition/t-cabs-observation-herzfrequenz"
      },
      "name" : "T_CABS_Observation_Herzfrequenz",
      "exampleBoolean" : false
    }],
    "page" : {
      "extension" : [{
        "url" : "http://hl7.org/fhir/tools/StructureDefinition/ig-page-name",
        "valueUrl" : "toc.html"
      }],
      "nameUrl" : "toc.html",
      "title" : "Table of Contents",
      "generation" : "html",
      "page" : [{
        "extension" : [{
          "url" : "http://hl7.org/fhir/tools/StructureDefinition/ig-page-name",
          "valueUrl" : "index.html"
        }],
        "nameUrl" : "index.html",
        "title" : "Home",
        "generation" : "markdown"
      },
      {
        "extension" : [{
          "url" : "http://hl7.org/fhir/tools/StructureDefinition/ig-page-name",
          "valueUrl" : "logisches_modell.html"
        }],
        "nameUrl" : "logisches_modell.html",
        "title" : "Logisches Modell",
        "generation" : "markdown"
      },
      {
        "extension" : [{
          "url" : "http://hl7.org/fhir/tools/StructureDefinition/ig-page-name",
          "valueUrl" : "profile.html"
        }],
        "nameUrl" : "profile.html",
        "title" : "Profile",
        "generation" : "markdown"
      },
      {
        "extension" : [{
          "url" : "http://hl7.org/fhir/tools/StructureDefinition/ig-page-name",
          "valueUrl" : "beispiele.html"
        }],
        "nameUrl" : "beispiele.html",
        "title" : "Beispiele",
        "generation" : "markdown"
      }]
    },
    "parameter" : [{
      "code" : "path-resource",
      "value" : "input/capabilities"
    },
    {
      "code" : "path-resource",
      "value" : "input/examples"
    },
    {
      "code" : "path-resource",
      "value" : "input/extensions"
    },
    {
      "code" : "path-resource",
      "value" : "input/models"
    },
    {
      "code" : "path-resource",
      "value" : "input/operations"
    },
    {
      "code" : "path-resource",
      "value" : "input/profiles"
    },
    {
      "code" : "path-resource",
      "value" : "input/resources"
    },
    {
      "code" : "path-resource",
      "value" : "input/vocabulary"
    },
    {
      "code" : "path-resource",
      "value" : "input/maps"
    },
    {
      "code" : "path-resource",
      "value" : "input/testing"
    },
    {
      "code" : "path-resource",
      "value" : "input/history"
    },
    {
      "code" : "path-resource",
      "value" : "fsh-generated/resources"
    },
    {
      "code" : "path-pages",
      "value" : "template/config"
    },
    {
      "code" : "path-pages",
      "value" : "input/images"
    },
    {
      "code" : "path-tx-cache",
      "value" : "input-cache/txcache"
    }]
  }
}