{
  "resourceType" : "Observation",
  "id" : "Example-PEEP-Loewenstein",
  "meta" : {
    "profile" : ["http://t-cabs.org/StructureDefinition/t-cabs-observation-peep"]
  },
  "text" : {
    "status" : "generated",
    "div" : "<div xmlns=\"http://www.w3.org/1999/xhtml\"><p class=\"res-header-id\"><b>Generated Narrative: Observation Example-PEEP-Loewenstein</b></p><a name=\"Example-PEEP-Loewenstein\"> </a><a name=\"hcExample-PEEP-Loewenstein\"> </a><div style=\"display: inline-block; background-color: #d9e0e7; padding: 6px; margin: 4px; border: 1px solid #8da1b4; border-radius: 5px; line-height: 60%\"><p style=\"margin-bottom: 0px\"/><p style=\"margin-bottom: 0px\">Profile: <a href=\"StructureDefinition-t-cabs-observation-peep.html\">T-CABS Observation PEEP</a></p></div><p><b>partOf</b>: <a href=\"Procedure-beispiel-beatmung-loewenstein.html\">Procedure MDC_VENT_MODE_ISO_CSV_PS_6ACAP_012_015</a></p><p><b>status</b>: Final</p><p><b>code</b>: <span title=\"Codes:{urn:iso:std:iso:11073:10101 152720}\">MDC_VENT_PRESS_AWAY_DELTA</span></p><p><b>subject</b>: <a href=\"Patient-tcabs-patient-example.html\">Max Mustermann (official) Male, DoB: 1980-01-15 ( Medical record number)</a></p><p><b>effective</b>: 2024-01-15 23:35:00+0000 --&gt; 2024-01-15 23:35:00+0000</p><p><b>value</b>: 18 mbar<span style=\"background: LightGoldenRodYellow\"> (Details: UCUM  codembar = 'mbar')</span></p><p><b>device</b>: <a href=\"DeviceMetric-beispiel-devicemetric-loewenstein-peep.html\">DeviceMetric: identifier = http://tcabs.example.org/device-metric#DM-LOEW-PEEP-001; type = MDC_VENT_PRESS_AWAY_DELTA; unit = mbar; operationalStatus = on; color = magenta; category = calculation; measurementPeriod = Once per 1 minute</a></p></div>"
  },
  "partOf" : [{
    "reference" : "Procedure/beispiel-beatmung-loewenstein"
  }],
  "status" : "final",
  "code" : {
    "coding" : [{
      "system" : "urn:iso:std:iso:11073:10101",
      "code" : "152720",
      "display" : "MDC_VENT_PRESS_AWAY_DELTA"
    }]
  },
  "subject" : {
    "reference" : "Patient/tcabs-patient-example"
  },
  "effectivePeriod" : {
    "start" : "2024-01-15T23:35:00Z",
    "end" : "2024-01-15T23:35:00Z"
  },
  "valueQuantity" : {
    "value" : 18,
    "unit" : "mbar",
    "system" : "http://unitsofmeasure.org",
    "code" : "mbar"
  },
  "device" : {
    "reference" : "DeviceMetric/beispiel-devicemetric-loewenstein-peep"
  }
}