{
  "resourceType" : "Observation",
  "id" : "inspPress-eingestellt-beispiel-breas",
  "meta" : {
    "profile" : ["https://www.medizininformatik-initiative.de/fhir/ext/modul-icu/StructureDefinition/mittlerer-beatmungsdruck"]
  },
  "text" : {
    "status" : "generated",
    "div" : "<div xmlns=\"http://www.w3.org/1999/xhtml\"><p class=\"res-header-id\"><b>Generated Narrative: Observation inspPress-eingestellt-beispiel-breas</b></p><a name=\"inspPress-eingestellt-beispiel-breas\"> </a><a name=\"hcinspPress-eingestellt-beispiel-breas\"> </a><a name=\"inspPress-eingestellt-beispiel-breas-en-US\"> </a><div style=\"display: inline-block; background-color: #d9e0e7; padding: 6px; margin: 4px; border: 1px solid #8da1b4; border-radius: 5px; line-height: 60%\"><p style=\"margin-bottom: 0px\"/><p style=\"margin-bottom: 0px\">Profile: <a href=\"https://simplifier.net/resolve?scope=de.medizininformatikinitiative.kerndatensatz.icu@2025.0.4&amp;canonical=https://www.medizininformatik-initiative.de/fhir/ext/modul-icu/StructureDefinition/mittlerer-beatmungsdruck\">SD MII ICU Mittlerer Beatmungsdruck</a></p></div><p><b>identifier</b>: 0</p><p><b>partOf</b>: <a href=\"Procedure-procedure-PSV-123.html\">Procedure Pressure support ventilation (regime/therapy)</a></p><p><b>status</b>: Final</p><p><b>category</b>: <span title=\"Codes:{http://snomed.info/sct 40617009}\">Artificial ventilation (regime/therapy)</span></p><p><b>code</b>: <span title=\"Codes:{http://snomed.info/sct 698821009}, {http://loinc.org 76530-5}, {urn:iso:std:iso:11073:10101 151975}\">Mean inspiratory airway pressure (observable entity)</span></p><p><b>subject</b>: <a href=\"Patient-patient-98219fce-813a-41f2-94ff-861d59b89715.html\">PatFN-1496 PatLN-1496 (official) (no stated gender), DoB: 1950-02-17 ( Medical record number)</a></p><p><b>effective</b>: 2022-07-15 00:00:00+0100 --&gt; 2022-07-21 00:00:00+0100</p><p><b>value</b>: 30 cm[H2O]<span style=\"background: LightGoldenRodYellow\"> (Details: UCUM  codecm[H2O] = 'cm[H2O]')</span></p><p><b>device</b>: <a href=\"DeviceMetric-deviceMetric-eingestellt-beispiel-breas.html\">DeviceMetric: type = Artificial ventilation (regime/therapy); category = setting</a></p></div>"
  },
  "identifier" : [{
    "value" : "0"
  }],
  "partOf" : [{
    "reference" : "Procedure/procedure-PSV-123"
  }],
  "status" : "final",
  "category" : [{
    "coding" : [{
      "system" : "http://snomed.info/sct",
      "code" : "40617009",
      "display" : "Artificial ventilation (regime/therapy)"
    }]
  }],
  "code" : {
    "coding" : [{
      "system" : "http://snomed.info/sct",
      "code" : "698821009",
      "display" : "Mean inspiratory airway pressure (observable entity)"
    },
    {
      "system" : "http://loinc.org",
      "code" : "76530-5",
      "display" : "Mean pressure Respiratory system airway --on ventilator"
    },
    {
      "system" : "urn:iso:std:iso:11073:10101",
      "code" : "151975",
      "display" : "Mean pressure Respiratory system airway --on ventilator"
    }]
  },
  "subject" : {
    "reference" : "Patient/patient-98219fce-813a-41f2-94ff-861d59b89715"
  },
  "effectivePeriod" : {
    "start" : "2022-07-15T00:00:00+01:00",
    "end" : "2022-07-21T00:00:00+01:00"
  },
  "valueQuantity" : {
    "value" : 30,
    "system" : "http://unitsofmeasure.org",
    "code" : "cm[H2O]"
  },
  "device" : {
    "reference" : "DeviceMetric/deviceMetric-eingestellt-beispiel-breas"
  }
}