{
  "resourceType" : "Observation",
  "id" : "Example-Leckage-ResMed",
  "meta" : {
    "profile" : ["http://t-cabs.org/StructureDefinition/t-cabs-observation-leckage"]
  },
  "text" : {
    "status" : "generated",
    "div" : "<div xmlns=\"http://www.w3.org/1999/xhtml\"><p class=\"res-header-id\"><b>Generated Narrative: Observation Example-Leckage-ResMed</b></p><a name=\"Example-Leckage-ResMed\"> </a><a name=\"hcExample-Leckage-ResMed\"> </a><div style=\"display: inline-block; background-color: #d9e0e7; padding: 6px; margin: 4px; border: 1px solid #8da1b4; border-radius: 5px; line-height: 60%\"><p style=\"margin-bottom: 0px\"/><p style=\"margin-bottom: 0px\">Profile: <a href=\"StructureDefinition-t-cabs-observation-leckage.html\">T-CABS Observation Leckage</a></p></div><p><b>partOf</b>: <a href=\"Procedure-beispiel-beatmung-resmed.html\">Procedure MDC_PRESS_AWAY_CTS_POS</a></p><p><b>status</b>: Final</p><p><b>code</b>: <span title=\"Codes:{urn:iso:std:iso:11073:10101 152432}\">MDC_VENT_VOL_LEAK</span></p><p><b>subject</b>: <a href=\"Patient-tcabs-patient-example.html\">Max Mustermann (official) Male, DoB: 1980-01-15 ( Medical record number)</a></p><p><b>effective</b>: 2024-01-15 22:00:00+0000 --&gt; 2024-01-16 06:00:00+0000</p><p><b>value</b>: 0.6 L/min<span style=\"background: LightGoldenRodYellow\"> (Details: UCUM  codeL/min = 'L/min')</span></p><p><b>device</b>: <a href=\"DeviceMetric-beispiel-devicemetric-resmed-leckage.html\">DeviceMetric: identifier = http://tcabs.example.org/device-metric#DM-RESMED-LECKAGE-001; type = MDC_VENT_VOL_LEAK; unit = L/min; operationalStatus = on; color = red; category = measurement; measurementPeriod = Once per 5 seconds</a></p></div>"
  },
  "partOf" : [{
    "reference" : "Procedure/beispiel-beatmung-resmed"
  }],
  "status" : "final",
  "code" : {
    "coding" : [{
      "system" : "urn:iso:std:iso:11073:10101",
      "code" : "152432",
      "display" : "MDC_VENT_VOL_LEAK"
    }]
  },
  "subject" : {
    "reference" : "Patient/tcabs-patient-example"
  },
  "effectivePeriod" : {
    "start" : "2024-01-15T22:00:00Z",
    "end" : "2024-01-16T06:00:00Z"
  },
  "valueQuantity" : {
    "value" : 0.6,
    "unit" : "L/min",
    "system" : "http://unitsofmeasure.org",
    "code" : "L/min"
  },
  "device" : {
    "reference" : "DeviceMetric/beispiel-devicemetric-resmed-leckage"
  }
}