<?xml version="1.0" encoding="UTF-8"?>

<Observation xmlns="http://hl7.org/fhir">
  <id value="tidalvolumen-gemessen-beispiel-breas"/>
  <meta>
    <profile value="https://www.medizininformatik-initiative.de/fhir/ext/modul-icu/StructureDefinition/atemzugvolumen-waehrend-beatmung"/>
  </meta>
  <text>
    <status value="generated"/><div xmlns="http://www.w3.org/1999/xhtml"><p class="res-header-id"><b>Generated Narrative: Observation tidalvolumen-gemessen-beispiel-breas</b></p><a name="tidalvolumen-gemessen-beispiel-breas"> </a><a name="hctidalvolumen-gemessen-beispiel-breas"> </a><a name="tidalvolumen-gemessen-beispiel-breas-en-US"> </a><div style="display: inline-block; background-color: #d9e0e7; padding: 6px; margin: 4px; border: 1px solid #8da1b4; border-radius: 5px; line-height: 60%"><p style="margin-bottom: 0px"/><p style="margin-bottom: 0px">Profile: <a href="https://simplifier.net/resolve?scope=de.medizininformatikinitiative.kerndatensatz.icu@2025.0.2&amp;canonical=https://www.medizininformatik-initiative.de/fhir/ext/modul-icu/StructureDefinition/atemzugvolumen-waehrend-beatmung">SD MII ICU Atemzugvolumen Waehrend Beatmung</a></p></div><p><b>partOf</b>: <a href="Procedure-procedure-PSV-123.html">Procedure Pressure support ventilation (regime/therapy)</a></p><p><b>status</b>: Final</p><p><b>category</b>: <span title="Codes:{http://snomed.info/sct 40617009}">Artificial ventilation (regime/therapy)</span></p><p><b>code</b>: <span title="Codes:{http://snomed.info/sct 250874002}, {http://loinc.org 76222-9}, {urn:iso:std:iso:11073:10101 151980}">Ventilator delivered tidal volume (observable entity)</span></p><p><b>subject</b>: <a href="Patient-patient-98219fce-813a-41f2-94ff-861d59b89715.html">PatFN-1496 PatLN-1496 (official) (no stated gender), DoB: 1950-02-17 ( Medical record number)</a></p><p><b>effective</b>: 2019-12-23 09:30:10+0100 --&gt; 2019-12-23 10:30:10+0100</p><p><b>value</b>: 500 mL<span style="background: LightGoldenRodYellow"> (Details: UCUM  codemL = 'mL')</span></p><p><b>device</b>: <a href="DeviceMetric-deviceMetric-gemessen-beispiel-breas.html">DeviceMetric: type = Artificial ventilation (regime/therapy); category = measurement</a></p></div>
  </text>
  <partOf>
    <reference value="Procedure/procedure-PSV-123"/>
  </partOf>
  <status value="final"/>
  <category>
    <coding>
      <system value="http://snomed.info/sct"/>
      <code value="40617009"/>
      <display value="Artificial ventilation (regime/therapy)"/>
    </coding>
  </category>
  <code>
    <coding>
      <system value="http://snomed.info/sct"/>
      <code value="250874002"/>
      <display value="Ventilator delivered tidal volume (observable entity)"/>
    </coding>
    <coding>
      <system value="http://loinc.org"/>
      <code value="76222-9"/>
      <display value="Tidal volume Ventilator --on ventilator"/>
    </coding>
    <coding>
      <system value="urn:iso:std:iso:11073:10101"/>
      <code value="151980"/>
      <display value="Ventilation tidal volume"/>
    </coding>
  </code>
  <subject>
    <reference value="Patient/patient-98219fce-813a-41f2-94ff-861d59b89715"/>
  </subject>
  <effectivePeriod>
    <start value="2019-12-23T09:30:10+01:00"/>
    <end value="2019-12-23T10:30:10+01:00"/>
  </effectivePeriod>
  <valueQuantity>
    <value value="500"/>
    <system value="http://unitsofmeasure.org"/>
    <code value="mL"/>
  </valueQuantity>
  <device>
    <reference value="DeviceMetric/deviceMetric-gemessen-beispiel-breas"/>
  </device>
</Observation>