<?xml version="1.0" encoding="UTF-8"?>

<Observation xmlns="http://hl7.org/fhir">
  <id value="amv-gemessen-beispiel-resmed"/>
  <meta>
    <profile value="http://t-cabs.org/StructureDefinition/t-cabs-observation-amv"/>
  </meta>
  <text>
    <status value="generated"/><div xmlns="http://www.w3.org/1999/xhtml"><p class="res-header-id"><b>Generated Narrative: Observation amv-gemessen-beispiel-resmed</b></p><a name="amv-gemessen-beispiel-resmed"> </a><a name="hcamv-gemessen-beispiel-resmed"> </a><a name="amv-gemessen-beispiel-resmed-en-US"> </a><div style="display: inline-block; background-color: #d9e0e7; padding: 6px; margin: 4px; border: 1px solid #8da1b4; border-radius: 5px; line-height: 60%"><p style="margin-bottom: 0px"/><p style="margin-bottom: 0px">Profile: <a href="StructureDefinition-t-cabs-observation-amv.html">T-CABS Observation AMV</a></p></div><p><b>partOf</b>: <a href="Procedure-procedure-CPAP-123.html">Procedure Continuous positive airway pressure ventilation treatment (regime/therapy)</a></p><p><b>status</b>: Final</p><p><b>category</b>: <span title="Codes:{http://snomed.info/sct 40617009}">Artificial ventilation (regime/therapy)</span></p><p><b>code</b>: <span title="Codes:{http://snomed.info/sct 250875001}, {http://loinc.org 76009-0}, {urn:iso:std:iso:11073:10101 152004}">Ventilator delivered minute volume (observable entity)</span></p><p><b>subject</b>: <a href="Patient-patient-44187887-a48d-4f4e-9393-e4207045a2c4.html">John Doe (official) (no stated gender), DoB: 1944-04-11 ( Medical record number)</a></p><p><b>effective</b>: 2019-12-23 09:30:10+0100 --&gt; 2019-12-24 09:30:10+0100</p><p><b>value</b>: 7.5 L/min<span style="background: LightGoldenRodYellow"> (Details: UCUM  codeL/min = 'L/min')</span></p><p><b>device</b>: <a href="DeviceMetric-deviceMetric-gemessen-beispiel-resmed.html">DeviceMetric: type = Artificial ventilation (regime/therapy); category = measurement</a></p></div>
  </text>
  <partOf>
    <reference value="Procedure/procedure-CPAP-123"/>
  </partOf>
  <status value="final"/>
  <category>
    <coding>
      <system value="http://snomed.info/sct"/>
      <code value="40617009"/>
      <display value="Artificial ventilation (regime/therapy)"/>
    </coding>
  </category>
  <code>
    <coding>
      <system value="http://snomed.info/sct"/>
      <code value="250875001"/>
      <display value="Ventilator delivered minute volume (observable entity)"/>
    </coding>
    <coding>
      <system value="http://loinc.org"/>
      <code value="76009-0"/>
      <display value="Inspired minute Volume during Mechanical ventilation"/>
    </coding>
    <coding>
      <system value="urn:iso:std:iso:11073:10101"/>
      <code value="152004"/>
      <display value="Ventilation inspiratory minute volume"/>
    </coding>
  </code>
  <subject>
    <reference value="Patient/patient-44187887-a48d-4f4e-9393-e4207045a2c4"/>
  </subject>
  <effectivePeriod>
    <start value="2019-12-23T09:30:10+01:00"/>
    <end value="2019-12-24T09:30:10+01:00"/>
  </effectivePeriod>
  <valueQuantity>
    <value value="7.5"/>
    <system value="http://unitsofmeasure.org"/>
    <code value="L/min"/>
  </valueQuantity>
  <device>
    <reference value="DeviceMetric/deviceMetric-gemessen-beispiel-resmed"/>
  </device>
</Observation>