{
  "resourceType" : "Observation",
  "id" : "amv-gemessen-beispiel-resmed",
  "meta" : {
    "profile" : ["http://t-cabs.org/StructureDefinition/t-cabs-observation-amv"]
  },
  "text" : {
    "status" : "generated",
    "div" : "<div xmlns=\"http://www.w3.org/1999/xhtml\"><p class=\"res-header-id\"><b>Generated Narrative: Observation amv-gemessen-beispiel-resmed</b></p><a name=\"amv-gemessen-beispiel-resmed\"> </a><a name=\"hcamv-gemessen-beispiel-resmed\"> </a><a name=\"amv-gemessen-beispiel-resmed-en-US\"> </a><div style=\"display: inline-block; background-color: #d9e0e7; padding: 6px; margin: 4px; border: 1px solid #8da1b4; border-radius: 5px; line-height: 60%\"><p style=\"margin-bottom: 0px\"/><p style=\"margin-bottom: 0px\">Profile: <a href=\"StructureDefinition-t-cabs-observation-amv.html\">T-CABS Observation AMV</a></p></div><p><b>partOf</b>: <a href=\"Procedure-procedure-CPAP-123.html\">Procedure Continuous positive airway pressure ventilation treatment (regime/therapy)</a></p><p><b>status</b>: Final</p><p><b>category</b>: <span title=\"Codes:{http://snomed.info/sct 40617009}\">Artificial ventilation (regime/therapy)</span></p><p><b>code</b>: <span title=\"Codes:{http://snomed.info/sct 250875001}, {http://loinc.org 76009-0}, {urn:iso:std:iso:11073:10101 152004}\">Ventilator delivered minute volume (observable entity)</span></p><p><b>subject</b>: <a href=\"Patient-patient-44187887-a48d-4f4e-9393-e4207045a2c4.html\">John Doe (official) (no stated gender), DoB: 1944-04-11 ( Medical record number)</a></p><p><b>effective</b>: 2019-12-23 09:30:10+0100 --&gt; 2019-12-24 09:30:10+0100</p><p><b>value</b>: 7.5 L/min<span style=\"background: LightGoldenRodYellow\"> (Details: UCUM  codeL/min = 'L/min')</span></p><p><b>device</b>: <a href=\"DeviceMetric-deviceMetric-gemessen-beispiel-resmed.html\">DeviceMetric: type = Artificial ventilation (regime/therapy); category = measurement</a></p></div>"
  },
  "partOf" : [{
    "reference" : "Procedure/procedure-CPAP-123"
  }],
  "status" : "final",
  "category" : [{
    "coding" : [{
      "system" : "http://snomed.info/sct",
      "code" : "40617009",
      "display" : "Artificial ventilation (regime/therapy)"
    }]
  }],
  "code" : {
    "coding" : [{
      "system" : "http://snomed.info/sct",
      "code" : "250875001",
      "display" : "Ventilator delivered minute volume (observable entity)"
    },
    {
      "system" : "http://loinc.org",
      "code" : "76009-0",
      "display" : "Inspired minute Volume during Mechanical ventilation"
    },
    {
      "system" : "urn:iso:std:iso:11073:10101",
      "code" : "152004",
      "display" : "Ventilation inspiratory minute volume"
    }]
  },
  "subject" : {
    "reference" : "Patient/patient-44187887-a48d-4f4e-9393-e4207045a2c4"
  },
  "effectivePeriod" : {
    "start" : "2019-12-23T09:30:10+01:00",
    "end" : "2019-12-24T09:30:10+01:00"
  },
  "valueQuantity" : {
    "value" : 7.5,
    "system" : "http://unitsofmeasure.org",
    "code" : "L/min"
  },
  "device" : {
    "reference" : "DeviceMetric/deviceMetric-gemessen-beispiel-resmed"
  }
}