<?xml version="1.0" encoding="UTF-8"?>

<Observation xmlns="http://hl7.org/fhir">
  <id value="beatmungsstunden-gemessen-beispiel-loewenstein"/>
  <meta>
    <profile value="http://t-cabs.org/StructureDefinition/t-cabs-observation-beatmungsstunden"/>
  </meta>
  <text>
    <status value="generated"/><div xmlns="http://www.w3.org/1999/xhtml"><p class="res-header-id"><b>Generated Narrative: Observation beatmungsstunden-gemessen-beispiel-loewenstein</b></p><a name="beatmungsstunden-gemessen-beispiel-loewenstein"> </a><a name="hcbeatmungsstunden-gemessen-beispiel-loewenstein"> </a><a name="beatmungsstunden-gemessen-beispiel-loewenstein-en-US"> </a><div style="display: inline-block; background-color: #d9e0e7; padding: 6px; margin: 4px; border: 1px solid #8da1b4; border-radius: 5px; line-height: 60%"><p style="margin-bottom: 0px"/><p style="margin-bottom: 0px">Profile: <a href="StructureDefinition-t-cabs-observation-beatmungsstunden.html">T-CABS Observation Beatmungsstunden</a></p></div><p><b>partOf</b>: <a href="Procedure-procedure-Bilevel-123.html">Procedure Bilevel artificial ventilation (regime/therapy)</a></p><p><b>status</b>: Final</p><p><b>category</b>: <span title="Codes:{http://snomed.info/sct 40617009}">Artificial ventilation (regime/therapy)</span></p><p><b>code</b>: <span title="Codes:{http://snomed.info/sct 261774000}">Duration of treatment (qualifier value)</span></p><p><b>subject</b>: <a href="Patient-patient-123456.html">John Doe (official) (no stated gender), DoB: 1944-04-11 ( Medical record number)</a></p><p><b>effective</b>: 2019-12-23 09:30:10+0100 --&gt; 2019-12-24 09:30:10+0100</p><p><b>value</b>: 6 h<span style="background: LightGoldenRodYellow"> (Details: UCUM  codeh = 'h')</span></p></div>
  </text>
  <partOf>
    <reference value="Procedure/procedure-Bilevel-123"/>
  </partOf>
  <status value="final"/>
  <category>
    <coding>
      <system value="http://snomed.info/sct"/>
      <code value="40617009"/>
      <display value="Artificial ventilation (regime/therapy)"/>
    </coding>
  </category>
  <code>
    <coding>
      <system value="http://snomed.info/sct"/>
      <code value="261774000"/>
      <display value="Duration of treatment (qualifier value)"/>
    </coding>
  </code>
  <subject>
    <reference value="Patient/patient-123456"/>
  </subject>
  <effectivePeriod>
    <start value="2019-12-23T09:30:10+01:00"/>
    <end value="2019-12-24T09:30:10+01:00"/>
  </effectivePeriod>
  <valueQuantity>
    <value value="6"/>
    <system value="http://unitsofmeasure.org"/>
    <code value="h"/>
  </valueQuantity>
</Observation>