{
  "resourceType" : "Observation",
  "id" : "atemfrequenz-gemessen-beispiel-breas",
  "meta" : {
    "profile" : ["https://www.medizininformatik-initiative.de/fhir/ext/modul-icu/StructureDefinition/spontane-mechanische-atemfrequenz-beatmet"]
  },
  "text" : {
    "status" : "generated",
    "div" : "<div xmlns=\"http://www.w3.org/1999/xhtml\"><p class=\"res-header-id\"><b>Generated Narrative: Observation atemfrequenz-gemessen-beispiel-breas</b></p><a name=\"atemfrequenz-gemessen-beispiel-breas\"> </a><a name=\"hcatemfrequenz-gemessen-beispiel-breas\"> </a><a name=\"atemfrequenz-gemessen-beispiel-breas-en-US\"> </a><div style=\"display: inline-block; background-color: #d9e0e7; padding: 6px; margin: 4px; border: 1px solid #8da1b4; border-radius: 5px; line-height: 60%\"><p style=\"margin-bottom: 0px\"/><p style=\"margin-bottom: 0px\">Profile: <a href=\"https://simplifier.net/resolve?scope=de.medizininformatikinitiative.kerndatensatz.icu@2025.0.2&amp;canonical=https://www.medizininformatik-initiative.de/fhir/ext/modul-icu/StructureDefinition/spontane-mechanische-atemfrequenz-beatmet\">SD MII ICU Spontane Mechanische Atemfrequenz Beatmet</a></p></div><p><b>partOf</b>: <a href=\"Procedure-procedure-PSV-123.html\">Procedure Pressure support ventilation (regime/therapy)</a></p><p><b>status</b>: Final</p><p><b>category</b>: <span title=\"Codes:{http://terminology.hl7.org/CodeSystem/observation-category vital-signs}\">Vital Signs</span></p><p><b>code</b>: <span title=\"Codes:{http://snomed.info/sct 250810003}, {http://loinc.org 19840-8}, {urn:iso:std:iso:11073:10101 152490}\">Total breath rate (observable entity)</span></p><p><b>subject</b>: <a href=\"Patient-patient-98219fce-813a-41f2-94ff-861d59b89715.html\">PatFN-1496 PatLN-1496 (official) (no stated gender), DoB: 1950-02-17 ( Medical record number)</a></p><p><b>effective</b>: 2019-12-23 09:30:10+0100 --&gt; 2019-12-23 10:30:10+0100</p><p><b>value</b>: 15 breaths per minute<span style=\"background: LightGoldenRodYellow\"> (Details: UCUM  code/min = '/min')</span></p><p><b>device</b>: <a href=\"DeviceMetric-deviceMetric-gemessen-beispiel-breas.html\">DeviceMetric: type = Artificial ventilation (regime/therapy); category = measurement</a></p></div>"
  },
  "partOf" : [{
    "reference" : "Procedure/procedure-PSV-123"
  }],
  "status" : "final",
  "category" : [{
    "coding" : [{
      "system" : "http://terminology.hl7.org/CodeSystem/observation-category",
      "code" : "vital-signs"
    }]
  }],
  "code" : {
    "coding" : [{
      "system" : "http://snomed.info/sct",
      "code" : "250810003",
      "display" : "Total breath rate (observable entity)"
    },
    {
      "system" : "http://loinc.org",
      "code" : "19840-8",
      "display" : "Breath rate spontaneous and mechanical --on ventilator"
    },
    {
      "system" : "urn:iso:std:iso:11073:10101",
      "code" : "152490",
      "display" : "Total breath rate (observable entity)"
    }]
  },
  "subject" : {
    "reference" : "Patient/patient-98219fce-813a-41f2-94ff-861d59b89715"
  },
  "effectivePeriod" : {
    "start" : "2019-12-23T09:30:10+01:00",
    "end" : "2019-12-23T10:30:10+01:00"
  },
  "valueQuantity" : {
    "value" : 15,
    "unit" : "breaths per minute",
    "system" : "http://unitsofmeasure.org",
    "code" : "/min"
  },
  "device" : {
    "reference" : "DeviceMetric/deviceMetric-gemessen-beispiel-breas"
  }
}