{
  "resourceType" : "Observation",
  "id" : "tidalvolumen-eingestellt-beispiel-breas",
  "meta" : {
    "profile" : ["https://www.medizininformatik-initiative.de/fhir/ext/modul-icu/StructureDefinition/atemzugvolumen-einstellung"]
  },
  "text" : {
    "status" : "generated",
    "div" : "<div xmlns=\"http://www.w3.org/1999/xhtml\"><p class=\"res-header-id\"><b>Generated Narrative: Observation tidalvolumen-eingestellt-beispiel-breas</b></p><a name=\"tidalvolumen-eingestellt-beispiel-breas\"> </a><a name=\"hctidalvolumen-eingestellt-beispiel-breas\"> </a><a name=\"tidalvolumen-eingestellt-beispiel-breas-en-US\"> </a><div style=\"display: inline-block; background-color: #d9e0e7; padding: 6px; margin: 4px; border: 1px solid #8da1b4; border-radius: 5px; line-height: 60%\"><p style=\"margin-bottom: 0px\"/><p style=\"margin-bottom: 0px\">Profile: <a href=\"https://simplifier.net/resolve?scope=de.medizininformatikinitiative.kerndatensatz.icu@2025.0.4&amp;canonical=https://www.medizininformatik-initiative.de/fhir/ext/modul-icu/StructureDefinition/atemzugvolumen-einstellung\">SD MII ICU Atemzugvolumen Einstellung</a></p></div><p><b>partOf</b>: <a href=\"Procedure-procedure-PSV-123.html\">Procedure Pressure support ventilation (regime/therapy)</a></p><p><b>status</b>: Final</p><p><b>category</b>: <span title=\"Codes:{http://snomed.info/sct 40617009}\">Artificial ventilation (regime/therapy)</span></p><p><b>code</b>: <span title=\"Codes:{http://snomed.info/sct 416811008}, {http://loinc.org 20112-9}, {urn:iso:std:iso:11073:10101 16929196}\">Tidal volume setting (observable entity)</span></p><p><b>subject</b>: <a href=\"Patient-patient-98219fce-813a-41f2-94ff-861d59b89715.html\">PatFN-1496 PatLN-1496 (official) (no stated gender), DoB: 1950-02-17 ( Medical record number)</a></p><p><b>effective</b>: 2019-12-23 09:30:10+0100 --&gt; 2019-12-23 10:30:10+0100</p><p><b>value</b>: 500 mL<span style=\"background: LightGoldenRodYellow\"> (Details: UCUM  codemL = 'mL')</span></p><p><b>device</b>: <a href=\"DeviceMetric-deviceMetric-eingestellt-beispiel-breas.html\">DeviceMetric: type = Artificial ventilation (regime/therapy); category = setting</a></p></div>"
  },
  "partOf" : [{
    "reference" : "Procedure/procedure-PSV-123"
  }],
  "status" : "final",
  "category" : [{
    "coding" : [{
      "system" : "http://snomed.info/sct",
      "code" : "40617009",
      "display" : "Artificial ventilation (regime/therapy)"
    }]
  }],
  "code" : {
    "coding" : [{
      "system" : "http://snomed.info/sct",
      "code" : "416811008",
      "display" : "Tidal volume setting (observable entity)"
    },
    {
      "system" : "http://loinc.org",
      "code" : "20112-9",
      "display" : "Tidal volume setting Ventilator"
    },
    {
      "system" : "urn:iso:std:iso:11073:10101",
      "code" : "16929196",
      "display" : "Tidal volume setting"
    }]
  },
  "subject" : {
    "reference" : "Patient/patient-98219fce-813a-41f2-94ff-861d59b89715"
  },
  "effectivePeriod" : {
    "start" : "2019-12-23T09:30:10+01:00",
    "end" : "2019-12-23T10:30:10+01:00"
  },
  "valueQuantity" : {
    "value" : 500,
    "system" : "http://unitsofmeasure.org",
    "code" : "mL"
  },
  "device" : {
    "reference" : "DeviceMetric/deviceMetric-eingestellt-beispiel-breas"
  }
}