{
  "resourceType" : "Patient",
  "id" : "patient-123456",
  "meta" : {
    "profile" : ["https://www.medizininformatik-initiative.de/fhir/core/modul-person/StructureDefinition/Patient"]
  },
  "text" : {
    "status" : "generated",
    "div" : "<div xmlns=\"http://www.w3.org/1999/xhtml\"><p class=\"res-header-id\"><b>Generated Narrative: Patient patient-123456</b></p><a name=\"patient-123456\"> </a><a name=\"hcpatient-123456\"> </a><a name=\"patient-123456-en-US\"> </a><div style=\"display: inline-block; background-color: #d9e0e7; padding: 6px; margin: 4px; border: 1px solid #8da1b4; border-radius: 5px; line-height: 60%\"><p style=\"margin-bottom: 0px\"/><p style=\"margin-bottom: 0px\">Profile: <a href=\"https://simplifier.net/resolve?scope=de.medizininformatikinitiative.kerndatensatz.person@2025.0.0&amp;canonical=https://www.medizininformatik-initiative.de/fhir/core/modul-person/StructureDefinition/Patient\">MII PR Person Patient</a></p></div><p style=\"border: 1px #661aff solid; background-color: #e6e6ff; padding: 10px;\">John Doe (official) (no stated gender), DoB: 1944-04-11 ( Medical record number)</p><hr/></div>"
  },
  "identifier" : [{
    "type" : {
      "coding" : [{
        "system" : "http://terminology.hl7.org/CodeSystem/v2-0203",
        "code" : "MR"
      },
      {
        "code" : "PI"
      }]
    },
    "system" : "http://www.loewenstein.com/identifiers/patient",
    "value" : "123456"
  }],
  "name" : [{
    "use" : "official",
    "family" : "Doe",
    "given" : ["John"]
  }],
  "birthDate" : "1944-04-11"
}