{
  "resourceType" : "Patient",
  "id" : "patient-98219fce-813a-41f2-94ff-861d59b89715",
  "meta" : {
    "profile" : ["https://www.medizininformatik-initiative.de/fhir/core/modul-person/StructureDefinition/Patient"]
  },
  "text" : {
    "status" : "generated",
    "div" : "<div xmlns=\"http://www.w3.org/1999/xhtml\"><p class=\"res-header-id\"><b>Generated Narrative: Patient patient-98219fce-813a-41f2-94ff-861d59b89715</b></p><a name=\"patient-98219fce-813a-41f2-94ff-861d59b89715\"> </a><a name=\"hcpatient-98219fce-813a-41f2-94ff-861d59b89715\"> </a><a name=\"patient-98219fce-813a-41f2-94ff-861d59b89715-en-US\"> </a><div style=\"display: inline-block; background-color: #d9e0e7; padding: 6px; margin: 4px; border: 1px solid #8da1b4; border-radius: 5px; line-height: 60%\"><p style=\"margin-bottom: 0px\"/><p style=\"margin-bottom: 0px\">Profile: <a href=\"https://simplifier.net/resolve?scope=de.medizininformatikinitiative.kerndatensatz.person@2025.0.0&amp;canonical=https://www.medizininformatik-initiative.de/fhir/core/modul-person/StructureDefinition/Patient\">MII PR Person Patient</a></p></div><p style=\"border: 1px #661aff solid; background-color: #e6e6ff; padding: 10px;\">PatFN-1496 PatLN-1496 (official) (no stated gender), DoB: 1950-02-17 ( Medical record number)</p><hr/><table class=\"grid\"><tr><td style=\"background-color: #f3f5da\" title=\"Record is active\">Active:</td><td colspan=\"3\">true</td></tr></table></div>"
  },
  "identifier" : [{
    "type" : {
      "coding" : [{
        "system" : "http://terminology.hl7.org/CodeSystem/v2-0203",
        "code" : "MR"
      },
      {
        "code" : "PI"
      }]
    },
    "system" : "http://www.breas.com/identifiers/patient",
    "value" : "98219fce-813a-41f2-94ff-861d59b89715"
  }],
  "active" : true,
  "name" : [{
    "use" : "official",
    "family" : "PatLN-1496",
    "given" : ["PatFN-1496"]
  }],
  "birthDate" : "1950-02-17"
}