{
  "resourceType" : "Practitioner",
  "id" : "tcabs-practitioner-example",
  "meta" : {
    "profile" : ["http://t-cabs.org/StructureDefinition/t-cabs-practitioner-personmitfunktion",
    "https://gematik.de/fhir/isik/StructureDefinition/ISiKPersonImGesundheitsberuf"]
  },
  "text" : {
    "status" : "generated",
    "div" : "<div xmlns=\"http://www.w3.org/1999/xhtml\"><p class=\"res-header-id\"><b>Generated Narrative: Practitioner tcabs-practitioner-example</b></p><a name=\"tcabs-practitioner-example\"> </a><a name=\"hctcabs-practitioner-example\"> </a><div style=\"display: inline-block; background-color: #d9e0e7; padding: 6px; margin: 4px; border: 1px solid #8da1b4; border-radius: 5px; line-height: 60%\"><p style=\"margin-bottom: 0px\"/><p style=\"margin-bottom: 0px\">Profiles: <a href=\"StructureDefinition-t-cabs-practitioner-personmitfunktion.html\">T-CABS Person with Function</a>, <a href=\"https://simplifier.net/resolve?scope=de.medizininformatikinitiative.kerndatensatz.person@2025.0.0&amp;canonical=https://gematik.de/fhir/isik/StructureDefinition/ISiKPersonImGesundheitsberuf\">https://gematik.de/fhir/isik/StructureDefinition/ISiKPersonImGesundheitsberuf</a></p></div><p><b>identifier</b>: <code>http://tcabs.example.org/practitioners</code>/TCABS-DOC-001</p><p><b>name</b>: Anna Schmidt(Official)</p><p><b>telecom</b>: <a href=\"mailto:anna.schmidt@tcabs-clinic.de\">anna.schmidt@tcabs-clinic.de</a></p></div>"
  },
  "identifier" : [{
    "system" : "http://tcabs.example.org/practitioners",
    "value" : "TCABS-DOC-001"
  }],
  "name" : [{
    "use" : "official",
    "text" : "Anna Schmidt",
    "family" : "Schmidt",
    "given" : ["Anna"]
  }],
  "telecom" : [{
    "system" : "email",
    "value" : "anna.schmidt@tcabs-clinic.de"
  }]
}