{
  "package": "t-cabs",
  "version": "0.1.0",
  "fhirVersion": "4.0.1",
  "extensions": [],
  "profiles": {
    "Communication": [
      {
        "url": "http://t-cabs.org/StructureDefinition/t-cabs-communication-alarm",
        "title": "T-CABS Communication Alarm"
      },
      {
        "url": "http://t-cabs.org/StructureDefinition/t-cabs-communication-atemfrequenz-high-alarm",
        "title": "T-CABS Communication Atemfrequenz high Alarm"
      },
      {
        "url": "http://t-cabs.org/StructureDefinition/t-cabs-communication-atemfrequenz-low-alarm",
        "title": "T-CABS Communication Atemfrequenz low Alarm"
      },
      {
        "url": "http://t-cabs.org/StructureDefinition/t-cabs-communication-diskonnektion-alarm",
        "title": "T-CABS Communication Diskonnektion Alarm"
      }
    ],
    "Device": [
      {
        "url": "http://t-cabs.org/StructureDefinition/t-cabs-device-beatmungsgeraet",
        "title": "T-CABS Device Beatmungsgerät"
      }
    ],
    "DeviceMetric": [
      {
        "url": "http://t-cabs.org/StructureDefinition/t-cabs-devicemetric-eingestellter-gemessener-parameter",
        "title": "T-CABS DeviceMetric eingestellter oder gemessener Parameter"
      }
    ],
    "Observation": [
      {
        "url": "http://t-cabs.org/StructureDefinition/t-cabs-observation-ahi",
        "title": "T-CABS Observation AHI"
      },
      {
        "url": "http://t-cabs.org/StructureDefinition/t-cabs-observation-amv",
        "title": "T-CABS Observation AMV"
      },
      {
        "url": "http://t-cabs.org/StructureDefinition/t-cabs-observation-arterieller-blutdruck",
        "title": "T-CABS Observation Arterieller Blutdruck"
      },
      {
        "url": "http://t-cabs.org/StructureDefinition/t-cabs-observation-atemfrequenz",
        "title": "Atemfrequenz"
      },
      {
        "url": "http://t-cabs.org/StructureDefinition/t-cabs-observation-atemfrequenz-beatmet",
        "title": "T-CABS Observation AF"
      },
      {
        "url": "http://t-cabs.org/StructureDefinition/t-cabs-observation-beatmungsstunden",
        "title": "T-CABS Observation Beatmungsstunden"
      },
      {
        "url": "http://t-cabs.org/StructureDefinition/t-cabs-observation-bmi",
        "title": "BMI Observation"
      },
      {
        "url": "http://t-cabs.org/StructureDefinition/t-cabs-observation-gehstrecke",
        "title": "Gehstrecke"
      },
      {
        "url": "http://t-cabs.org/StructureDefinition/t-cabs-observation-herzfrequenz",
        "title": "T_CABS_Observation_Herzfrequenz"
      },
      {
        "url": "http://t-cabs.org/StructureDefinition/t-cabs-observation-leckage",
        "title": "T-CABS Observation Leckage"
      },
      {
        "url": "http://t-cabs.org/StructureDefinition/t-cabs-observation-spo2",
        "title": "T-CABS Observation SPO2"
      },
      {
        "url": "http://t-cabs.org/StructureDefinition/t-cabs-observation-triggeredbreaths",
        "title": "T-CABS Observation TriggeredBreaths"
      },
      {
        "url": "http://t-cabs.org/StructureDefinition/t-cabs-observationfev1",
        "title": "FEV1 Observation"
      }
    ],
    "Practitioner": [
      {
        "url": "http://t-cabs.org/StructureDefinition/t-cabs-practitioner-arzt",
        "title": "T-CABS Practitioner Arzt"
      }
    ],
    "Procedure": [
      {
        "url": "http://t-cabs.org/StructureDefinition/t-cabs-procedure-beatmung",
        "title": "T-CABS Procedure Beatmung"
      }
    ]
  },
  "usage": {
    "http://fhir.de/StructureDefinition/ProzedurDokumentationsdatum": [
      "Procedure"
    ],
    "http://fhir.de/StructureDefinition/gender-amtlich-de": [
      "Practitioner.gender"
    ],
    "http://fhir.de/StructureDefinition/humanname-namenszusatz": [
      "Practitioner.name.family"
    ],
    "http://fhir.de/StructureDefinition/seitenlokalisation": [
      "Procedure.code.coding"
    ],
    "http://hl7.org/fhir/StructureDefinition/data-absent-reason": [
      "Practitioner.birthDate"
    ],
    "http://hl7.org/fhir/StructureDefinition/elementdefinition-bestpractice": [
      "StructureDefinition.snapshot.element.constraint"
    ],
    "http://hl7.org/fhir/StructureDefinition/elementdefinition-bestpractice-explanation": [
      "StructureDefinition.snapshot.element.constraint"
    ],
    "http://hl7.org/fhir/StructureDefinition/elementdefinition-bindingName": [
      "StructureDefinition.snapshot.element.binding"
    ],
    "http://hl7.org/fhir/StructureDefinition/elementdefinition-isCommonBinding": [
      "StructureDefinition.snapshot.element.binding"
    ],
    "http://hl7.org/fhir/StructureDefinition/elementdefinition-maxValueSet": [
      "StructureDefinition.snapshot.element.binding"
    ],
    "http://hl7.org/fhir/StructureDefinition/elementdefinition-translatable": [
      "StructureDefinition.snapshot.element"
    ],
    "http://hl7.org/fhir/StructureDefinition/humanname-own-name": [
      "Practitioner.name.family"
    ],
    "http://hl7.org/fhir/StructureDefinition/humanname-own-prefix": [
      "Practitioner.name.family"
    ],
    "http://hl7.org/fhir/StructureDefinition/iso21090-ADXP-additionalLocator": [
      "Practitioner.address.line"
    ],
    "http://hl7.org/fhir/StructureDefinition/iso21090-ADXP-houseNumber": [
      "Practitioner.address.line",
      "StructureDefinition.snapshot.element.example.valueString"
    ],
    "http://hl7.org/fhir/StructureDefinition/iso21090-ADXP-postBox": [
      "Practitioner.address.line"
    ],
    "http://hl7.org/fhir/StructureDefinition/iso21090-ADXP-precinct": [
      "Practitioner.address"
    ],
    "http://hl7.org/fhir/StructureDefinition/iso21090-ADXP-streetName": [
      "Practitioner.address.line",
      "StructureDefinition.snapshot.element.example.valueString"
    ],
    "http://hl7.org/fhir/StructureDefinition/iso21090-EN-qualifier": [
      "Practitioner.name.prefix"
    ],
    "http://hl7.org/fhir/StructureDefinition/regex": [
      "StructureDefinition.snapshot.element.type"
    ],
    "http://hl7.org/fhir/StructureDefinition/structuredefinition-display-hint": [
      "StructureDefinition.snapshot.element"
    ],
    "http://hl7.org/fhir/StructureDefinition/structuredefinition-fhir-type": [
      "StructureDefinition.snapshot.element.type"
    ],
    "http://hl7.org/fhir/StructureDefinition/structuredefinition-normative-version": [
      "StructureDefinition.snapshot.element"
    ],
    "http://hl7.org/fhir/StructureDefinition/structuredefinition-standards-status": [
      "StructureDefinition.snapshot.element"
    ],
    "http://hl7.org/fhir/StructureDefinition/translation": [
      "StructureDefinition.snapshot.element.definition",
      "StructureDefinition.snapshot.element.short"
    ],
    "http://hl7.org/fhir/tools/StructureDefinition/ig-internal-dependency": [
      "ImplementationGuide.definition"
    ],
    "http://hl7.org/fhir/tools/StructureDefinition/ig-page-name": [
      "ImplementationGuide.definition.page",
      "ImplementationGuide.definition.page.page"
    ],
    "http://hl7.org/fhir/tools/StructureDefinition/ig-parameter": [
      "ImplementationGuide.definition"
    ],
    "http://hl7.org/fhir/tools/StructureDefinition/implementationguide-dependency-comment": [
      "ImplementationGuide.dependsOn"
    ],
    "http://hl7.org/fhir/tools/StructureDefinition/resource-information": [
      "ImplementationGuide.definition.resource"
    ],
    "http://hl7.org/fhir/tools/StructureDefinition/snapshot-base-version": [
      "StructureDefinition.snapshot"
    ],
    "https://www.medizininformatik-initiative.de/fhir/core/modul-prozedur/StructureDefinition/Durchfuehrungsabsicht": [
      "Procedure"
    ]
  }
}