{
  "package": "t-cabs",
  "version": "0.1.0",
  "fhirVersion": "4.0.1",
  "extensions": [],
  "profiles": {
    "Device": [
      {
        "url": "http://t-cabs.org/StructureDefinition/t-cabs-device-channel-beatmungsgeraet",
        "title": "T-CABS Device Channel Beatmungsgeraet"
      },
      {
        "url": "http://t-cabs.org/StructureDefinition/t-cabs-device-mds-beatmungsgeraet",
        "title": "T-CABS Device MDS Heimbeatmungsgerät"
      },
      {
        "url": "http://t-cabs.org/StructureDefinition/t-cabs-device-phd",
        "title": "T-CABS Device PHD"
      },
      {
        "url": "http://t-cabs.org/StructureDefinition/t-cabs-device-phg",
        "title": "T-CABS Device PHG"
      },
      {
        "url": "http://t-cabs.org/StructureDefinition/t-cabs-device-vmd-beatmungsgeraet",
        "title": "T-CABS Device VMD Beatmungsgeraet"
      }
    ],
    "DeviceMetric": [
      {
        "url": "http://t-cabs.org/StructureDefinition/t-cabs-devicemetric-numericmetric",
        "title": "T-CABS DeviceMetric NumericMetric"
      }
    ],
    "DiagnosticReport": [
      {
        "url": "http://t-cabs.org/StructureDefinition/t-cabs-diagnosticreport-visitenbefund",
        "title": "T-CABS DiagnosticReport Visitenbefund"
      }
    ],
    "Encounter": [
      {
        "url": "http://t-cabs.org/StructureDefinition/t-cabs-encounter-kontakt",
        "title": "T-CABS Encounter Kontakt"
      }
    ],
    "Group": [
      {
        "url": "http://t-cabs.org/StructureDefinition/t-cabs-group-patientengruppe",
        "title": "T-CABS Patientengruppe"
      }
    ],
    "Observation": [
      {
        "url": "http://t-cabs.org/StructureDefinition/t-cabs-observation-ahi",
        "title": "T-CABS Observation AHI"
      },
      {
        "url": "http://t-cabs.org/StructureDefinition/t-cabs-observation-amv",
        "title": "T-CABS Observation AMV"
      },
      {
        "url": "http://t-cabs.org/StructureDefinition/t-cabs-observation-arteriellerblutdruck",
        "title": "T-CABS Observation Arterieller Blutdruck"
      },
      {
        "url": "http://t-cabs.org/StructureDefinition/t-cabs-observation-arteriellespo2",
        "title": "T-CABS Observation SPO2"
      },
      {
        "url": "http://t-cabs.org/StructureDefinition/t-cabs-observation-atemfrequenz",
        "title": "T-CABS Observation Atemfrequenz"
      },
      {
        "url": "http://t-cabs.org/StructureDefinition/t-cabs-observation-atemfrequenz-beatmet",
        "title": "T-CABS Observation AF"
      },
      {
        "url": "http://t-cabs.org/StructureDefinition/t-cabs-observation-atemzeitverhaeltnis",
        "title": "T-CABS Observation Atemzeitverhaeltnis"
      },
      {
        "url": "http://t-cabs.org/StructureDefinition/t-cabs-observation-beatmungsparameter",
        "title": "T-CABS Observation Beatmungsparameter (abstract)"
      },
      {
        "url": "http://t-cabs.org/StructureDefinition/t-cabs-observation-bmi",
        "title": "T-CABS Observation BMI"
      },
      {
        "url": "http://t-cabs.org/StructureDefinition/t-cabs-observation-druck-minmax",
        "title": "T-CABS Observation Druck MIN/MAX"
      },
      {
        "url": "http://t-cabs.org/StructureDefinition/t-cabs-observation-gehstrecke",
        "title": "T-CABS Observation Gehstrecke"
      },
      {
        "url": "http://t-cabs.org/StructureDefinition/t-cabs-observation-herzfrequenz",
        "title": "T-CABS Observation Herzfrequenz"
      },
      {
        "url": "http://t-cabs.org/StructureDefinition/t-cabs-observation-ipap",
        "title": "T-CABS Observation IPAP"
      },
      {
        "url": "http://t-cabs.org/StructureDefinition/t-cabs-observation-koerpergewicht",
        "title": "T-CABS Observation Koerpergewicht"
      },
      {
        "url": "http://t-cabs.org/StructureDefinition/t-cabs-observation-koerpertemperatur",
        "title": "T-CABS Observation Koerpertemperatur"
      },
      {
        "url": "http://t-cabs.org/StructureDefinition/t-cabs-observation-leckage",
        "title": "T-CABS Observation Leckage"
      },
      {
        "url": "http://t-cabs.org/StructureDefinition/t-cabs-observation-peep",
        "title": "T-CABS Observation PEEP"
      },
      {
        "url": "http://t-cabs.org/StructureDefinition/t-cabs-observation-targetvolume",
        "title": "T-CABS Observation Target Volume"
      },
      {
        "url": "http://t-cabs.org/StructureDefinition/t-cabs-observation-ti",
        "title": "T-CABS Observation TI"
      },
      {
        "url": "http://t-cabs.org/StructureDefinition/t-cabs-observation-triggeredbreaths",
        "title": "T-CABS Observation TriggeredBreaths"
      },
      {
        "url": "http://t-cabs.org/StructureDefinition/t-cabs-observation-vitalparameter",
        "title": "T-CABS Observation Vitalparamter"
      },
      {
        "url": "http://t-cabs.org/StructureDefinition/t-cabs-observationfev1",
        "title": "T-CABS Observation FEV1"
      }
    ],
    "Organization": [
      {
        "url": "http://t-cabs.org/StructureDefinition/t-cabs-organisation",
        "title": "T-CABS Organisation"
      }
    ],
    "Patient": [
      {
        "url": "http://t-cabs.org/StructureDefinition/t-cabs-patient",
        "title": "T-CABS Patient"
      }
    ],
    "PractitionerRole": [
      {
        "url": "http://t-cabs.org/StructureDefinition/t-cabs-practitioner-funktion",
        "title": "T-CABS Funktion"
      }
    ],
    "Practitioner": [
      {
        "url": "http://t-cabs.org/StructureDefinition/t-cabs-practitioner-personmitfunktion",
        "title": "T-CABS Person mit Funktion"
      }
    ],
    "Procedure": [
      {
        "url": "http://t-cabs.org/StructureDefinition/t-cabs-procedure-beatmung",
        "title": "T-CABS Procedure Beatmung"
      }
    ],
    "ResearchStudy": [
      {
        "url": "http://t-cabs.org/StructureDefinition/t-cabs-researchstudy-studie",
        "title": "T-CABS ResearchStudy Studie"
      }
    ],
    "ResearchSubject": [
      {
        "url": "http://t-cabs.org/StructureDefinition/t-cabs-researchsubject-studienteilnehmer",
        "title": "T-CABS ResearchSubject Studie"
      }
    ]
  },
  "usage": {
    "http://fhir.de/StructureDefinition/Aufnahmegrund": [
      "Encounter"
    ],
    "http://fhir.de/StructureDefinition/Entlassungsgrund": [
      "Encounter.hospitalization.dischargeDisposition"
    ],
    "http://fhir.de/StructureDefinition/destatis/ags": [
      "Patient.address.city"
    ],
    "http://fhir.de/StructureDefinition/gender-amtlich-de": [
      "Patient.gender"
    ],
    "http://fhir.de/StructureDefinition/humanname-namenszusatz": [
      "Patient.name.family"
    ],
    "http://hl7.org/fhir/5.0/StructureDefinition/extension-Encounter.plannedEndDate": [
      "Encounter"
    ],
    "http://hl7.org/fhir/5.0/StructureDefinition/extension-Encounter.plannedStartDate": [
      "Encounter"
    ],
    "http://hl7.org/fhir/StructureDefinition/data-absent-reason": [
      "Patient.birthDate"
    ],
    "http://hl7.org/fhir/StructureDefinition/elementdefinition-bestpractice": [
      "StructureDefinition.snapshot.element.constraint"
    ],
    "http://hl7.org/fhir/StructureDefinition/elementdefinition-bestpractice-explanation": [
      "StructureDefinition.snapshot.element.constraint"
    ],
    "http://hl7.org/fhir/StructureDefinition/elementdefinition-bindingName": [
      "StructureDefinition.snapshot.element.binding"
    ],
    "http://hl7.org/fhir/StructureDefinition/elementdefinition-isCommonBinding": [
      "StructureDefinition.snapshot.element.binding"
    ],
    "http://hl7.org/fhir/StructureDefinition/elementdefinition-maxValueSet": [
      "StructureDefinition.snapshot.element.binding"
    ],
    "http://hl7.org/fhir/StructureDefinition/elementdefinition-translatable": [
      "StructureDefinition.snapshot.element"
    ],
    "http://hl7.org/fhir/StructureDefinition/humanname-own-name": [
      "Patient.name.family"
    ],
    "http://hl7.org/fhir/StructureDefinition/humanname-own-prefix": [
      "Patient.name.family"
    ],
    "http://hl7.org/fhir/StructureDefinition/iso21090-ADXP-additionalLocator": [
      "Patient.address.line"
    ],
    "http://hl7.org/fhir/StructureDefinition/iso21090-ADXP-houseNumber": [
      "Patient.address.line",
      "StructureDefinition.snapshot.element.example.valueString"
    ],
    "http://hl7.org/fhir/StructureDefinition/iso21090-ADXP-postBox": [
      "Patient.address.line"
    ],
    "http://hl7.org/fhir/StructureDefinition/iso21090-ADXP-precinct": [
      "Patient.address"
    ],
    "http://hl7.org/fhir/StructureDefinition/iso21090-ADXP-streetName": [
      "Patient.address.line",
      "StructureDefinition.snapshot.element.example.valueString"
    ],
    "http://hl7.org/fhir/StructureDefinition/iso21090-EN-qualifier": [
      "Patient.name.prefix"
    ],
    "http://hl7.org/fhir/StructureDefinition/regex": [
      "StructureDefinition.snapshot.element.type"
    ],
    "http://hl7.org/fhir/StructureDefinition/structuredefinition-display-hint": [
      "StructureDefinition.snapshot.element"
    ],
    "http://hl7.org/fhir/StructureDefinition/structuredefinition-fhir-type": [
      "StructureDefinition.snapshot.element.type"
    ],
    "http://hl7.org/fhir/StructureDefinition/structuredefinition-hierarchy": [
      "StructureDefinition.snapshot.element.type"
    ],
    "http://hl7.org/fhir/StructureDefinition/structuredefinition-normative-version": [
      "StructureDefinition.snapshot.element"
    ],
    "http://hl7.org/fhir/StructureDefinition/structuredefinition-standards-status": [
      "StructureDefinition.snapshot.element"
    ],
    "http://hl7.org/fhir/StructureDefinition/translation": [
      "StructureDefinition.snapshot.element.definition",
      "StructureDefinition.snapshot.element.short"
    ],
    "http://hl7.org/fhir/tools/StructureDefinition/ig-internal-dependency": [
      "ImplementationGuide.definition"
    ],
    "http://hl7.org/fhir/tools/StructureDefinition/ig-page-name": [
      "ImplementationGuide.definition.page",
      "ImplementationGuide.definition.page.page"
    ],
    "http://hl7.org/fhir/tools/StructureDefinition/ig-parameter": [
      "ImplementationGuide.definition"
    ],
    "http://hl7.org/fhir/tools/StructureDefinition/implementationguide-dependency-comment": [
      "ImplementationGuide.dependsOn"
    ],
    "http://hl7.org/fhir/tools/StructureDefinition/resource-information": [
      "ImplementationGuide.definition.resource"
    ],
    "http://hl7.org/fhir/tools/StructureDefinition/snapshot-base-version": [
      "StructureDefinition.snapshot"
    ],
    "http://hl7.org/fhir/uv/pocd/StructureDefinition/approved-jurisdictions": [
      "Device"
    ],
    "http://hl7.org/fhir/uv/pocd/StructureDefinition/device-instance": [
      "Device",
      "DeviceMetric"
    ],
    "http://hl7.org/fhir/uv/pocd/StructureDefinition/metric-availability": [
      "DeviceMetric"
    ],
    "http://hl7.org/fhir/uv/pocd/StructureDefinition/operating-cycles": [
      "Device"
    ],
    "http://hl7.org/fhir/uv/pocd/StructureDefinition/operating-hours": [
      "Device"
    ],
    "http://hl7.org/fhir/uv/pocd/StructureDefinition/operating-mode": [
      "Device"
    ],
    "http://hl7.org/fhir/uv/pocd/StructureDefinition/operator": [
      "Device"
    ],
    "http://hl7.org/fhir/uv/pocd/StructureDefinition/relation": [
      "DeviceMetric"
    ],
    "http://hl7.org/fhir/uv/pocd/StructureDefinition/resolution": [
      "DeviceMetric"
    ],
    "http://hl7.org/fhir/uv/pocd/StructureDefinition/technical-range": [
      "DeviceMetric"
    ],
    "https://www.medizininformatik-initiative.de/fhir/modul-meta/StructureDefinition/mii-ex-meta-license-codeable": [
      "StructureDefinition"
    ]
  }
}