<?xml version="1.0" encoding="UTF-8"?>

<ValueSet xmlns="http://hl7.org/fhir">
  <id value="t-cabs-valueset-Beatmungsmodus"/>
  <text>
    <status value="generated"/><div xmlns="http://www.w3.org/1999/xhtml"><p class="res-header-id"><b>Generated Narrative: ValueSet t-cabs-valueset-Beatmungsmodus</b></p><a name="t-cabs-valueset-Beatmungsmodus"> </a><a name="hct-cabs-valueset-Beatmungsmodus"> </a><ul><li>Include these codes as defined in <a href="http://terminology.hl7.org/6.5.0/CodeSystem-v3-mdc.html"><code>urn:iso:std:iso:11073:10101</code></a><span title="Version is not explicity stated. No matching Code System found"> version Not Stated (use latest from terminology server)</span><table class="none"><tr><td style="white-space:nowrap"><b>Code</b></td><td><b>Display</b></td></tr><tr><td>475172</td><td>MDC_VENT_MODE_ISO_AC_PC5vLim_6ACAPH_3LC_3TRGC</td></tr><tr><td>475147</td><td>MDC_VENT_MODE_ISO_AC_PC_6ACAP</td></tr><tr><td>475148</td><td>MDC_VENT_MODE_ISO_AC_vtPC_6ACAP</td></tr><tr><td>475154</td><td>MDC_VENT_MODE_ISO_CSV_PS_6ACAP_012_015</td></tr><tr><td>475197</td><td>MDC_VENT_MODE_ISO_Bi9level_AV_0_SIMV_PC_8PS_8PS_6ACAP</td></tr><tr><td>475201</td><td>MDC_VENT_MODE_ISO_CMV_VC</td></tr><tr><td>151796</td><td>MDC_PRESS_AWAY_CTS_POS</td></tr></table></li></ul></div>
  </text>
  <url value="http://t-cabs.org/ValueSet/t-cabs-valueset-Beatmungsmodus"/>
  <version value="0.1.0"/>
  <name value="T_CABS_ValueSet_Beatmungsmodus"/>
  <title value="T-CABS ValueSet Beatmungsmodus"/>
  <status value="draft"/>
  <date value="2025-10-16T18:59:10+02:00"/>
  <publisher value="BIH-CEI"/>
  <contact>
    <name value="BIH-CEI"/>
    <telecom>
      <system value="url"/>
      <value value="http://example.org/example-publisher"/>
    </telecom>
  </contact>
  <description value="Dieses ValueSet enthält Codes um die verschiedenen Beatmungsmodi abzubilden"/>
  <compose>
    <include>
      <system value="urn:iso:std:iso:11073:10101"/>
      <concept>
        <code value="475172"/>
        <display value="MDC_VENT_MODE_ISO_AC_PC5vLim_6ACAPH_3LC_3TRGC"/>
      </concept>
      <concept>
        <code value="475147"/>
        <display value="MDC_VENT_MODE_ISO_AC_PC_6ACAP"/>
      </concept>
      <concept>
        <code value="475148"/>
        <display value="MDC_VENT_MODE_ISO_AC_vtPC_6ACAP"/>
      </concept>
      <concept>
        <code value="475154"/>
        <display value="MDC_VENT_MODE_ISO_CSV_PS_6ACAP_012_015"/>
      </concept>
      <concept>
        <code value="475197"/>
        <display value="MDC_VENT_MODE_ISO_Bi9level_AV_0_SIMV_PC_8PS_8PS_6ACAP"/>
      </concept>
      <concept>
        <code value="475201"/>
        <display value="MDC_VENT_MODE_ISO_CMV_VC"/>
      </concept>
      <concept>
        <code value="151796"/>
        <display value="MDC_PRESS_AWAY_CTS_POS"/>
      </concept>
    </include>
  </compose>
</ValueSet>