{
  "codeSystems" : [
    {
      "url" : "http://fhir.de/ValueSet/UcumVitalsCommonDE",
      "version" : "1.5.0",
      "status" : "active",
      "name" : "UCUM_Vitals_Common_DE",
      "title" : "UCUM Vitals Common DE",
      "description" : "Alle innerhalb der VitalSign Profile (DE) erlaubten UCUM Einheiten für value[x]",
      "systems" : ["http://unitsofmeasure.org"],
      "uses" : {
      },
      "StructureDefinition-t-cabs-observation-arterieller-blutdruck.html" : "T-CABS Observation Arterieller Blutdruck",
      "StructureDefinition-t-cabs-observation-spo2.html" : "T-CABS Observation SPO2"
    },
    {
      "url" : "http://fhir.de/ValueSet/VitalSignDE-Atemfrequenz-SNOMED-CT",
      "version" : "1.5.0",
      "status" : "active",
      "name" : "VitalSignDE_Atemfrequenz_SNOMED_CT",
      "title" : "VitalSignDE_Atemfrequenz_SNOMED_CT",
      "description" : "VitalSignDE_Atemfrequenz_SNOMED_CT enthält die erwarteten $sct Codes für Atemfrequenz",
      "systems" : ["http://snomed.info/sct"],
      "uses" : {
      },
      "StructureDefinition-t-cabs-observation-atemfrequenz.html" : "Atemfrequenz"
    },
    {
      "url" : "http://fhir.de/ValueSet/VitalSignDE-Sauerstoffsaettigung-SNOMED-CT",
      "version" : "1.5.2",
      "status" : "active",
      "name" : "VitalSignDE_Sauerstoffsaettigung_SNOMED_CT",
      "title" : "VitalSignDE_Sauerstoffsaettigung_SNOMED_CT",
      "description" : "VitalSignDE_Sauerstoffsaettigung_SNOMED_CT enthält die erwarteten $sct Codes für Sauerstoffsaettigung",
      "systems" : ["http://snomed.info/sct"],
      "uses" : {
      },
      "StructureDefinition-t-cabs-observation-spo2.html" : "T-CABS Observation SPO2"
    },
    {
      "url" : "http://fhir.de/ValueSet/bfarm/ops",
      "version" : "1.5.0",
      "status" : "active",
      "name" : "OpsVS",
      "title" : "OPS ValueSet",
      "description" : "OPS ValueSet",
      "systems" : ["http://fhir.de/CodeSystem/bfarm/ops"],
      "uses" : {
      },
      "StructureDefinition-t-cabs-procedure-beatmung.html" : "T-CABS Procedure Beatmung"
    },
    {
      "url" : "http://fhir.de/ValueSet/gender-other-de",
      "version" : "1.5.0",
      "status" : "active",
      "name" : "GenderOtherDE",
      "title" : "GenderOtherDE ValueSet",
      "description" : "Codes zur Erfassung des amtlichen Geschlechts auf Basis der Spezifikationen \"XPersonenstand - Elektronische Datenübermittlung im Personenstandswesen\" und \"Kassenärztliche Vereinigung-Datentransfer\" der KB",
      "systems" : ["http://fhir.de/CodeSystem/gender-amtlich-de"],
      "uses" : {
      },
      "StructureDefinition-t-cabs-practitioner-arzt.html" : "T-CABS Practitioner Arzt"
    },
    {
      "url" : "http://fhir.de/ValueSet/identifier-type-de-basis",
      "version" : "1.5.0",
      "status" : "active",
      "name" : "IdentifierTypeDeBasis",
      "title" : "Identifier Type DeBasis ValueSet",
      "description" : "ValueSet zur Codierung des Identifier-Typs",
      "systems" : [
        "http://fhir.de/CodeSystem/identifier-type-de-basis",
        "http://terminology.hl7.org/CodeSystem/v2-0203"
      ],
      "uses" : {
      },
      "StructureDefinition-t-cabs-practitioner-arzt.html" : "T-CABS Practitioner Arzt"
    },
    {
      "url" : "http://fhir.de/ValueSet/iso/bundeslaender",
      "version" : "1.5.0",
      "status" : "active",
      "name" : "ValueSetISO31662DE",
      "title" : "ISO-3166-2:de-Laendercodes",
      "description" : "Enthaelt die ISO-3166-2:DE Codes für die deutschen Bundeslaender.",
      "systems" : ["urn:iso:std:iso:3166-2:de"],
      "uses" : {
      },
      "StructureDefinition-t-cabs-practitioner-arzt.html" : "T-CABS Practitioner Arzt"
    },
    {
      "url" : "http://hl7.org/fhir/ValueSet/address-type",
      "version" : "4.0.1",
      "status" : "active",
      "name" : "AddressType",
      "title" : "AddressType",
      "description" : "The type of an address (physical / postal).",
      "systems" : ["http://hl7.org/fhir/address-type"],
      "oids" : ["2.16.840.1.113883.4.642.3.69"],
      "sources" : ["2.16.840.1.113883.4.642.3.69"],
      "uses" : {
      },
      "StructureDefinition-t-cabs-practitioner-arzt.html" : "T-CABS Practitioner Arzt"
    },
    {
      "url" : "http://hl7.org/fhir/ValueSet/address-use",
      "version" : "4.0.1",
      "status" : "active",
      "name" : "AddressUse",
      "title" : "AddressUse",
      "description" : "The use of an address.",
      "systems" : ["http://hl7.org/fhir/address-use"],
      "oids" : ["2.16.840.1.113883.4.642.3.67"],
      "sources" : ["2.16.840.1.113883.4.642.3.67"],
      "uses" : {
      },
      "StructureDefinition-t-cabs-practitioner-arzt.html" : "T-CABS Practitioner Arzt"
    },
    {
      "url" : "http://hl7.org/fhir/ValueSet/administrative-gender",
      "version" : "4.0.1",
      "status" : "active",
      "name" : "AdministrativeGender",
      "title" : "AdministrativeGender",
      "description" : "The gender of a person used for administrative purposes.",
      "systems" : ["http://hl7.org/fhir/administrative-gender"],
      "oids" : ["2.16.840.1.113883.4.642.3.1"],
      "sources" : ["2.16.840.1.113883.4.642.3.1"],
      "uses" : {
      },
      "StructureDefinition-t-cabs-practitioner-arzt.html" : "T-CABS Practitioner Arzt"
    },
    {
      "url" : "http://hl7.org/fhir/ValueSet/body-site",
      "version" : "4.0.1",
      "status" : "draft",
      "name" : "SNOMEDCTBodyStructures",
      "title" : "SNOMED CT Body Structures",
      "description" : "This value set includes all codes from [SNOMED CT](http://snomed.info/sct) where concept is-a 442083009 (Anatomical or acquired body site (body structure)).",
      "systems" : ["http://snomed.info/sct"],
      "oids" : ["2.16.840.1.113883.4.642.3.141"],
      "sources" : ["2.16.840.1.113883.4.642.3.141"],
      "uses" : {
      },
      "StructureDefinition-t-cabs-observation-bmi.html" : "BMI Observation",
      "StructureDefinition-t-cabs-observation-atemfrequenz.html" : "Atemfrequenz",
      "StructureDefinition-t-cabs-observation-arterieller-blutdruck.html" : "T-CABS Observation Arterieller Blutdruck",
      "StructureDefinition-t-cabs-observation-spo2.html" : "T-CABS Observation SPO2",
      "StructureDefinition-t-cabs-procedure-beatmung.html" : "T-CABS Procedure Beatmung"
    },
    {
      "url" : "http://hl7.org/fhir/ValueSet/clinical-findings",
      "version" : "4.0.1",
      "status" : "draft",
      "name" : "SNOMEDCTClinicalFindings",
      "title" : "SNOMED CT Clinical Findings",
      "description" : "This value set includes all the \"Clinical finding\" [SNOMED CT](http://snomed.info/sct) codes - concepts where concept is-a 404684003 (Clinical finding (finding)).",
      "systems" : ["http://snomed.info/sct"],
      "oids" : ["2.16.840.1.113883.4.642.3.232"],
      "sources" : ["2.16.840.1.113883.4.642.3.232"],
      "uses" : {
      },
      "StructureDefinition-t-cabs-communication-diskonnektion-alarm.html" : "T-CABS Communication Diskonnektion Alarm",
      "StructureDefinition-t-cabs-communication-alarm.html" : "T-CABS Communication Alarm",
      "StructureDefinition-t-cabs-communication-atemfrequenz-high-alarm.html" : "T-CABS Communication Atemfrequenz high Alarm",
      "StructureDefinition-t-cabs-communication-atemfrequenz-low-alarm.html" : "T-CABS Communication Atemfrequenz low Alarm"
    },
    {
      "url" : "http://hl7.org/fhir/ValueSet/common-tags",
      "version" : "4.0.1",
      "status" : "draft",
      "name" : "CommonTags",
      "title" : "Common Tags",
      "description" : "Common Tag Codes defined by FHIR project",
      "systems" : ["http://terminology.hl7.org/CodeSystem/common-tags"],
      "oids" : ["2.16.840.1.113883.4.642.3.79"],
      "sources" : ["2.16.840.1.113883.4.642.3.79"],
      "uses" : {
      },
      "StructureDefinition-t-cabs-procedure-beatmung.html" : "T-CABS Procedure Beatmung"
    },
    {
      "url" : "http://hl7.org/fhir/ValueSet/communication-category",
      "version" : "4.0.1",
      "status" : "draft",
      "name" : "CommunicationCategory",
      "title" : "CommunicationCategory",
      "description" : "Codes for general categories of communications such as alerts, instructions, etc.",
      "systems" : [
        "http://terminology.hl7.org/CodeSystem/communication-category"
      ],
      "oids" : ["2.16.840.1.113883.4.642.3.172"],
      "sources" : ["2.16.840.1.113883.4.642.3.172"],
      "uses" : {
      },
      "StructureDefinition-t-cabs-communication-diskonnektion-alarm.html" : "T-CABS Communication Diskonnektion Alarm",
      "StructureDefinition-t-cabs-communication-alarm.html" : "T-CABS Communication Alarm",
      "StructureDefinition-t-cabs-communication-atemfrequenz-high-alarm.html" : "T-CABS Communication Atemfrequenz high Alarm",
      "StructureDefinition-t-cabs-communication-atemfrequenz-low-alarm.html" : "T-CABS Communication Atemfrequenz low Alarm"
    },
    {
      "url" : "http://hl7.org/fhir/ValueSet/communication-not-done-reason",
      "version" : "4.0.1",
      "status" : "draft",
      "name" : "CommunicationNotDoneReason",
      "title" : "CommunicationNotDoneReason",
      "description" : "Codes for the reason why a communication did not happen.",
      "systems" : [
        "http://terminology.hl7.org/CodeSystem/communication-not-done-reason"
      ],
      "oids" : ["2.16.840.1.113883.4.642.3.174"],
      "sources" : ["2.16.840.1.113883.4.642.3.174"],
      "uses" : {
      },
      "StructureDefinition-t-cabs-communication-diskonnektion-alarm.html" : "T-CABS Communication Diskonnektion Alarm",
      "StructureDefinition-t-cabs-communication-alarm.html" : "T-CABS Communication Alarm",
      "StructureDefinition-t-cabs-communication-atemfrequenz-high-alarm.html" : "T-CABS Communication Atemfrequenz high Alarm",
      "StructureDefinition-t-cabs-communication-atemfrequenz-low-alarm.html" : "T-CABS Communication Atemfrequenz low Alarm"
    },
    {
      "url" : "http://hl7.org/fhir/ValueSet/communication-topic",
      "version" : "4.0.1",
      "status" : "draft",
      "name" : "CommunicationTopic",
      "title" : "CommunicationTopic",
      "description" : "Codes describing the purpose or content of the communication.",
      "systems" : ["http://terminology.hl7.org/CodeSystem/communication-topic"],
      "oids" : ["2.16.840.1.113883.4.642.3.983"],
      "sources" : ["2.16.840.1.113883.4.642.3.983"],
      "uses" : {
      },
      "StructureDefinition-t-cabs-communication-diskonnektion-alarm.html" : "T-CABS Communication Diskonnektion Alarm",
      "StructureDefinition-t-cabs-communication-alarm.html" : "T-CABS Communication Alarm",
      "StructureDefinition-t-cabs-communication-atemfrequenz-high-alarm.html" : "T-CABS Communication Atemfrequenz high Alarm",
      "StructureDefinition-t-cabs-communication-atemfrequenz-low-alarm.html" : "T-CABS Communication Atemfrequenz low Alarm"
    },
    {
      "url" : "http://hl7.org/fhir/ValueSet/condition-code",
      "version" : "4.0.1",
      "status" : "draft",
      "name" : "Condition/Problem/DiagnosisCodes",
      "title" : "Condition/Problem/Diagnosis Codes",
      "description" : "Example value set for Condition/Problem/Diagnosis codes.",
      "systems" : ["http://snomed.info/sct"],
      "oids" : ["2.16.840.1.113883.4.642.3.161"],
      "sources" : ["2.16.840.1.113883.4.642.3.161"],
      "uses" : {
      },
      "StructureDefinition-t-cabs-procedure-beatmung.html" : "T-CABS Procedure Beatmung"
    },
    {
      "url" : "http://hl7.org/fhir/ValueSet/contact-point-system",
      "version" : "4.0.1",
      "status" : "active",
      "name" : "ContactPointSystem",
      "title" : "ContactPointSystem",
      "description" : "Telecommunications form for contact point.",
      "systems" : ["http://hl7.org/fhir/contact-point-system"],
      "oids" : ["2.16.840.1.113883.4.642.3.71"],
      "sources" : ["2.16.840.1.113883.4.642.3.71"],
      "uses" : {
      },
      "StructureDefinition-t-cabs-practitioner-arzt.html" : "T-CABS Practitioner Arzt"
    },
    {
      "url" : "http://hl7.org/fhir/ValueSet/contact-point-use",
      "version" : "4.0.1",
      "status" : "active",
      "name" : "ContactPointUse",
      "title" : "ContactPointUse",
      "description" : "Use of contact point.",
      "systems" : ["http://hl7.org/fhir/contact-point-use"],
      "oids" : ["2.16.840.1.113883.4.642.3.73"],
      "sources" : ["2.16.840.1.113883.4.642.3.73"],
      "uses" : {
      },
      "StructureDefinition-t-cabs-practitioner-arzt.html" : "T-CABS Practitioner Arzt"
    },
    {
      "url" : "http://hl7.org/fhir/ValueSet/data-absent-reason",
      "version" : "4.0.1",
      "status" : "active",
      "name" : "DataAbsentReason",
      "title" : "DataAbsentReason",
      "description" : "Used to specify why the normally expected content of the data element is missing.",
      "systems" : ["http://terminology.hl7.org/CodeSystem/data-absent-reason"],
      "oids" : ["2.16.840.1.113883.4.642.3.5"],
      "sources" : ["2.16.840.1.113883.4.642.3.5"],
      "uses" : {
      },
      "StructureDefinition-t-cabs-observation-amv.html" : "T-CABS Observation AMV",
      "StructureDefinition-t-cabs-observation-atemfrequenz-beatmet.html" : "T-CABS Observation AF",
      "StructureDefinition-t-cabs-observation-ahi.html" : "T-CABS Observation AHI",
      "StructureDefinition-t-cabs-observation-herzfrequenz.html" : "T_CABS_Observation_Herzfrequenz",
      "StructureDefinition-t-cabs-observation-beatmungsstunden.html" : "T-CABS Observation Beatmungsstunden",
      "StructureDefinition-t-cabs-observation-bmi.html" : "BMI Observation",
      "StructureDefinition-t-cabs-observation-atemfrequenz.html" : "Atemfrequenz",
      "StructureDefinition-t-cabs-observation-leckage.html" : "T-CABS Observation Leckage",
      "StructureDefinition-t-cabs-observation-gehstrecke.html" : "Gehstrecke",
      "StructureDefinition-t-cabs-observation-arterieller-blutdruck.html" : "T-CABS Observation Arterieller Blutdruck",
      "StructureDefinition-t-cabs-observation-spo2.html" : "T-CABS Observation SPO2",
      "StructureDefinition-t-cabs-observation-triggeredbreaths.html" : "T-CABS Observation TriggeredBreaths",
      "StructureDefinition-t-cabs-observationfev1.html" : "FEV1 Observation"
    },
    {
      "url" : "http://hl7.org/fhir/ValueSet/device-action",
      "version" : "4.0.1",
      "status" : "draft",
      "name" : "ProcedureDeviceActionCodes",
      "title" : "Procedure Device Action Codes",
      "description" : "Example codes indicating the change that happened to the device during the procedure.  Note that these are in no way complete and might not even be appropriate for some uses.",
      "systems" : ["http://snomed.info/sct"],
      "oids" : ["2.16.840.1.113883.4.642.3.425"],
      "sources" : ["2.16.840.1.113883.4.642.3.425"],
      "uses" : {
      },
      "StructureDefinition-t-cabs-procedure-beatmung.html" : "T-CABS Procedure Beatmung"
    },
    {
      "url" : "http://hl7.org/fhir/ValueSet/device-kind",
      "version" : "4.0.1",
      "status" : "draft",
      "name" : "FHIRDeviceTypes",
      "title" : "FHIR Device Types",
      "description" : "Codes used to identify medical devices. Includes concepts from SNOMED CT (http://www.snomed.org/) where concept is-a 49062001 (Device)  and is provided as a suggestive example.",
      "systems" : ["http://snomed.info/sct"],
      "oids" : ["2.16.840.1.113883.4.642.3.208"],
      "sources" : ["2.16.840.1.113883.4.642.3.208"],
      "uses" : {
      },
      "StructureDefinition-t-cabs-procedure-beatmung.html" : "T-CABS Procedure Beatmung"
    },
    {
      "url" : "http://hl7.org/fhir/ValueSet/device-nametype",
      "version" : "4.0.1",
      "status" : "draft",
      "name" : "DeviceNameType",
      "title" : "DeviceNameType",
      "description" : "The type of name the device is referred by.",
      "systems" : ["http://hl7.org/fhir/device-nametype"],
      "oids" : ["2.16.840.1.113883.4.642.3.1083"],
      "sources" : ["2.16.840.1.113883.4.642.3.1083"],
      "uses" : {
      },
      "StructureDefinition-t-cabs-device-beatmungsgeraet.html" : "T-CABS Device Beatmungsgerät"
    },
    {
      "url" : "http://hl7.org/fhir/ValueSet/device-status",
      "version" : "4.0.1",
      "status" : "draft",
      "name" : "FHIRDeviceStatus",
      "title" : "FHIRDeviceStatus",
      "description" : "The availability status of the device.",
      "systems" : ["http://hl7.org/fhir/device-status"],
      "oids" : ["2.16.840.1.113883.4.642.3.209"],
      "sources" : ["2.16.840.1.113883.4.642.3.209"],
      "uses" : {
      },
      "StructureDefinition-t-cabs-device-beatmungsgeraet.html" : "T-CABS Device Beatmungsgerät"
    },
    {
      "url" : "http://hl7.org/fhir/ValueSet/device-status-reason",
      "version" : "4.0.1",
      "status" : "draft",
      "name" : "FHIRDeviceStatusReason",
      "title" : "FHIRDeviceStatusReason",
      "description" : "The availability status reason of the device.",
      "systems" : ["http://terminology.hl7.org/CodeSystem/device-status-reason"],
      "oids" : ["2.16.840.1.113883.4.642.3.1081"],
      "sources" : ["2.16.840.1.113883.4.642.3.1081"],
      "uses" : {
      },
      "StructureDefinition-t-cabs-device-beatmungsgeraet.html" : "T-CABS Device Beatmungsgerät"
    },
    {
      "url" : "http://hl7.org/fhir/ValueSet/device-type",
      "version" : "4.0.1",
      "status" : "draft",
      "name" : "DeviceType",
      "title" : "Device Type",
      "description" : "Codes used to identify medical devices. Includes concepts from SNOMED CT (http://www.snomed.org/) where concept is-a 49062001 (Device)  and is provided as a suggestive example.",
      "systems" : ["http://snomed.info/sct"],
      "oids" : ["2.16.840.1.113883.4.642.3.1376"],
      "sources" : ["2.16.840.1.113883.4.642.3.1376"],
      "uses" : {
      },
      "StructureDefinition-t-cabs-device-beatmungsgeraet.html" : "T-CABS Device Beatmungsgerät"
    },
    {
      "url" : "http://hl7.org/fhir/ValueSet/devicemetric-type",
      "version" : "4.0.1",
      "status" : "draft",
      "name" : "DeviceMetricAndComponentTypes",
      "title" : "Device Metric and Component Types",
      "description" : "Codes used to identify health care device metric types and units and component types as part of the ISO/IEEE 11073-10101 Medical Device Communication Nomenclature.",
      "systems" : ["urn:iso:std:iso:11073:10101"],
      "oids" : ["2.16.840.1.113883.6.24", "2.16.840.1.113883.4.642.3.645"],
      "sources" : ["2.16.840.1.113883.6.24", "2.16.840.1.113883.4.642.3.645"],
      "uses" : {
      },
      "StructureDefinition-t-cabs-devicemetric-eingestellter-gemessener-parameter.html" : "T-CABS DeviceMetric eingestellter oder gemessener Parameter"
    },
    {
      "url" : "http://hl7.org/fhir/ValueSet/event-status",
      "version" : "4.0.1",
      "status" : "draft",
      "name" : "EventStatus",
      "title" : "EventStatus",
      "description" : "Codes identifying the lifecycle stage of an event.",
      "systems" : ["http://hl7.org/fhir/event-status"],
      "oids" : ["2.16.840.1.113883.4.642.3.109"],
      "sources" : ["2.16.840.1.113883.4.642.3.109"],
      "uses" : {
      },
      "StructureDefinition-t-cabs-communication-diskonnektion-alarm.html" : "T-CABS Communication Diskonnektion Alarm",
      "StructureDefinition-t-cabs-communication-alarm.html" : "T-CABS Communication Alarm",
      "StructureDefinition-t-cabs-communication-atemfrequenz-high-alarm.html" : "T-CABS Communication Atemfrequenz high Alarm",
      "StructureDefinition-t-cabs-communication-atemfrequenz-low-alarm.html" : "T-CABS Communication Atemfrequenz low Alarm",
      "StructureDefinition-t-cabs-procedure-beatmung.html" : "T-CABS Procedure Beatmung"
    },
    {
      "url" : "http://hl7.org/fhir/ValueSet/identifier-type",
      "version" : "4.0.1",
      "status" : "active",
      "name" : "Identifier Type Codes",
      "title" : "IdentifierType",
      "description" : "A coded type for an identifier that can be used to determine which identifier to use for a specific purpose.",
      "systems" : ["http://terminology.hl7.org/CodeSystem/v2-0203"],
      "oids" : ["2.16.840.1.113883.4.642.3.45"],
      "sources" : ["2.16.840.1.113883.4.642.3.45"],
      "uses" : {
      },
      "StructureDefinition-t-cabs-practitioner-arzt.html" : "T-CABS Practitioner Arzt",
      "StructureDefinition-t-cabs-device-beatmungsgeraet.html" : "T-CABS Device Beatmungsgerät"
    },
    {
      "url" : "http://hl7.org/fhir/ValueSet/identifier-use",
      "version" : "4.0.1",
      "status" : "active",
      "name" : "IdentifierUse",
      "title" : "IdentifierUse",
      "description" : "Identifies the purpose for this identifier, if known .",
      "systems" : ["http://hl7.org/fhir/identifier-use"],
      "oids" : ["2.16.840.1.113883.4.642.3.57"],
      "sources" : ["2.16.840.1.113883.4.642.3.57"],
      "uses" : {
      },
      "StructureDefinition-t-cabs-practitioner-arzt.html" : "T-CABS Practitioner Arzt",
      "StructureDefinition-t-cabs-device-beatmungsgeraet.html" : "T-CABS Device Beatmungsgerät"
    },
    {
      "url" : "http://hl7.org/fhir/ValueSet/iso3166-1-2",
      "version" : "4.0.1",
      "status" : "active",
      "name" : "Iso3166-1-2",
      "title" : "Iso 3166 Part 1: 2 Letter Codes",
      "description" : "This value set defines the ISO 3166 Part 1 2-letter codes",
      "systems" : ["urn:iso:std:iso:3166"],
      "uses" : {
      },
      "StructureDefinition-t-cabs-practitioner-arzt.html" : "T-CABS Practitioner Arzt"
    },
    {
      "url" : "http://hl7.org/fhir/ValueSet/languages",
      "version" : "4.0.1",
      "status" : "draft",
      "name" : "CommonLanguages",
      "title" : "Common Languages",
      "description" : "This value set includes common codes from BCP-47 (http://tools.ietf.org/html/bcp47)",
      "systems" : ["urn:ietf:bcp:47"],
      "oids" : ["2.16.840.1.113883.4.642.3.20"],
      "sources" : ["2.16.840.1.113883.4.642.3.20"],
      "uses" : {
      },
      "StructureDefinition-t-cabs-communication-diskonnektion-alarm.html" : "T-CABS Communication Diskonnektion Alarm",
      "StructureDefinition-t-cabs-observation-amv.html" : "T-CABS Observation AMV",
      "StructureDefinition-t-cabs-observation-atemfrequenz-beatmet.html" : "T-CABS Observation AF",
      "StructureDefinition-t-cabs-practitioner-arzt.html" : "T-CABS Practitioner Arzt",
      "StructureDefinition-t-cabs-communication-atemfrequenz-high-alarm.html" : "T-CABS Communication Atemfrequenz high Alarm",
      "StructureDefinition-t-cabs-communication-atemfrequenz-low-alarm.html" : "T-CABS Communication Atemfrequenz low Alarm",
      "StructureDefinition-t-cabs-observation-ahi.html" : "T-CABS Observation AHI",
      "StructureDefinition-t-cabs-observation-herzfrequenz.html" : "T_CABS_Observation_Herzfrequenz",
      "StructureDefinition-t-cabs-device-beatmungsgeraet.html" : "T-CABS Device Beatmungsgerät",
      "StructureDefinition-t-cabs-observation-beatmungsstunden.html" : "T-CABS Observation Beatmungsstunden",
      "StructureDefinition-t-cabs-observation-bmi.html" : "BMI Observation",
      "StructureDefinition-t-cabs-observation-atemfrequenz.html" : "Atemfrequenz",
      "StructureDefinition-t-cabs-observation-leckage.html" : "T-CABS Observation Leckage",
      "StructureDefinition-t-cabs-observation-gehstrecke.html" : "Gehstrecke",
      "StructureDefinition-t-cabs-communication-alarm.html" : "T-CABS Communication Alarm",
      "StructureDefinition-t-cabs-observation-arterieller-blutdruck.html" : "T-CABS Observation Arterieller Blutdruck",
      "StructureDefinition-t-cabs-devicemetric-eingestellter-gemessener-parameter.html" : "T-CABS DeviceMetric eingestellter oder gemessener Parameter",
      "StructureDefinition-t-cabs-observation-spo2.html" : "T-CABS Observation SPO2",
      "StructureDefinition-t-cabs-observation-triggeredbreaths.html" : "T-CABS Observation TriggeredBreaths",
      "StructureDefinition-t-cabs-observationfev1.html" : "FEV1 Observation",
      "StructureDefinition-t-cabs-procedure-beatmung.html" : "T-CABS Procedure Beatmung"
    },
    {
      "url" : "http://hl7.org/fhir/ValueSet/metric-calibration-state",
      "version" : "4.0.1",
      "status" : "draft",
      "name" : "DeviceMetricCalibrationState",
      "title" : "DeviceMetricCalibrationState",
      "description" : "Describes the state of a metric calibration.",
      "systems" : ["http://hl7.org/fhir/metric-calibration-state"],
      "oids" : ["2.16.840.1.113883.4.642.3.652"],
      "sources" : ["2.16.840.1.113883.4.642.3.652"],
      "uses" : {
      },
      "StructureDefinition-t-cabs-devicemetric-eingestellter-gemessener-parameter.html" : "T-CABS DeviceMetric eingestellter oder gemessener Parameter"
    },
    {
      "url" : "http://hl7.org/fhir/ValueSet/metric-calibration-type",
      "version" : "4.0.1",
      "status" : "draft",
      "name" : "DeviceMetricCalibrationType",
      "title" : "DeviceMetricCalibrationType",
      "description" : "Describes the type of a metric calibration.",
      "systems" : ["http://hl7.org/fhir/metric-calibration-type"],
      "oids" : ["2.16.840.1.113883.4.642.3.650"],
      "sources" : ["2.16.840.1.113883.4.642.3.650"],
      "uses" : {
      },
      "StructureDefinition-t-cabs-devicemetric-eingestellter-gemessener-parameter.html" : "T-CABS DeviceMetric eingestellter oder gemessener Parameter"
    },
    {
      "url" : "http://hl7.org/fhir/ValueSet/metric-category",
      "version" : "4.0.1",
      "status" : "draft",
      "name" : "DeviceMetricCategory",
      "title" : "DeviceMetricCategory",
      "description" : "Describes the category of the metric.",
      "systems" : ["http://hl7.org/fhir/metric-category"],
      "oids" : ["2.16.840.1.113883.4.642.3.648"],
      "sources" : ["2.16.840.1.113883.4.642.3.648"],
      "uses" : {
      },
      "StructureDefinition-t-cabs-devicemetric-eingestellter-gemessener-parameter.html" : "T-CABS DeviceMetric eingestellter oder gemessener Parameter"
    },
    {
      "url" : "http://hl7.org/fhir/ValueSet/metric-color",
      "version" : "4.0.1",
      "status" : "draft",
      "name" : "DeviceMetricColor",
      "title" : "DeviceMetricColor",
      "description" : "Describes the typical color of representation.",
      "systems" : ["http://hl7.org/fhir/metric-color"],
      "oids" : ["2.16.840.1.113883.4.642.3.654"],
      "sources" : ["2.16.840.1.113883.4.642.3.654"],
      "uses" : {
      },
      "StructureDefinition-t-cabs-devicemetric-eingestellter-gemessener-parameter.html" : "T-CABS DeviceMetric eingestellter oder gemessener Parameter"
    },
    {
      "url" : "http://hl7.org/fhir/ValueSet/metric-operational-status",
      "version" : "4.0.1",
      "status" : "draft",
      "name" : "DeviceMetricOperationalStatus",
      "title" : "DeviceMetricOperationalStatus",
      "description" : "Describes the operational status of the DeviceMetric.",
      "systems" : ["http://hl7.org/fhir/metric-operational-status"],
      "oids" : ["2.16.840.1.113883.4.642.3.646"],
      "sources" : ["2.16.840.1.113883.4.642.3.646"],
      "uses" : {
      },
      "StructureDefinition-t-cabs-devicemetric-eingestellter-gemessener-parameter.html" : "T-CABS DeviceMetric eingestellter oder gemessener Parameter"
    },
    {
      "url" : "http://hl7.org/fhir/ValueSet/name-use",
      "version" : "4.0.1",
      "status" : "active",
      "name" : "NameUse",
      "title" : "NameUse",
      "description" : "The use of a human name.",
      "systems" : ["http://hl7.org/fhir/name-use"],
      "oids" : ["2.16.840.1.113883.4.642.3.65"],
      "sources" : ["2.16.840.1.113883.4.642.3.65"],
      "uses" : {
      },
      "StructureDefinition-t-cabs-practitioner-arzt.html" : "T-CABS Practitioner Arzt"
    },
    {
      "url" : "http://hl7.org/fhir/ValueSet/observation-category",
      "version" : "4.0.1",
      "status" : "draft",
      "name" : "ObservationCategoryCodes",
      "title" : "Observation Category Codes",
      "description" : "Observation Category codes.",
      "systems" : ["http://terminology.hl7.org/CodeSystem/observation-category"],
      "oids" : ["2.16.840.1.113883.4.642.3.403"],
      "sources" : ["2.16.840.1.113883.4.642.3.403"],
      "uses" : {
      },
      "StructureDefinition-t-cabs-observation-bmi.html" : "BMI Observation",
      "StructureDefinition-t-cabs-observation-atemfrequenz.html" : "Atemfrequenz",
      "StructureDefinition-t-cabs-observation-gehstrecke.html" : "Gehstrecke",
      "StructureDefinition-t-cabs-observation-arterieller-blutdruck.html" : "T-CABS Observation Arterieller Blutdruck",
      "StructureDefinition-t-cabs-observation-herzfrequenz.html" : "T_CABS_Observation_Herzfrequenz",
      "StructureDefinition-t-cabs-observation-spo2.html" : "T-CABS Observation SPO2",
      "StructureDefinition-t-cabs-observationfev1.html" : "FEV1 Observation"
    },
    {
      "url" : "http://hl7.org/fhir/ValueSet/observation-codes",
      "version" : "4.0.1",
      "status" : "draft",
      "name" : "LOINCCodes",
      "title" : "LOINC Codes",
      "description" : "This value set includes all LOINC codes",
      "systems" : ["http://loinc.org"],
      "oids" : ["2.16.840.1.113883.4.642.3.396"],
      "sources" : ["2.16.840.1.113883.4.642.3.396"],
      "uses" : {
      },
      "StructureDefinition-t-cabs-observation-amv.html" : "T-CABS Observation AMV",
      "StructureDefinition-t-cabs-observation-atemfrequenz-beatmet.html" : "T-CABS Observation AF",
      "StructureDefinition-t-cabs-observation-ahi.html" : "T-CABS Observation AHI",
      "StructureDefinition-t-cabs-observation-herzfrequenz.html" : "T_CABS_Observation_Herzfrequenz",
      "StructureDefinition-t-cabs-observation-beatmungsstunden.html" : "T-CABS Observation Beatmungsstunden",
      "StructureDefinition-t-cabs-observation-bmi.html" : "BMI Observation",
      "StructureDefinition-t-cabs-observation-atemfrequenz.html" : "Atemfrequenz",
      "StructureDefinition-t-cabs-observation-leckage.html" : "T-CABS Observation Leckage",
      "StructureDefinition-t-cabs-observation-gehstrecke.html" : "Gehstrecke",
      "StructureDefinition-t-cabs-observation-arterieller-blutdruck.html" : "T-CABS Observation Arterieller Blutdruck",
      "StructureDefinition-t-cabs-observation-spo2.html" : "T-CABS Observation SPO2",
      "StructureDefinition-t-cabs-observation-triggeredbreaths.html" : "T-CABS Observation TriggeredBreaths",
      "StructureDefinition-t-cabs-observationfev1.html" : "FEV1 Observation"
    },
    {
      "url" : "http://hl7.org/fhir/ValueSet/observation-interpretation",
      "version" : "4.0.1",
      "status" : "active",
      "name" : "ObservationInterpretationCodes",
      "title" : "Observation Interpretation Codes",
      "description" : "A categorical assessment, providing a rough qualitative interpretation of the observation value,    such as “normal”/ “abnormal”,”low” / “high”, “better” / “worse”, “susceptible” / “resistant”, “expected”/ “not expected”.    The value set is intended to be for ANY use where coded representation of an interpretation is needed.   \r\n   \r\n   Notes:\r\n   \r\n   This is being communicated in v2.x in OBX-8 (Observation Interpretation), in v3 in ObservationInterpretation (CWE) in R1 (Representative Realm) and in FHIR in    Observation.interpretation. Historically these values come from the laboratory domain, and these codes are extensively    used. The value set binding is extensible, so codes outside the value set that are needed for interpretation concepts    (i.e. particular meanings) that are not included in the value set can be used, and these new codes may also be added to    the value set and published in a future version.",
      "systems" : [
        "http://terminology.hl7.org/CodeSystem/v3-ObservationInterpretation"
      ],
      "oids" : ["2.16.840.1.113883.4.642.3.399"],
      "sources" : ["2.16.840.1.113883.4.642.3.399"],
      "uses" : {
      },
      "StructureDefinition-t-cabs-observation-amv.html" : "T-CABS Observation AMV",
      "StructureDefinition-t-cabs-observation-atemfrequenz-beatmet.html" : "T-CABS Observation AF",
      "StructureDefinition-t-cabs-observation-ahi.html" : "T-CABS Observation AHI",
      "StructureDefinition-t-cabs-observation-herzfrequenz.html" : "T_CABS_Observation_Herzfrequenz",
      "StructureDefinition-t-cabs-observation-beatmungsstunden.html" : "T-CABS Observation Beatmungsstunden",
      "StructureDefinition-t-cabs-observation-bmi.html" : "BMI Observation",
      "StructureDefinition-t-cabs-observation-atemfrequenz.html" : "Atemfrequenz",
      "StructureDefinition-t-cabs-observation-leckage.html" : "T-CABS Observation Leckage",
      "StructureDefinition-t-cabs-observation-gehstrecke.html" : "Gehstrecke",
      "StructureDefinition-t-cabs-observation-arterieller-blutdruck.html" : "T-CABS Observation Arterieller Blutdruck",
      "StructureDefinition-t-cabs-observation-spo2.html" : "T-CABS Observation SPO2",
      "StructureDefinition-t-cabs-observation-triggeredbreaths.html" : "T-CABS Observation TriggeredBreaths",
      "StructureDefinition-t-cabs-observationfev1.html" : "FEV1 Observation"
    },
    {
      "url" : "http://hl7.org/fhir/ValueSet/observation-methods",
      "version" : "4.0.1",
      "status" : "draft",
      "name" : "ObservationMethods",
      "title" : "Observation Methods",
      "description" : "Observation Method codes from [SNOMED CT](http://snomed.info/sct) where concept is-a 272394005 (Technique (qualifier value)) or is-a 129264002 (Action (qualifier value)) or is-a 386053000 (Evaluation procedure(procedure))",
      "systems" : ["http://snomed.info/sct"],
      "oids" : ["2.16.840.1.113883.4.642.3.395"],
      "sources" : ["2.16.840.1.113883.4.642.3.395"],
      "uses" : {
      },
      "StructureDefinition-t-cabs-observation-amv.html" : "T-CABS Observation AMV",
      "StructureDefinition-t-cabs-observation-atemfrequenz-beatmet.html" : "T-CABS Observation AF",
      "StructureDefinition-t-cabs-observation-ahi.html" : "T-CABS Observation AHI",
      "StructureDefinition-t-cabs-observation-herzfrequenz.html" : "T_CABS_Observation_Herzfrequenz",
      "StructureDefinition-t-cabs-observation-beatmungsstunden.html" : "T-CABS Observation Beatmungsstunden",
      "StructureDefinition-t-cabs-observation-bmi.html" : "BMI Observation",
      "StructureDefinition-t-cabs-observation-atemfrequenz.html" : "Atemfrequenz",
      "StructureDefinition-t-cabs-observation-leckage.html" : "T-CABS Observation Leckage",
      "StructureDefinition-t-cabs-observation-gehstrecke.html" : "Gehstrecke",
      "StructureDefinition-t-cabs-observation-arterieller-blutdruck.html" : "T-CABS Observation Arterieller Blutdruck",
      "StructureDefinition-t-cabs-observation-spo2.html" : "T-CABS Observation SPO2",
      "StructureDefinition-t-cabs-observation-triggeredbreaths.html" : "T-CABS Observation TriggeredBreaths",
      "StructureDefinition-t-cabs-observationfev1.html" : "FEV1 Observation"
    },
    {
      "url" : "http://hl7.org/fhir/ValueSet/observation-status",
      "version" : "4.0.1",
      "status" : "active",
      "name" : "ObservationStatus",
      "title" : "ObservationStatus",
      "description" : "Codes providing the status of an observation.",
      "systems" : ["http://hl7.org/fhir/observation-status"],
      "oids" : ["2.16.840.1.113883.4.642.3.400"],
      "sources" : ["2.16.840.1.113883.4.642.3.400"],
      "uses" : {
      },
      "StructureDefinition-t-cabs-observation-amv.html" : "T-CABS Observation AMV",
      "StructureDefinition-t-cabs-observation-atemfrequenz-beatmet.html" : "T-CABS Observation AF",
      "StructureDefinition-t-cabs-observation-ahi.html" : "T-CABS Observation AHI",
      "StructureDefinition-t-cabs-observation-herzfrequenz.html" : "T_CABS_Observation_Herzfrequenz",
      "StructureDefinition-t-cabs-observation-beatmungsstunden.html" : "T-CABS Observation Beatmungsstunden",
      "StructureDefinition-t-cabs-observation-bmi.html" : "BMI Observation",
      "StructureDefinition-t-cabs-observation-atemfrequenz.html" : "Atemfrequenz",
      "StructureDefinition-t-cabs-observation-leckage.html" : "T-CABS Observation Leckage",
      "StructureDefinition-t-cabs-observation-gehstrecke.html" : "Gehstrecke",
      "StructureDefinition-t-cabs-observation-arterieller-blutdruck.html" : "T-CABS Observation Arterieller Blutdruck",
      "StructureDefinition-t-cabs-observation-spo2.html" : "T-CABS Observation SPO2",
      "StructureDefinition-t-cabs-observation-triggeredbreaths.html" : "T-CABS Observation TriggeredBreaths",
      "StructureDefinition-t-cabs-observationfev1.html" : "FEV1 Observation"
    },
    {
      "url" : "http://hl7.org/fhir/ValueSet/performer-role",
      "version" : "4.0.1",
      "status" : "draft",
      "name" : "ProcedurePerformerRoleCodes",
      "title" : "Procedure Performer Role Codes",
      "description" : "This example value set defines the set of codes that can be used to indicate a role of a procedure performer.",
      "systems" : ["http://snomed.info/sct"],
      "oids" : ["2.16.840.1.113883.4.642.3.433"],
      "sources" : ["2.16.840.1.113883.4.642.3.433"],
      "uses" : {
      },
      "StructureDefinition-t-cabs-procedure-beatmung.html" : "T-CABS Procedure Beatmung"
    },
    {
      "url" : "http://hl7.org/fhir/ValueSet/procedure-category",
      "version" : "4.0.1",
      "status" : "draft",
      "name" : "ProcedureCategoryCodes(SNOMEDCT)",
      "title" : "Procedure Category Codes (SNOMED CT)",
      "description" : "Procedure Category code: A selection of relevant SNOMED CT codes.",
      "systems" : ["http://snomed.info/sct"],
      "oids" : ["2.16.840.1.113883.4.642.3.430"],
      "sources" : ["2.16.840.1.113883.4.642.3.430"],
      "uses" : {
      },
      "StructureDefinition-t-cabs-procedure-beatmung.html" : "T-CABS Procedure Beatmung"
    },
    {
      "url" : "http://hl7.org/fhir/ValueSet/procedure-code",
      "version" : "4.0.1",
      "status" : "draft",
      "name" : "ProcedureCodes(SNOMEDCT)",
      "title" : "Procedure Codes (SNOMED CT)",
      "description" : "Procedure Code: All SNOMED CT procedure codes.",
      "systems" : ["http://snomed.info/sct"],
      "oids" : ["2.16.840.1.113883.4.642.3.427"],
      "sources" : ["2.16.840.1.113883.4.642.3.427"],
      "uses" : {
      },
      "StructureDefinition-t-cabs-procedure-beatmung.html" : "T-CABS Procedure Beatmung"
    },
    {
      "url" : "http://hl7.org/fhir/ValueSet/procedure-followup",
      "version" : "4.0.1",
      "status" : "draft",
      "name" : "ProcedureFollowUpCodes(SNOMEDCT)",
      "title" : "Procedure Follow up Codes (SNOMED CT)",
      "description" : "Procedure follow up codes: A selection of SNOMED CT codes relevant to procedure follow up.",
      "systems" : ["http://snomed.info/sct"],
      "oids" : ["2.16.840.1.113883.4.642.3.429"],
      "sources" : ["2.16.840.1.113883.4.642.3.429"],
      "uses" : {
      },
      "StructureDefinition-t-cabs-procedure-beatmung.html" : "T-CABS Procedure Beatmung"
    },
    {
      "url" : "http://hl7.org/fhir/ValueSet/procedure-not-performed-reason",
      "version" : "4.0.1",
      "status" : "active",
      "name" : "ProcedureNotPerformedReason(SNOMED-CT)",
      "title" : "Procedure Not Performed Reason (SNOMED-CT)",
      "description" : "Situation codes describing the reason that a procedure, which might otherwise be expected, was not performed, or a procedure that was started and was not completed. Consists of SNOMED CT codes, children of procedure contraindicated (183932001), procedure discontinued (416406003), procedure not done (416237000), procedure not indicated (428119001), procedure not offered (416064006), procedure not wanted (416432009), procedure refused (183944003), and procedure stopped (394908001).",
      "systems" : ["http://snomed.info/sct"],
      "oids" : ["2.16.840.1.113883.4.642.3.431"],
      "sources" : ["2.16.840.1.113883.4.642.3.431"],
      "uses" : {
      },
      "StructureDefinition-t-cabs-procedure-beatmung.html" : "T-CABS Procedure Beatmung"
    },
    {
      "url" : "http://hl7.org/fhir/ValueSet/procedure-outcome",
      "version" : "4.0.1",
      "status" : "draft",
      "name" : "ProcedureOutcomeCodes(SNOMEDCT)",
      "title" : "Procedure Outcome Codes (SNOMED CT)",
      "description" : "Procedure Outcome code: A selection of relevant SNOMED CT codes.",
      "systems" : ["http://snomed.info/sct"],
      "oids" : ["2.16.840.1.113883.4.642.3.428"],
      "sources" : ["2.16.840.1.113883.4.642.3.428"],
      "uses" : {
      },
      "StructureDefinition-t-cabs-procedure-beatmung.html" : "T-CABS Procedure Beatmung"
    },
    {
      "url" : "http://hl7.org/fhir/ValueSet/procedure-reason",
      "version" : "4.0.1",
      "status" : "draft",
      "name" : "ProcedureReasonCodes",
      "title" : "Procedure Reason Codes",
      "description" : "This example value set defines the set of codes that can be used to indicate a reason for a procedure.",
      "systems" : ["http://snomed.info/sct"],
      "oids" : ["2.16.840.1.113883.4.642.3.432"],
      "sources" : ["2.16.840.1.113883.4.642.3.432"],
      "uses" : {
      },
      "StructureDefinition-t-cabs-procedure-beatmung.html" : "T-CABS Procedure Beatmung"
    },
    {
      "url" : "http://hl7.org/fhir/ValueSet/quantity-comparator",
      "version" : "4.0.1",
      "status" : "active",
      "name" : "QuantityComparator",
      "title" : "QuantityComparator",
      "description" : "How the Quantity should be understood and represented.",
      "systems" : ["http://hl7.org/fhir/quantity-comparator"],
      "oids" : ["2.16.840.1.113883.4.642.3.59"],
      "sources" : ["2.16.840.1.113883.4.642.3.59"],
      "uses" : {
      },
      "StructureDefinition-t-cabs-observation-amv.html" : "T-CABS Observation AMV",
      "StructureDefinition-t-cabs-observation-atemfrequenz-beatmet.html" : "T-CABS Observation AF",
      "StructureDefinition-t-cabs-observation-ahi.html" : "T-CABS Observation AHI",
      "StructureDefinition-t-cabs-observation-herzfrequenz.html" : "T_CABS_Observation_Herzfrequenz",
      "StructureDefinition-t-cabs-observation-beatmungsstunden.html" : "T-CABS Observation Beatmungsstunden",
      "StructureDefinition-t-cabs-observation-bmi.html" : "BMI Observation",
      "StructureDefinition-t-cabs-observation-atemfrequenz.html" : "Atemfrequenz",
      "StructureDefinition-t-cabs-observation-leckage.html" : "T-CABS Observation Leckage",
      "StructureDefinition-t-cabs-observation-gehstrecke.html" : "Gehstrecke",
      "StructureDefinition-t-cabs-observation-arterieller-blutdruck.html" : "T-CABS Observation Arterieller Blutdruck",
      "StructureDefinition-t-cabs-observation-spo2.html" : "T-CABS Observation SPO2",
      "StructureDefinition-t-cabs-observation-triggeredbreaths.html" : "T-CABS Observation TriggeredBreaths",
      "StructureDefinition-t-cabs-observationfev1.html" : "FEV1 Observation"
    },
    {
      "url" : "http://hl7.org/fhir/ValueSet/referencerange-appliesto",
      "version" : "4.0.1",
      "status" : "draft",
      "name" : "ObservationReferenceRangeAppliesToCodes",
      "title" : "Observation Reference Range Applies To Codes",
      "description" : "This value set defines a set of codes that can be used to indicate the particular target population the reference range applies to.",
      "systems" : [
        "http://terminology.hl7.org/CodeSystem/v3-Race",
        "http://snomed.info/sct"
      ],
      "oids" : ["2.16.840.1.113883.4.642.3.407"],
      "sources" : ["2.16.840.1.113883.4.642.3.407"],
      "uses" : {
      },
      "StructureDefinition-t-cabs-observation-amv.html" : "T-CABS Observation AMV",
      "StructureDefinition-t-cabs-observation-atemfrequenz-beatmet.html" : "T-CABS Observation AF",
      "StructureDefinition-t-cabs-observation-ahi.html" : "T-CABS Observation AHI",
      "StructureDefinition-t-cabs-observation-herzfrequenz.html" : "T_CABS_Observation_Herzfrequenz",
      "StructureDefinition-t-cabs-observation-beatmungsstunden.html" : "T-CABS Observation Beatmungsstunden",
      "StructureDefinition-t-cabs-observation-bmi.html" : "BMI Observation",
      "StructureDefinition-t-cabs-observation-atemfrequenz.html" : "Atemfrequenz",
      "StructureDefinition-t-cabs-observation-leckage.html" : "T-CABS Observation Leckage",
      "StructureDefinition-t-cabs-observation-gehstrecke.html" : "Gehstrecke",
      "StructureDefinition-t-cabs-observation-arterieller-blutdruck.html" : "T-CABS Observation Arterieller Blutdruck",
      "StructureDefinition-t-cabs-observation-spo2.html" : "T-CABS Observation SPO2",
      "StructureDefinition-t-cabs-observation-triggeredbreaths.html" : "T-CABS Observation TriggeredBreaths",
      "StructureDefinition-t-cabs-observationfev1.html" : "FEV1 Observation"
    },
    {
      "url" : "http://hl7.org/fhir/ValueSet/referencerange-meaning",
      "version" : "4.0.1",
      "status" : "draft",
      "name" : "ObservationReferenceRangeMeaningCodes",
      "title" : "Observation Reference Range Meaning Codes",
      "description" : "This value set defines a set of codes that can be used to indicate the meaning/use of a reference range for a particular target population.",
      "systems" : [
        "http://terminology.hl7.org/CodeSystem/referencerange-meaning"
      ],
      "oids" : ["2.16.840.1.113883.4.642.3.397"],
      "sources" : ["2.16.840.1.113883.4.642.3.397"],
      "uses" : {
      },
      "StructureDefinition-t-cabs-observation-amv.html" : "T-CABS Observation AMV",
      "StructureDefinition-t-cabs-observation-atemfrequenz-beatmet.html" : "T-CABS Observation AF",
      "StructureDefinition-t-cabs-observation-ahi.html" : "T-CABS Observation AHI",
      "StructureDefinition-t-cabs-observation-herzfrequenz.html" : "T_CABS_Observation_Herzfrequenz",
      "StructureDefinition-t-cabs-observation-beatmungsstunden.html" : "T-CABS Observation Beatmungsstunden",
      "StructureDefinition-t-cabs-observation-bmi.html" : "BMI Observation",
      "StructureDefinition-t-cabs-observation-atemfrequenz.html" : "Atemfrequenz",
      "StructureDefinition-t-cabs-observation-leckage.html" : "T-CABS Observation Leckage",
      "StructureDefinition-t-cabs-observation-gehstrecke.html" : "Gehstrecke",
      "StructureDefinition-t-cabs-observation-arterieller-blutdruck.html" : "T-CABS Observation Arterieller Blutdruck",
      "StructureDefinition-t-cabs-observation-spo2.html" : "T-CABS Observation SPO2",
      "StructureDefinition-t-cabs-observation-triggeredbreaths.html" : "T-CABS Observation TriggeredBreaths",
      "StructureDefinition-t-cabs-observationfev1.html" : "FEV1 Observation"
    },
    {
      "url" : "http://hl7.org/fhir/ValueSet/request-priority",
      "version" : "4.0.1",
      "status" : "draft",
      "name" : "RequestPriority",
      "title" : "Request priority",
      "description" : "The clinical priority of a diagnostic order.",
      "systems" : ["http://hl7.org/fhir/request-priority"],
      "oids" : ["2.16.840.1.113883.4.642.3.115"],
      "sources" : ["2.16.840.1.113883.4.642.3.115"],
      "uses" : {
      },
      "StructureDefinition-t-cabs-communication-diskonnektion-alarm.html" : "T-CABS Communication Diskonnektion Alarm",
      "StructureDefinition-t-cabs-communication-alarm.html" : "T-CABS Communication Alarm",
      "StructureDefinition-t-cabs-communication-atemfrequenz-high-alarm.html" : "T-CABS Communication Atemfrequenz high Alarm",
      "StructureDefinition-t-cabs-communication-atemfrequenz-low-alarm.html" : "T-CABS Communication Atemfrequenz low Alarm"
    },
    {
      "url" : "http://hl7.org/fhir/ValueSet/resource-types",
      "version" : "4.0.1",
      "status" : "active",
      "name" : "ResourceType",
      "title" : "ResourceType",
      "description" : "One of the resource types defined as part of this version of FHIR.",
      "systems" : ["http://hl7.org/fhir/resource-types"],
      "oids" : ["2.16.840.1.113883.4.642.3.27"],
      "sources" : ["2.16.840.1.113883.4.642.3.27"],
      "uses" : {
      },
      "StructureDefinition-t-cabs-practitioner-arzt.html" : "T-CABS Practitioner Arzt",
      "StructureDefinition-t-cabs-observation-bmi.html" : "BMI Observation",
      "StructureDefinition-t-cabs-observation-spo2.html" : "T-CABS Observation SPO2",
      "StructureDefinition-t-cabs-observationfev1.html" : "FEV1 Observation"
    },
    {
      "url" : "http://hl7.org/fhir/ValueSet/security-labels",
      "version" : "4.0.1",
      "status" : "active",
      "name" : "All Security Labels",
      "title" : "SecurityLabels",
      "description" : "A single value set for all security labels defined by FHIR.",
      "systems" : [
        "http://terminology.hl7.org/CodeSystem/v3-ActReason",
        "http://terminology.hl7.org/CodeSystem/v3-ActUSPrivacyLaw",
        "http://terminology.hl7.org/CodeSystem/v3-ObservationValue",
        "http://terminology.hl7.org/CodeSystem/v3-ActCode",
        "http://terminology.hl7.org/CodeSystem/v3-Confidentiality"
      ],
      "oids" : ["2.16.840.1.113883.4.642.3.47"],
      "sources" : ["2.16.840.1.113883.4.642.3.47"],
      "uses" : {
      },
      "StructureDefinition-t-cabs-procedure-beatmung.html" : "T-CABS Procedure Beatmung"
    },
    {
      "url" : "http://hl7.org/fhir/ValueSet/udi-entry-type",
      "version" : "4.0.1",
      "status" : "draft",
      "name" : "UDIEntryType",
      "title" : "UDIEntryType",
      "description" : "Codes to identify how UDI data was entered.",
      "systems" : ["http://hl7.org/fhir/udi-entry-type"],
      "oids" : ["2.16.840.1.113883.4.642.3.211"],
      "sources" : ["2.16.840.1.113883.4.642.3.211"],
      "uses" : {
      },
      "StructureDefinition-t-cabs-device-beatmungsgeraet.html" : "T-CABS Device Beatmungsgerät"
    },
    {
      "url" : "http://t-cabs.org/ValueSet/t-cabs-valueset-Beatmungsform",
      "version" : "0.1.0",
      "status" : "draft",
      "name" : "T_CABS_ValueSet_Beatmungsform",
      "title" : "T-CABS ValueSet Beatmungsform",
      "description" : "Dieses ValueSet enthält Codes um die verschiedenen Beatmungsformen abzubilden",
      "systems" : ["http://snomed.info/sct"],
      "uses" : {
      },
      "StructureDefinition-t-cabs-procedure-beatmung.html" : "T-CABS Procedure Beatmung"
    },
    {
      "url" : "http://t-cabs.org/ValueSet/t-cabs-valueset-Beatmungsmodus",
      "version" : "0.1.0",
      "status" : "draft",
      "name" : "T_CABS_ValueSet_Beatmungsmodus",
      "title" : "T-CABS ValueSet Beatmungsmodus",
      "description" : "Dieses ValueSet enthält Codes um die verschiedenen Beatmungsmodis abzubilden",
      "systems" : ["urn:iso:std:iso:11073:10101"],
      "uses" : {
      },
      "StructureDefinition-t-cabs-procedure-beatmung.html" : "T-CABS Procedure Beatmung"
    },
    {
      "url" : "http://terminology.hl7.org/ValueSet/v2-2.7-0360",
      "version" : "0360",
      "status" : "active",
      "name" : "v2.0360.2.7",
      "title" : "v2 table 0360, Version 2.7",
      "description" : "FHIR Value set/code system definition for HL7 v2 table 0360 ver 2.9 ( Degree/License/Certificate)",
      "systems" : ["http://terminology.hl7.org/CodeSystem/v2-0360|2.7"],
      "uses" : {
      },
      "StructureDefinition-t-cabs-practitioner-arzt.html" : "T-CABS Practitioner Arzt"
    },
    {
      "url" : "http://terminology.hl7.org/ValueSet/v3-ParticipationMode",
      "version" : "3.0.0",
      "status" : "active",
      "name" : "ParticipationMode",
      "title" : "ParticipationMode",
      "description" : "Identifies the primary means by which an Entity participates in an Act.",
      "systems" : ["http://terminology.hl7.org/CodeSystem/v3-ParticipationMode"],
      "oids" : ["2.16.840.1.113883.1.11.16543"],
      "sources" : ["2.16.840.1.113883.1.11.16543"],
      "uses" : {
      },
      "StructureDefinition-t-cabs-communication-diskonnektion-alarm.html" : "T-CABS Communication Diskonnektion Alarm",
      "StructureDefinition-t-cabs-communication-alarm.html" : "T-CABS Communication Alarm",
      "StructureDefinition-t-cabs-communication-atemfrequenz-high-alarm.html" : "T-CABS Communication Atemfrequenz high Alarm",
      "StructureDefinition-t-cabs-communication-atemfrequenz-low-alarm.html" : "T-CABS Communication Atemfrequenz low Alarm"
    },
    {
      "url" : "https://gematik.de/fhir/isik/ValueSet/vs-mii-icu-bodysite-observation-monitoring-und-vitaldaten",
      "version" : "4.0.1",
      "status" : "active",
      "name" : "VS_MII_ICU_BodySite_Observation_Monitoring_und_Vitaldaten",
      "title" : "VS MII ICU BodySite Observation Monitoring und Vitaldaten",
      "description" : "Dieses ValueSet enthält Codes für bodySites von Vitaldaten sowie Daten aus dem Patientenmonitoring.",
      "systems" : ["http://snomed.info/sct"],
      "uses" : {
      },
      "StructureDefinition-t-cabs-observation-gehstrecke.html" : "Gehstrecke",
      "StructureDefinition-t-cabs-observation-herzfrequenz.html" : "T_CABS_Observation_Herzfrequenz",
      "StructureDefinition-t-cabs-observationfev1.html" : "FEV1 Observation"
    },
    {
      "url" : "https://gematik.de/fhir/isik/ValueSet/vs-mii-icu-code-monitoring-und-vitaldaten-iso11073",
      "version" : "4.0.1",
      "status" : "active",
      "name" : "VS_MII_ICU_Code_Monitoring_und_Vitaldaten_ISO11073",
      "title" : "VS MII ICU Code Monitoring und Vitaldaten [ISO11073]",
      "description" : "Dieses ValueSet enthält Codes für Vitaldaten sowie Daten aus dem Patientenmonitoring.",
      "systems" : ["urn:iso:std:iso:11073:10101"],
      "uses" : {
      },
      "StructureDefinition-t-cabs-observation-gehstrecke.html" : "Gehstrecke",
      "StructureDefinition-t-cabs-observation-herzfrequenz.html" : "T_CABS_Observation_Herzfrequenz",
      "StructureDefinition-t-cabs-observationfev1.html" : "FEV1 Observation"
    },
    {
      "url" : "https://gematik.de/fhir/isik/ValueSet/vs-mii-icu-code-monitoring-und-vitaldaten-loinc",
      "version" : "4.0.1",
      "status" : "active",
      "name" : "VS_MII_ICU_Code_Monitoring_und_Vitaldaten_LOINC",
      "title" : "VS MII ICU Code Monitoring und Vitaldaten [LOINC]",
      "description" : "Dieses ValueSet enthält Codes für Vitaldaten sowie Daten aus dem Patientenmonitoring.",
      "systems" : ["http://loinc.org"],
      "uses" : {
      },
      "StructureDefinition-t-cabs-observation-gehstrecke.html" : "Gehstrecke",
      "StructureDefinition-t-cabs-observation-herzfrequenz.html" : "T_CABS_Observation_Herzfrequenz",
      "StructureDefinition-t-cabs-observationfev1.html" : "FEV1 Observation"
    },
    {
      "url" : "https://gematik.de/fhir/isik/ValueSet/vs-mii-icu-code-monitoring-und-vitaldaten-snomed",
      "version" : "4.0.1",
      "status" : "active",
      "name" : "VS_MII_ICU_Code_Monitoring_und_Vitaldaten_SNOMED",
      "title" : "VS MII ICU Code Monitoring und Vitaldaten [sct]",
      "description" : "Dieses ValueSet enthaelt Codes fuer Vitaldaten sowie Daten aus dem Patientenmonitoring.",
      "systems" : ["http://snomed.info/sct"],
      "uses" : {
      },
      "StructureDefinition-t-cabs-observation-gehstrecke.html" : "Gehstrecke",
      "StructureDefinition-t-cabs-observation-herzfrequenz.html" : "T_CABS_Observation_Herzfrequenz",
      "StructureDefinition-t-cabs-observationfev1.html" : "FEV1 Observation"
    },
    {
      "url" : "https://www.medizininformatik-initiative.de/fhir/ext/modul-icu/ValueSet/vs-mii-icu-bodysite-observation-beatmung",
      "version" : "2025.0.4",
      "status" : "active",
      "name" : "VS_MII_ICU_BodySite_Observation_Beatmung",
      "title" : "VS MII ICU BodySite Observation Beatmung",
      "description" : "Dieses ValueSet enthält Codes für bodySites für die im Kontext einer Beatmung eingestellten oder gemessenen Parametern.",
      "systems" : ["http://snomed.info/sct"],
      "uses" : {
      },
      "StructureDefinition-t-cabs-observation-amv.html" : "T-CABS Observation AMV",
      "StructureDefinition-t-cabs-observation-beatmungsstunden.html" : "T-CABS Observation Beatmungsstunden",
      "StructureDefinition-t-cabs-observation-atemfrequenz-beatmet.html" : "T-CABS Observation AF",
      "StructureDefinition-t-cabs-observation-leckage.html" : "T-CABS Observation Leckage",
      "StructureDefinition-t-cabs-observation-ahi.html" : "T-CABS Observation AHI",
      "StructureDefinition-t-cabs-observation-triggeredbreaths.html" : "T-CABS Observation TriggeredBreaths"
    },
    {
      "url" : "https://www.medizininformatik-initiative.de/fhir/ext/modul-icu/ValueSet/vs-mii-icu-category-procedure-beatmung-snomed",
      "version" : "2025.0.4",
      "status" : "active",
      "name" : "VS_MII_ICU_Category_Procedure_Beatmung_SNOMED",
      "title" : "VS MII ICU Category Procedure Beatmung [SNOMED]",
      "description" : null,
      "systems" : ["http://snomed.info/sct"],
      "uses" : {
      },
      "StructureDefinition-t-cabs-observation-amv.html" : "T-CABS Observation AMV",
      "StructureDefinition-t-cabs-observation-beatmungsstunden.html" : "T-CABS Observation Beatmungsstunden",
      "StructureDefinition-t-cabs-observation-atemfrequenz-beatmet.html" : "T-CABS Observation AF",
      "StructureDefinition-t-cabs-observation-leckage.html" : "T-CABS Observation Leckage",
      "StructureDefinition-t-cabs-observation-ahi.html" : "T-CABS Observation AHI",
      "StructureDefinition-t-cabs-devicemetric-eingestellter-gemessener-parameter.html" : "T-CABS DeviceMetric eingestellter oder gemessener Parameter",
      "StructureDefinition-t-cabs-observation-triggeredbreaths.html" : "T-CABS Observation TriggeredBreaths",
      "StructureDefinition-t-cabs-procedure-beatmung.html" : "T-CABS Procedure Beatmung"
    },
    {
      "url" : "https://www.medizininformatik-initiative.de/fhir/ext/modul-icu/ValueSet/vs-mii-icu-code-observation-beatmung-iso11073",
      "version" : "2025.0.4",
      "status" : "active",
      "name" : "VS_MII_ICU_Code_Observation_Beatmung_ISO11073",
      "title" : "VS MII ICU Code Observation Beatmung [ISO11073]",
      "description" : "Dieses ValueSet enthält Codes für die im Kontext einer Beatmung eingestellten oder gemessenen Parametern.",
      "systems" : ["urn:iso:std:iso:11073:10101"],
      "uses" : {
      },
      "StructureDefinition-t-cabs-observation-amv.html" : "T-CABS Observation AMV",
      "StructureDefinition-t-cabs-observation-beatmungsstunden.html" : "T-CABS Observation Beatmungsstunden",
      "StructureDefinition-t-cabs-observation-atemfrequenz-beatmet.html" : "T-CABS Observation AF",
      "StructureDefinition-t-cabs-observation-leckage.html" : "T-CABS Observation Leckage",
      "StructureDefinition-t-cabs-observation-ahi.html" : "T-CABS Observation AHI",
      "StructureDefinition-t-cabs-observation-triggeredbreaths.html" : "T-CABS Observation TriggeredBreaths"
    },
    {
      "url" : "https://www.medizininformatik-initiative.de/fhir/ext/modul-icu/ValueSet/vs-mii-icu-code-observation-beatmung-loinc",
      "version" : "2025.0.4",
      "status" : "active",
      "name" : "VS_MII_ICU_Code_Observation_Beatmung_LOINC",
      "title" : "VS MII ICU Code Observation Beatmung [LOINC]",
      "description" : "Dieses ValueSet enthält Codes für die im Kontext einer Beatmung eingestellten oder gemessenen Parametern.",
      "systems" : ["http://loinc.org"],
      "uses" : {
      },
      "StructureDefinition-t-cabs-observation-amv.html" : "T-CABS Observation AMV",
      "StructureDefinition-t-cabs-observation-beatmungsstunden.html" : "T-CABS Observation Beatmungsstunden",
      "StructureDefinition-t-cabs-observation-atemfrequenz-beatmet.html" : "T-CABS Observation AF",
      "StructureDefinition-t-cabs-observation-leckage.html" : "T-CABS Observation Leckage",
      "StructureDefinition-t-cabs-observation-ahi.html" : "T-CABS Observation AHI",
      "StructureDefinition-t-cabs-observation-triggeredbreaths.html" : "T-CABS Observation TriggeredBreaths"
    },
    {
      "url" : "https://www.medizininformatik-initiative.de/fhir/ext/modul-icu/ValueSet/vs-mii-icu-code-observation-beatmung-snomed",
      "version" : "2025.0.4",
      "status" : "active",
      "name" : "VS_MII_ICU_Code_Observation_Beatmung_SNOMED",
      "title" : "VS MII ICU Code Observation Beatmung [SNOMED]",
      "description" : "Dieses ValueSet enthält Codes für die im Kontext einer Beatmung eingestellten oder gemessenen Parametern.",
      "systems" : ["http://snomed.info/sct"],
      "uses" : {
      },
      "StructureDefinition-t-cabs-observation-amv.html" : "T-CABS Observation AMV",
      "StructureDefinition-t-cabs-observation-beatmungsstunden.html" : "T-CABS Observation Beatmungsstunden",
      "StructureDefinition-t-cabs-observation-atemfrequenz-beatmet.html" : "T-CABS Observation AF",
      "StructureDefinition-t-cabs-observation-leckage.html" : "T-CABS Observation Leckage",
      "StructureDefinition-t-cabs-observation-ahi.html" : "T-CABS Observation AHI",
      "StructureDefinition-t-cabs-observation-triggeredbreaths.html" : "T-CABS Observation TriggeredBreaths"
    },
    {
      "url" : "https://www.medizininformatik-initiative.de/fhir/ext/modul-icu/ValueSet/vs-mii-icu-code-procedure-beatmung-snomed",
      "version" : "2025.0.4",
      "status" : "active",
      "name" : "VS_MII_ICU_Code_Procedure_Beatmung_SNOMED",
      "title" : "VS MII ICU Code Procedure Beatmung [SNOMED]",
      "description" : null,
      "systems" : ["http://snomed.info/sct"],
      "uses" : {
      },
      "StructureDefinition-t-cabs-procedure-beatmung.html" : "T-CABS Procedure Beatmung"
    },
    {
      "url" : "https://www.medizininformatik-initiative.de/fhir/ext/modul-icu/ValueSet/vs-mii-icu-unit-equivalent-ucum-beats-per-minute",
      "version" : "2025.0.4",
      "status" : "active",
      "name" : "VS_MII_ICU_Unit_equivalent_UCUM_beats_per_minute",
      "title" : "VS MII ICU Unit equivalent UCUM beats per minute",
      "description" : "Dieses ValueSet enthält äquivalente Codes für Herzschläge pro Minute.",
      "systems" : ["http://unitsofmeasure.org"],
      "uses" : {
      },
      "StructureDefinition-t-cabs-observation-herzfrequenz.html" : "T_CABS_Observation_Herzfrequenz"
    },
    {
      "url" : "https://www.medizininformatik-initiative.de/fhir/ext/modul-icu/ValueSet/vs-mii-icu-unit-equivalent-ucum-breaths-per-minute",
      "version" : "2025.0.4",
      "status" : "active",
      "name" : "VS_MII_ICU_Unit_equivalent_UCUM_breaths_per_minute",
      "title" : "VS MII ICU Unit equivalent UCUM breaths per minute",
      "description" : "Dieses ValueSet enthält äquivalente Codes für Atemzüge pro Minute.",
      "systems" : ["http://unitsofmeasure.org"],
      "uses" : {
      },
      "StructureDefinition-t-cabs-observation-atemfrequenz.html" : "Atemfrequenz"
    }
  ]
}
