<?xml version="1.0" encoding="UTF-8"?>

<ValueSet xmlns="http://hl7.org/fhir">
  <id value="t-cabs-valueset-beatmungsstelle"/>
  <text>
    <status value="generated"/><div xmlns="http://www.w3.org/1999/xhtml"><p class="res-header-id"><b>Generated Narrative: ValueSet t-cabs-valueset-beatmungsstelle</b></p><a name="t-cabs-valueset-beatmungsstelle"> </a><a name="hct-cabs-valueset-beatmungsstelle"> </a><ul><li>Include these codes as defined in <a href="http://www.snomed.org/"><code>http://snomed.info/sct</code></a><span title="Version is not explicity stated. No matching Code System found"> version Not Stated (use latest from terminology server)</span><table class="none"><tr><td style="white-space:nowrap"><b>Code</b></td><td><b>Display</b></td></tr><tr><td><a href="http://snomed.info/id/302549007">302549007</a></td><td>Entire face (body structure)</td></tr><tr><td><a href="http://snomed.info/id/45206002">45206002</a></td><td>Nasal structure (body structure)</td></tr><tr><td><a href="http://snomed.info/id/44567001">44567001</a></td><td>Tracheal structure (body structure)</td></tr></table></li></ul></div>
  </text>
  <url value="http://t-cabs.org/ValueSet/t-cabs-valueset-beatmungsstelle"/>
  <version value="0.1.0"/>
  <name value="T_CABS_ValueSet_Beatmungsstelle"/>
  <title value="T-CABS ValueSet Ventilation Site"/>
  <status value="draft"/>
  <date value="2025-11-19T11:55:29+01:00"/>
  <publisher value="BIH-CEI"/>
  <contact>
    <name value="BIH-CEI"/>
    <telecom>
      <system value="url"/>
      <value value="https://www.bihealth.org/"/>
    </telecom>
  </contact>
  <description value="This ValueSet contains codes to represent the body sites where ventilation is applied"/>
  <jurisdiction>
    <coding>
      <system value="urn:iso:std:iso:3166"/>
      <code value="DE"/>
      <display value="Germany"/>
    </coding>
  </jurisdiction>
  <compose>
    <include>
      <system value="http://snomed.info/sct"/>
      <concept>
        <code value="302549007"/>
        <display value="Entire face (body structure)"/>
      </concept>
      <concept>
        <code value="45206002"/>
        <display value="Nasal structure (body structure)"/>
      </concept>
      <concept>
        <code value="44567001"/>
        <display value="Tracheal structure (body structure)"/>
      </concept>
    </include>
  </compose>
</ValueSet>