URL,Version,Status,OIDs,Name,Title,Descriptino,Uses,Used,Sources
http://fhir.de/ValueSet/DiagnoseTyp,1.5.4,active,,DiagnoseTyp,DiagnoseTyp ValueSet,"DiagnoseTyp ValueSet","StructureDefinition/t-cabs-encounter-kontakt","de.basisprofil.r4"
http://fhir.de/ValueSet/Diagnosesubtyp,1.5.4,active,,Diagnosesubtyp,Diagnosesubtyp ValueSet,"Diagnosesubtyp ValueSet","StructureDefinition/t-cabs-encounter-kontakt","de.basisprofil.r4,THO"
http://fhir.de/ValueSet/EncounterClassDE,1.5.4,active,,EncounterClassDE,EncounterClassDE,"Fallarten und Patientenstatus zur Codierung von Encounter.class","StructureDefinition/t-cabs-encounter-kontakt","THO (V3)"
http://fhir.de/ValueSet/EncounterStatusDe,1.5.4,active,,EncounterStatusDe,Encounter Status ValueSet,"Einschränkung von Encounter Status in Vorbereitung auf Änderungen in FHIR R5","StructureDefinition/t-cabs-encounter-kontakt","hl7.fhir.r4.core"
http://fhir.de/ValueSet/dgkev/Aufnahmeanlass,1.5.4,active,,AufnahmeanlassVS,Aufnahmeanlass ValueSet,"Aufnahmeanlass, Datenübermittlung nach § 301 Abs. 3 SGB V","StructureDefinition/t-cabs-encounter-kontakt","de.basisprofil.r4"
http://fhir.de/ValueSet/dkgev/AufnahmegrundDritteStelle,1.5.4,active,,AufnahmegrundDritteStelleVS,AufnahmegrundDritteStelle ValueSet,"Aufnahmegrund (3. Stelle), Datenübermittlung nach § 301 Abs. 3 SGB V","StructureDefinition/t-cabs-encounter-kontakt","de.basisprofil.r4"
http://fhir.de/ValueSet/dkgev/AufnahmegrundErsteUndZweiteStelle,1.5.4,active,,AufnahmegrundErsteUndZweiteStelleVS,Aufnahmegrund Erste und Zweite Stelle ValueSet,"Aufnahmegrund (1. und 2. Stelle), Datenübermittlung nach § 301 Abs. 3 SGB V","StructureDefinition/t-cabs-encounter-kontakt","de.basisprofil.r4"
http://fhir.de/ValueSet/dkgev/AufnahmegrundVierteStelle,1.5.4,active,,AufnahmegrundVierteStelleVS,Aufnahmegrund Vierte Stelle ValueSet,"Aufnahmegrund (4. Stelle), Datenübermittlung nach § 301 Abs. 3 SGB V","StructureDefinition/t-cabs-encounter-kontakt","de.basisprofil.r4"
http://fhir.de/ValueSet/dkgev/Fachabteilungsschluessel,1.5.4,active,,FachabteilungsschluesselVS,Fachabteilungsschlüssel ValueSet,"Fachabteilungen gemäß Anhang 1 der BPflV in der am 31.12.2003 geltenden Fassung","StructureDefinition/t-cabs-encounter-kontakt","de.basisprofil.r4"
http://fhir.de/ValueSet/dkgev/Fachabteilungsschluessel-erweitert,1.5.4,active,,ValueSetFachabteilungsschluesselErweitert,FachabteilungsschluesselErweitert ValueSet,"Fachabteilungen gemäß Anhang 1 der BPflV in der am 31.12.2003 geltenden Fassung inkl. Spezialisierungen","StructureDefinition/t-cabs-encounter-kontakt","de.basisprofil.r4"
http://fhir.de/ValueSet/identifier-type-de-basis,1.5.4,active,,IdentifierTypeDeBasisVS,Identifier Type DeBasis ValueSet,"ValueSet zur Codierung des Identifier-Typs","StructureDefinition/t-cabs-patient","THO (V2),de.basisprofil.r4"
http://fhir.de/ValueSet/iso/bundeslaender,1.5.4,active,,ValueSetISO31662DE,ISO-3166-2:de-Laendercodes,"Enthaelt die ISO-3166-2:DE Codes für die deutschen Bundeslaender.","StructureDefinition/t-cabs-patient","de.basisprofil.r4"
http://fhir.de/ValueSet/kontaktart-de,1.5.4,active,,KontaktartDe,KontaktartDe ValueSet,"Kontaktarten für die Codierung von Encounter.type","StructureDefinition/t-cabs-encounter-kontakt","de.basisprofil.r4"
http://fhir.de/ValueSet/kontaktebene-de,1.5.4,active,,KontaktebeneDe,KontaktebeneDe ValueSet,"Kontaktebene für die Codierung von Encounter.type","StructureDefinition/t-cabs-encounter-kontakt","de.basisprofil.r4"
http://hl7.org/fhir/ValueSet/address-type,4.0.1,active,"2.16.840.1.113883.4.642.3.69",AddressType,AddressType,"The type of an address (physical / postal).","StructureDefinition/t-cabs-patient","hl7.fhir.r4.core"
http://hl7.org/fhir/ValueSet/address-use,4.0.1,active,"2.16.840.1.113883.4.642.3.67",AddressUse,AddressUse,"The use of an address.","StructureDefinition/t-cabs-patient","hl7.fhir.r4.core"
http://hl7.org/fhir/ValueSet/administrative-gender,4.0.1,active,"2.16.840.1.113883.4.642.3.1",AdministrativeGender,AdministrativeGender,"The gender of a person used for administrative purposes.","StructureDefinition/t-cabs-patient,StructureDefinition/t-cabs-practitioner-personmitfunktion","hl7.fhir.r4.core"
http://hl7.org/fhir/ValueSet/body-site,4.0.1,draft,"2.16.840.1.113883.4.642.3.141",SNOMEDCTBodyStructures,SNOMED CT Body Structures,"This value set includes all codes from [SNOMED CT](http://snomed.info/sct) where concept is-a 442083009 (Anatomical or acquired body site (body structure)).","StructureDefinition/t-cabs-observation-leckage,StructureDefinition/t-cabs-observation-arteriellerblutdruck,StructureDefinition/t-cabs-observation-ti,StructureDefinition/t-cabs-observation-koerpertemperatur,StructureDefinition/t-cabs-observation-targetvolume,StructureDefinition/t-cabs-observationfev1fev6,StructureDefinition/t-cabs-observation-vitalparameter,StructureDefinition/t-cabs-observation-koerpergewicht,StructureDefinition/t-cabs-observationfev1fef25-75,StructureDefinition/t-cabs-observation-peep,StructureDefinition/t-cabs-observation-atemfrequenz-beatmet,StructureDefinition/t-cabs-observation-ipap,StructureDefinition/t-cabs-observation-bmi,StructureDefinition/t-cabs-observation-druck-minmax,StructureDefinition/t-cabs-observation-amv,StructureDefinition/t-cabs-observation-vitalparametermitkomponenten,StructureDefinition/t-cabs-observationhandgriffstaerke,StructureDefinition/t-cabs-observation-gehstrecke,StructureDefinition/t-cabs-observation-triggeredbreaths,StructureDefinition/t-cabs-observation-herzfrequenz,StructureDefinition/t-cabs-observation-arteriellespo2,StructureDefinition/t-cabs-observation-atemzeitverhaeltnis,StructureDefinition/t-cabs-observation-ahi,StructureDefinition/t-cabs-observation-beatmungsparameter,StructureDefinition/t-cabs-observation-atemfrequenz,StructureDefinition/t-cabs-observation-beatmungsparametermitkomponenten,StructureDefinition/t-cabs-observationfev1,StructureDefinition/t-cabs-observationfev6","SCT"
http://hl7.org/fhir/ValueSet/c80-practice-codes,4.0.1,active,"2.16.840.1.113883.3.88.12.80.72",PracticeSettingCodeValueSet,Practice Setting Code Value Set,"This is the code representing the clinical specialty of the clinician or provider who interacted with, treated, or provided a service to/for the patient. The value set used for clinical specialty has been limited by HITSP to the value set reproduced from HITSP C80 Table 2-149 Clinical Specialty Value Set Definition.","StructureDefinition/t-cabs-practitioner-funktion","SCT"
http://hl7.org/fhir/ValueSet/clinical-findings,4.0.1,draft,"2.16.840.1.113883.4.642.3.232",SNOMEDCTClinicalFindings,SNOMED CT Clinical Findings,"This value set includes all the ""Clinical finding"" [SNOMED CT](http://snomed.info/sct) codes - concepts where concept is-a 404684003 (Clinical finding (finding)).","StructureDefinition/t-cabs-diagnosticreport-visitenbefund","SCT"
http://hl7.org/fhir/ValueSet/common-tags,4.0.1,draft,"2.16.840.1.113883.4.642.3.79",CommonTags,Common Tags,"Common Tag Codes defined by FHIR project","StructureDefinition/t-cabs-observation-leckage,StructureDefinition/t-cabs-observation-arteriellerblutdruck,StructureDefinition/t-cabs-encounter-kontakt,StructureDefinition/t-cabs-observation-ti,StructureDefinition/t-cabs-observation-koerpertemperatur,StructureDefinition/t-cabs-observation-targetvolume,StructureDefinition/t-cabs-observationfev1fev6,StructureDefinition/t-cabs-observation-vitalparameter,StructureDefinition/t-cabs-observation-koerpergewicht,StructureDefinition/t-cabs-observationfev1fef25-75,StructureDefinition/t-cabs-observation-peep,StructureDefinition/t-cabs-observation-atemfrequenz-beatmet,StructureDefinition/t-cabs-observation-ipap,StructureDefinition/t-cabs-observation-bmi,StructureDefinition/t-cabs-observation-druck-minmax,StructureDefinition/t-cabs-observation-amv,StructureDefinition/t-cabs-observation-vitalparametermitkomponenten,StructureDefinition/t-cabs-observationhandgriffstaerke,StructureDefinition/t-cabs-observation-gehstrecke,StructureDefinition/t-cabs-observation-triggeredbreaths,StructureDefinition/t-cabs-observation-herzfrequenz,StructureDefinition/t-cabs-observation-arteriellespo2,StructureDefinition/t-cabs-observation-atemzeitverhaeltnis,StructureDefinition/t-cabs-observation-ahi,StructureDefinition/t-cabs-patient,StructureDefinition/t-cabs-observation-beatmungsparameter,StructureDefinition/t-cabs-observation-atemfrequenz,StructureDefinition/t-cabs-observation-beatmungsparametermitkomponenten,StructureDefinition/t-cabs-observationfev1,StructureDefinition/t-cabs-observationfev6","THO"
http://hl7.org/fhir/ValueSet/condition-code,4.0.1,draft,"2.16.840.1.113883.4.642.3.161",Condition/Problem/DiagnosisCodes,Condition/Problem/Diagnosis Codes,"Example value set for Condition/Problem/Diagnosis codes.","StructureDefinition/t-cabs-procedure-beatmung","SCT"
http://hl7.org/fhir/ValueSet/contactentity-type,4.0.1,draft,"2.16.840.1.113883.4.642.3.416",ContactEntityType,Contact entity type,"This example value set defines a set of codes that can be used to indicate the purpose for which you would contact a contact party.","StructureDefinition/t-cabs-organisation","THO"
http://hl7.org/fhir/ValueSet/data-absent-reason,4.0.1,active,"2.16.840.1.113883.4.642.3.5",DataAbsentReason,DataAbsentReason,"Used to specify why the normally expected content of the data element is missing.","StructureDefinition/t-cabs-observation-leckage,StructureDefinition/t-cabs-observation-arteriellerblutdruck,StructureDefinition/t-cabs-observation-ti,StructureDefinition/t-cabs-observation-koerpertemperatur,StructureDefinition/t-cabs-observation-targetvolume,StructureDefinition/t-cabs-observationfev1fev6,StructureDefinition/t-cabs-observation-vitalparameter,StructureDefinition/t-cabs-observation-koerpergewicht,StructureDefinition/t-cabs-observationfev1fef25-75,StructureDefinition/t-cabs-observation-peep,StructureDefinition/t-cabs-observation-atemfrequenz-beatmet,StructureDefinition/t-cabs-observation-ipap,StructureDefinition/t-cabs-observation-bmi,StructureDefinition/t-cabs-observation-druck-minmax,StructureDefinition/t-cabs-observation-amv,StructureDefinition/t-cabs-observation-vitalparametermitkomponenten,StructureDefinition/t-cabs-observationhandgriffstaerke,StructureDefinition/t-cabs-observation-gehstrecke,StructureDefinition/t-cabs-observation-triggeredbreaths,StructureDefinition/t-cabs-observation-herzfrequenz,StructureDefinition/t-cabs-observation-arteriellespo2,StructureDefinition/t-cabs-observation-atemzeitverhaeltnis,StructureDefinition/t-cabs-observation-ahi,StructureDefinition/t-cabs-observation-beatmungsparameter,StructureDefinition/t-cabs-observation-atemfrequenz,StructureDefinition/t-cabs-observation-beatmungsparametermitkomponenten,StructureDefinition/t-cabs-observationfev1,StructureDefinition/t-cabs-observationfev6","THO"
http://hl7.org/fhir/ValueSet/days-of-week,4.0.1,active,"2.16.840.1.113883.4.642.3.512",DaysOfWeek,DaysOfWeek,"The days of the week.","StructureDefinition/t-cabs-practitioner-funktion,StructureDefinition/t-cabs-devicemetric-numericmetric","hl7.fhir.r4.core"
http://hl7.org/fhir/ValueSet/device-action,4.0.1,draft,"2.16.840.1.113883.4.642.3.425",ProcedureDeviceActionCodes,Procedure Device Action Codes,"Example codes indicating the change that happened to the device during the procedure.  Note that these are in no way complete and might not even be appropriate for some uses.","StructureDefinition/t-cabs-procedure-beatmung","SCT"
http://hl7.org/fhir/ValueSet/device-kind,4.0.1,draft,"2.16.840.1.113883.4.642.3.208",FHIRDeviceTypes,FHIR Device Types,"Codes used to identify medical devices. Includes concepts from SNOMED CT (http://www.snomed.org/) where concept is-a 49062001 (Device)  and is provided as a suggestive example.","StructureDefinition/t-cabs-procedure-beatmung","SCT"
http://hl7.org/fhir/ValueSet/device-nametype,4.0.1,draft,"2.16.840.1.113883.4.642.3.1083",DeviceNameType,DeviceNameType,"The type of name the device is referred by.","StructureDefinition/t-cabs-device-mds-beatmungsgeraet,StructureDefinition/t-cabs-device-phd,StructureDefinition/t-cabs-device-phg,StructureDefinition/t-cabs-device-vmd-beatmungsgeraet,StructureDefinition/t-cabs-device-channel-beatmungsgeraet","hl7.fhir.r4.core"
http://hl7.org/fhir/ValueSet/device-status,4.0.1,draft,"2.16.840.1.113883.4.642.3.209",FHIRDeviceStatus,FHIRDeviceStatus,"The availability status of the device.","StructureDefinition/t-cabs-device-mds-beatmungsgeraet,StructureDefinition/t-cabs-device-phd,StructureDefinition/t-cabs-device-phg,StructureDefinition/t-cabs-device-vmd-beatmungsgeraet,StructureDefinition/t-cabs-device-channel-beatmungsgeraet","hl7.fhir.r4.core"
http://hl7.org/fhir/ValueSet/device-status-reason,4.0.1,draft,"2.16.840.1.113883.4.642.3.1081",FHIRDeviceStatusReason,FHIRDeviceStatusReason,"The availability status reason of the device.","StructureDefinition/t-cabs-device-mds-beatmungsgeraet,StructureDefinition/t-cabs-device-phd,StructureDefinition/t-cabs-device-phg,StructureDefinition/t-cabs-device-vmd-beatmungsgeraet,StructureDefinition/t-cabs-device-channel-beatmungsgeraet","THO"
http://hl7.org/fhir/ValueSet/device-type,4.0.1,draft,"2.16.840.1.113883.4.642.3.1376",DeviceType,Device Type,"Codes used to identify medical devices. Includes concepts from SNOMED CT (http://www.snomed.org/) where concept is-a 49062001 (Device)  and is provided as a suggestive example.","StructureDefinition/t-cabs-device-phd,StructureDefinition/t-cabs-device-phg","SCT"
http://hl7.org/fhir/ValueSet/diagnostic-report-status,4.0.1,draft,"2.16.840.1.113883.4.642.3.235",DiagnosticReportStatus,DiagnosticReportStatus,"The status of the diagnostic report.","StructureDefinition/t-cabs-diagnosticreport-visitenbefund","hl7.fhir.r4.core"
http://hl7.org/fhir/ValueSet/diagnostic-service-sections,4.0.1,draft,"2.16.840.1.113883.4.642.3.234",DiagnosticServiceSectionCodes,Diagnostic Service Section Codes,"This value set includes all the codes in HL7 V2 table 0074.","StructureDefinition/t-cabs-diagnosticreport-visitenbefund","THO (V2)"
http://hl7.org/fhir/ValueSet/encounter-diet,4.0.1,draft,"2.16.840.1.113883.4.642.3.255",Diet,Diet,"This value set defines a set of codes that can be used to indicate dietary preferences or restrictions a patient may have.","StructureDefinition/t-cabs-encounter-kontakt","THO"
http://hl7.org/fhir/ValueSet/encounter-discharge-disposition,4.0.1,draft,"2.16.840.1.113883.4.642.3.259",DischargeDisposition,Discharge disposition,"This value set defines a set of codes that can be used to where the patient left the hospital.","StructureDefinition/t-cabs-encounter-kontakt","THO"
http://hl7.org/fhir/ValueSet/encounter-location-status,4.0.1,draft,"2.16.840.1.113883.4.642.3.262",EncounterLocationStatus,EncounterLocationStatus,"The status of the location.","StructureDefinition/t-cabs-encounter-kontakt","hl7.fhir.r4.core"
http://hl7.org/fhir/ValueSet/encounter-participant-type,4.0.1,draft,"2.16.840.1.113883.4.642.3.250",ParticipantType,Participant type,"This value set defines a set of codes that can be used to indicate how an individual participates in an encounter.","StructureDefinition/t-cabs-encounter-kontakt","THO (V3),THO"
http://hl7.org/fhir/ValueSet/encounter-reason,4.0.1,draft,"2.16.840.1.113883.4.642.3.261",EncounterReasonCodes,Encounter Reason Codes,"This examples value set defines the set of codes that can be used to indicate reasons for an encounter.","StructureDefinition/t-cabs-encounter-kontakt","SCT"
http://hl7.org/fhir/ValueSet/encounter-special-arrangements,4.0.1,draft,"2.16.840.1.113883.4.642.3.253",SpecialArrangements,Special arrangements,"This value set defines a set of codes that can be used to indicate the kinds of special arrangements in place for a patients visit.","StructureDefinition/t-cabs-encounter-kontakt","THO"
http://hl7.org/fhir/ValueSet/encounter-special-courtesy,4.0.1,draft,"2.16.840.1.113883.4.642.3.252",SpecialCourtesy,Special courtesy,"This value set defines a set of codes that can be used to indicate special courtesies provided to the patient.","StructureDefinition/t-cabs-encounter-kontakt","THO (V3)"
http://hl7.org/fhir/ValueSet/encounter-status,4.0.1,draft,"2.16.840.1.113883.4.642.3.246",EncounterStatus,EncounterStatus,"Current state of the encounter.","StructureDefinition/t-cabs-encounter-kontakt","hl7.fhir.r4.core"
http://hl7.org/fhir/ValueSet/encounter-type,4.0.1,draft,"2.16.840.1.113883.4.642.3.248",EncounterType,Encounter type,"This example value set defines a set of codes that can be used to indicate the type of encounter: a specific code indicating type of service provided.","StructureDefinition/t-cabs-encounter-kontakt","THO"
http://hl7.org/fhir/ValueSet/event-status,4.0.1,draft,"2.16.840.1.113883.4.642.3.109",EventStatus,EventStatus,"Codes identifying the lifecycle stage of an event.","StructureDefinition/t-cabs-procedure-beatmung","hl7.fhir.r4.core"
http://hl7.org/fhir/ValueSet/event-timing,4.0.1,active,"2.16.840.1.113883.4.642.3.75",EventTiming,EventTiming,"Real world event relating to the schedule.","StructureDefinition/t-cabs-devicemetric-numericmetric","THO (V3),hl7.fhir.r4.core"
http://hl7.org/fhir/ValueSet/group-type,4.0.1,draft,"2.16.840.1.113883.4.642.3.284",GroupType,GroupType,"Types of resources that are part of group.","StructureDefinition/t-cabs-group-patientengruppe","hl7.fhir.r4.core"
http://hl7.org/fhir/ValueSet/identifier-type,4.0.1,active,"2.16.840.1.113883.4.642.3.45",Identifier Type Codes,IdentifierType,"A coded type for an identifier that can be used to determine which identifier to use for a specific purpose.","StructureDefinition/t-cabs-device-mds-beatmungsgeraet,StructureDefinition/t-cabs-observation-arteriellerblutdruck,StructureDefinition/t-cabs-observationhandgriffstaerke,StructureDefinition/t-cabs-observation-gehstrecke,StructureDefinition/t-cabs-observation-herzfrequenz,StructureDefinition/t-cabs-device-vmd-beatmungsgeraet,StructureDefinition/t-cabs-observation-koerpertemperatur,StructureDefinition/t-cabs-practitioner-personmitfunktion,StructureDefinition/t-cabs-observation-arteriellespo2,StructureDefinition/t-cabs-device-channel-beatmungsgeraet,StructureDefinition/t-cabs-observationfev1fev6,StructureDefinition/t-cabs-observation-vitalparameter,StructureDefinition/t-cabs-device-phd,StructureDefinition/t-cabs-observation-koerpergewicht,StructureDefinition/t-cabs-observationfev1fef25-75,StructureDefinition/t-cabs-patient,StructureDefinition/t-cabs-organisation,StructureDefinition/t-cabs-observation-bmi,StructureDefinition/t-cabs-device-phg,StructureDefinition/t-cabs-observation-atemfrequenz,StructureDefinition/t-cabs-observationfev1,StructureDefinition/t-cabs-observation-vitalparametermitkomponenten,StructureDefinition/t-cabs-observationfev6","THO (V2)"
http://hl7.org/fhir/ValueSet/identifier-use,4.0.1,active,"2.16.840.1.113883.4.642.3.57",IdentifierUse,IdentifierUse,"Identifies the purpose for this identifier, if known .","StructureDefinition/t-cabs-device-mds-beatmungsgeraet,StructureDefinition/t-cabs-observation-arteriellerblutdruck,StructureDefinition/t-cabs-encounter-kontakt,StructureDefinition/t-cabs-observationhandgriffstaerke,StructureDefinition/t-cabs-observation-gehstrecke,StructureDefinition/t-cabs-observation-herzfrequenz,StructureDefinition/t-cabs-device-vmd-beatmungsgeraet,StructureDefinition/t-cabs-observation-koerpertemperatur,StructureDefinition/t-cabs-practitioner-personmitfunktion,StructureDefinition/t-cabs-observation-arteriellespo2,StructureDefinition/t-cabs-device-channel-beatmungsgeraet,StructureDefinition/t-cabs-observationfev1fev6,StructureDefinition/t-cabs-observation-vitalparameter,StructureDefinition/t-cabs-device-phd,StructureDefinition/t-cabs-observation-koerpergewicht,StructureDefinition/t-cabs-observationfev1fef25-75,StructureDefinition/t-cabs-patient,StructureDefinition/t-cabs-organisation,StructureDefinition/t-cabs-observation-bmi,StructureDefinition/t-cabs-device-phg,StructureDefinition/t-cabs-observation-atemfrequenz,StructureDefinition/t-cabs-observationfev1,StructureDefinition/t-cabs-observation-vitalparametermitkomponenten,StructureDefinition/t-cabs-observationfev6","hl7.fhir.r4.core"
http://hl7.org/fhir/ValueSet/iso3166-1-2,4.0.1,active,,Iso3166-1-2,Iso 3166 Part 1: 2 Letter Codes,"This value set defines the ISO 3166 Part 1 2-letter codes","StructureDefinition/t-cabs-patient","hl7.terminology.r4"
http://hl7.org/fhir/ValueSet/jurisdiction,4.0.1,active,"2.16.840.1.113883.4.642.3.48",Jurisdiction ValueSet,Jurisdiction,"This value set defines a base set of codes for country, country subdivision and region    for indicating where a resource is intended to be used.             Note: The codes for countries and country subdivisions are taken from    [ISO 3166](https://www.iso.org/iso-3166-country-codes.html)    while the codes for ""supra-national"" regions are from    [UN Standard country or area codes for statistical use (M49)](http://unstats.un.org/unsd/methods/m49/m49.htm).","StructureDefinition/t-cabs-device-mds-beatmungsgeraet,StructureDefinition/t-cabs-device-vmd-beatmungsgeraet","hl7.terminology.r4,Other"
http://hl7.org/fhir/ValueSet/languages,4.0.1,draft,"2.16.840.1.113883.4.642.3.20",CommonLanguages,Common Languages,"This value set includes common codes from BCP-47 (http://tools.ietf.org/html/bcp47)","StructureDefinition/t-cabs-observation-leckage,StructureDefinition/t-cabs-device-mds-beatmungsgeraet,StructureDefinition/t-cabs-observation-arteriellerblutdruck,StructureDefinition/t-cabs-encounter-kontakt,StructureDefinition/t-cabs-observation-ti,StructureDefinition/t-cabs-procedure-beatmung,StructureDefinition/t-cabs-devicemetric-numericmetric,StructureDefinition/t-cabs-observation-koerpertemperatur,StructureDefinition/t-cabs-practitioner-personmitfunktion,StructureDefinition/t-cabs-observation-targetvolume,StructureDefinition/t-cabs-observationfev1fev6,StructureDefinition/t-cabs-observation-vitalparameter,StructureDefinition/t-cabs-observation-koerpergewicht,StructureDefinition/t-cabs-observationfev1fef25-75,StructureDefinition/t-cabs-observation-peep,StructureDefinition/t-cabs-observation-atemfrequenz-beatmet,StructureDefinition/t-cabs-observation-ipap,StructureDefinition/t-cabs-observation-bmi,StructureDefinition/t-cabs-observation-druck-minmax,StructureDefinition/t-cabs-observation-amv,StructureDefinition/t-cabs-observation-vitalparametermitkomponenten,StructureDefinition/t-cabs-group-patientengruppe,StructureDefinition/t-cabs-diagnosticreport-visitenbefund,StructureDefinition/t-cabs-observationhandgriffstaerke,StructureDefinition/t-cabs-practitioner-funktion,StructureDefinition/t-cabs-observation-gehstrecke,StructureDefinition/t-cabs-observation-triggeredbreaths,StructureDefinition/t-cabs-observation-herzfrequenz,StructureDefinition/t-cabs-device-vmd-beatmungsgeraet,StructureDefinition/t-cabs-observation-arteriellespo2,StructureDefinition/t-cabs-device-channel-beatmungsgeraet,StructureDefinition/t-cabs-observation-atemzeitverhaeltnis,StructureDefinition/t-cabs-device-phd,StructureDefinition/t-cabs-observation-ahi,StructureDefinition/t-cabs-patient,StructureDefinition/t-cabs-observation-beatmungsparameter,StructureDefinition/t-cabs-organisation,StructureDefinition/t-cabs-device-phg,StructureDefinition/t-cabs-observation-atemfrequenz,StructureDefinition/t-cabs-observation-beatmungsparametermitkomponenten,StructureDefinition/t-cabs-observationfev1,StructureDefinition/t-cabs-observationfev6","hl7.terminology.r4"
http://hl7.org/fhir/ValueSet/link-type,4.0.1,active,"2.16.840.1.113883.4.642.3.423",LinkType,LinkType,"The type of link between this patient resource and another patient resource.","StructureDefinition/t-cabs-patient","hl7.fhir.r4.core"
http://hl7.org/fhir/ValueSet/location-physical-type,4.0.1,draft,"2.16.840.1.113883.4.642.3.328",LocationType,Location type,"This example value set defines a set of codes that can be used to indicate the physical form of the Location.","StructureDefinition/t-cabs-encounter-kontakt","THO"
http://hl7.org/fhir/ValueSet/marital-status,4.0.1,active,"2.16.840.1.113883.4.642.3.29",Marital Status Codes,MaritalStatus,"This value set defines the set of codes that can be used to indicate the marital status of a person.","StructureDefinition/t-cabs-patient","THO (V3)"
http://hl7.org/fhir/ValueSet/metric-calibration-state,4.0.1,draft,"2.16.840.1.113883.4.642.3.652",DeviceMetricCalibrationState,DeviceMetricCalibrationState,"Describes the state of a metric calibration.","StructureDefinition/t-cabs-devicemetric-numericmetric","hl7.fhir.r4.core"
http://hl7.org/fhir/ValueSet/metric-calibration-type,4.0.1,draft,"2.16.840.1.113883.4.642.3.650",DeviceMetricCalibrationType,DeviceMetricCalibrationType,"Describes the type of a metric calibration.","StructureDefinition/t-cabs-devicemetric-numericmetric","hl7.fhir.r4.core"
http://hl7.org/fhir/ValueSet/metric-category,4.0.1,draft,"2.16.840.1.113883.4.642.3.648",DeviceMetricCategory,DeviceMetricCategory,"Describes the category of the metric.","StructureDefinition/t-cabs-devicemetric-numericmetric","hl7.fhir.r4.core"
http://hl7.org/fhir/ValueSet/metric-color,4.0.1,draft,"2.16.840.1.113883.4.642.3.654",DeviceMetricColor,DeviceMetricColor,"Describes the typical color of representation.","StructureDefinition/t-cabs-devicemetric-numericmetric","hl7.fhir.r4.core"
http://hl7.org/fhir/ValueSet/metric-operational-status,4.0.1,draft,"2.16.840.1.113883.4.642.3.646",DeviceMetricOperationalStatus,DeviceMetricOperationalStatus,"Describes the operational status of the DeviceMetric.","StructureDefinition/t-cabs-devicemetric-numericmetric","hl7.fhir.r4.core"
http://hl7.org/fhir/ValueSet/name-use,4.0.1,active,"2.16.840.1.113883.4.642.3.65",NameUse,NameUse,"The use of a human name.","StructureDefinition/t-cabs-patient,StructureDefinition/t-cabs-practitioner-personmitfunktion","hl7.fhir.r4.core"
http://hl7.org/fhir/ValueSet/observation-category,4.0.1,draft,"2.16.840.1.113883.4.642.3.403",ObservationCategoryCodes,Observation Category Codes,"Observation Category codes.","StructureDefinition/t-cabs-observation-leckage,StructureDefinition/t-cabs-observation-arteriellerblutdruck,StructureDefinition/t-cabs-observation-ti,StructureDefinition/t-cabs-observation-koerpertemperatur,StructureDefinition/t-cabs-observation-targetvolume,StructureDefinition/t-cabs-observationfev1fev6,StructureDefinition/t-cabs-observation-vitalparameter,StructureDefinition/t-cabs-observation-koerpergewicht,StructureDefinition/t-cabs-observationfev1fef25-75,StructureDefinition/t-cabs-observation-peep,StructureDefinition/t-cabs-observation-atemfrequenz-beatmet,StructureDefinition/t-cabs-observation-ipap,StructureDefinition/t-cabs-observation-bmi,StructureDefinition/t-cabs-observation-druck-minmax,StructureDefinition/t-cabs-observation-amv,StructureDefinition/t-cabs-observation-vitalparametermitkomponenten,StructureDefinition/t-cabs-observationhandgriffstaerke,StructureDefinition/t-cabs-observation-gehstrecke,StructureDefinition/t-cabs-observation-triggeredbreaths,StructureDefinition/t-cabs-observation-herzfrequenz,StructureDefinition/t-cabs-observation-arteriellespo2,StructureDefinition/t-cabs-observation-atemzeitverhaeltnis,StructureDefinition/t-cabs-observation-ahi,StructureDefinition/t-cabs-observation-beatmungsparameter,StructureDefinition/t-cabs-observation-atemfrequenz,StructureDefinition/t-cabs-observation-beatmungsparametermitkomponenten,StructureDefinition/t-cabs-observationfev1,StructureDefinition/t-cabs-observationfev6","THO"
http://hl7.org/fhir/ValueSet/observation-codes,4.0.1,draft,"2.16.840.1.113883.4.642.3.396",LOINCCodes,LOINC Codes,"This value set includes all LOINC codes","StructureDefinition/t-cabs-observation-leckage,StructureDefinition/t-cabs-observation-arteriellerblutdruck,StructureDefinition/t-cabs-observation-ti,StructureDefinition/t-cabs-observation-koerpertemperatur,StructureDefinition/t-cabs-observation-targetvolume,StructureDefinition/t-cabs-observationfev1fev6,StructureDefinition/t-cabs-observation-vitalparameter,StructureDefinition/t-cabs-observation-koerpergewicht,StructureDefinition/t-cabs-observationfev1fef25-75,StructureDefinition/t-cabs-observation-peep,StructureDefinition/t-cabs-observation-atemfrequenz-beatmet,StructureDefinition/t-cabs-observation-ipap,StructureDefinition/t-cabs-observation-bmi,StructureDefinition/t-cabs-observation-amv,StructureDefinition/t-cabs-observation-vitalparametermitkomponenten,StructureDefinition/t-cabs-observationhandgriffstaerke,StructureDefinition/t-cabs-observation-gehstrecke,StructureDefinition/t-cabs-observation-triggeredbreaths,StructureDefinition/t-cabs-observation-herzfrequenz,StructureDefinition/t-cabs-observation-arteriellespo2,StructureDefinition/t-cabs-observation-atemzeitverhaeltnis,StructureDefinition/t-cabs-observation-ahi,StructureDefinition/t-cabs-observation-beatmungsparameter,StructureDefinition/t-cabs-observation-atemfrequenz,StructureDefinition/t-cabs-observationfev1,StructureDefinition/t-cabs-observationfev6","LOINC"
http://hl7.org/fhir/ValueSet/observation-interpretation,4.0.1,active,"2.16.840.1.113883.4.642.3.399",ObservationInterpretationCodes,Observation Interpretation Codes,"A categorical assessment, providing a rough qualitative interpretation of the observation value,    such as “normal”/ “abnormal”,”low” / “high”, “better” / “worse”, “susceptible” / “resistant”, “expected”/ “not expected”.    The value set is intended to be for ANY use where coded representation of an interpretation is needed.             Notes:          This is being communicated in v2.x in OBX-8 (Observation Interpretation), in v3 in ObservationInterpretation (CWE) in R1 (Representative Realm) and in FHIR in    Observation.interpretation. Historically these values come from the laboratory domain, and these codes are extensively    used. The value set binding is extensible, so codes outside the value set that are needed for interpretation concepts    (i.e. particular meanings) that are not included in the value set can be used, and these new codes may also be added to    the value set and published in a future version.","StructureDefinition/t-cabs-observation-leckage,StructureDefinition/t-cabs-observation-arteriellerblutdruck,StructureDefinition/t-cabs-observation-ti,StructureDefinition/t-cabs-observation-koerpertemperatur,StructureDefinition/t-cabs-observation-targetvolume,StructureDefinition/t-cabs-observationfev1fev6,StructureDefinition/t-cabs-observation-vitalparameter,StructureDefinition/t-cabs-observation-koerpergewicht,StructureDefinition/t-cabs-observationfev1fef25-75,StructureDefinition/t-cabs-observation-peep,StructureDefinition/t-cabs-observation-atemfrequenz-beatmet,StructureDefinition/t-cabs-observation-ipap,StructureDefinition/t-cabs-observation-bmi,StructureDefinition/t-cabs-observation-druck-minmax,StructureDefinition/t-cabs-observation-amv,StructureDefinition/t-cabs-observation-vitalparametermitkomponenten,StructureDefinition/t-cabs-observationhandgriffstaerke,StructureDefinition/t-cabs-observation-gehstrecke,StructureDefinition/t-cabs-observation-triggeredbreaths,StructureDefinition/t-cabs-observation-herzfrequenz,StructureDefinition/t-cabs-observation-arteriellespo2,StructureDefinition/t-cabs-observation-atemzeitverhaeltnis,StructureDefinition/t-cabs-observation-ahi,StructureDefinition/t-cabs-observation-beatmungsparameter,StructureDefinition/t-cabs-observation-atemfrequenz,StructureDefinition/t-cabs-observation-beatmungsparametermitkomponenten,StructureDefinition/t-cabs-observationfev1,StructureDefinition/t-cabs-observationfev6","THO (V3)"
http://hl7.org/fhir/ValueSet/observation-methods,4.0.1,draft,"2.16.840.1.113883.4.642.3.395",ObservationMethods,Observation Methods,"Observation Method codes from [SNOMED CT](http://snomed.info/sct) where concept is-a 272394005 (Technique (qualifier value)) or is-a 129264002 (Action (qualifier value)) or is-a 386053000 (Evaluation procedure(procedure))","StructureDefinition/t-cabs-observation-leckage,StructureDefinition/t-cabs-observation-arteriellerblutdruck,StructureDefinition/t-cabs-observation-ti,StructureDefinition/t-cabs-observation-koerpertemperatur,StructureDefinition/t-cabs-observation-targetvolume,StructureDefinition/t-cabs-observationfev1fev6,StructureDefinition/t-cabs-observation-vitalparameter,StructureDefinition/t-cabs-observation-koerpergewicht,StructureDefinition/t-cabs-observationfev1fef25-75,StructureDefinition/t-cabs-observation-peep,StructureDefinition/t-cabs-observation-atemfrequenz-beatmet,StructureDefinition/t-cabs-observation-ipap,StructureDefinition/t-cabs-observation-bmi,StructureDefinition/t-cabs-observation-druck-minmax,StructureDefinition/t-cabs-observation-amv,StructureDefinition/t-cabs-observation-vitalparametermitkomponenten,StructureDefinition/t-cabs-observationhandgriffstaerke,StructureDefinition/t-cabs-observation-gehstrecke,StructureDefinition/t-cabs-observation-triggeredbreaths,StructureDefinition/t-cabs-observation-herzfrequenz,StructureDefinition/t-cabs-observation-arteriellespo2,StructureDefinition/t-cabs-observation-atemzeitverhaeltnis,StructureDefinition/t-cabs-observation-ahi,StructureDefinition/t-cabs-observation-beatmungsparameter,StructureDefinition/t-cabs-observation-atemfrequenz,StructureDefinition/t-cabs-observation-beatmungsparametermitkomponenten,StructureDefinition/t-cabs-observationfev1,StructureDefinition/t-cabs-observationfev6","SCT"
http://hl7.org/fhir/ValueSet/observation-status,4.0.1,active,"2.16.840.1.113883.4.642.3.400",ObservationStatus,ObservationStatus,"Codes providing the status of an observation.","StructureDefinition/t-cabs-observation-leckage,StructureDefinition/t-cabs-observation-arteriellerblutdruck,StructureDefinition/t-cabs-observation-ti,StructureDefinition/t-cabs-observation-koerpertemperatur,StructureDefinition/t-cabs-observation-targetvolume,StructureDefinition/t-cabs-observationfev1fev6,StructureDefinition/t-cabs-observation-vitalparameter,StructureDefinition/t-cabs-observation-koerpergewicht,StructureDefinition/t-cabs-observationfev1fef25-75,StructureDefinition/t-cabs-observation-peep,StructureDefinition/t-cabs-observation-atemfrequenz-beatmet,StructureDefinition/t-cabs-observation-ipap,StructureDefinition/t-cabs-observation-bmi,StructureDefinition/t-cabs-observation-druck-minmax,StructureDefinition/t-cabs-observation-amv,StructureDefinition/t-cabs-observation-vitalparametermitkomponenten,StructureDefinition/t-cabs-observationhandgriffstaerke,StructureDefinition/t-cabs-observation-gehstrecke,StructureDefinition/t-cabs-observation-triggeredbreaths,StructureDefinition/t-cabs-observation-herzfrequenz,StructureDefinition/t-cabs-observation-arteriellespo2,StructureDefinition/t-cabs-observation-atemzeitverhaeltnis,StructureDefinition/t-cabs-observation-ahi,StructureDefinition/t-cabs-observation-beatmungsparameter,StructureDefinition/t-cabs-observation-atemfrequenz,StructureDefinition/t-cabs-observation-beatmungsparametermitkomponenten,StructureDefinition/t-cabs-observationfev1,StructureDefinition/t-cabs-observationfev6","hl7.fhir.r4.core"
http://hl7.org/fhir/ValueSet/organization-type,4.0.1,draft,"2.16.840.1.113883.4.642.3.414",OrganizationType,Organization type,"This example value set defines a set of codes that can be used to indicate a type of organization.","StructureDefinition/t-cabs-organisation","THO"
http://hl7.org/fhir/ValueSet/patient-contactrelationship,4.0.1,active,"2.16.840.1.113883.4.642.3.1130",PatientContactRelationship,Patient Contact Relationship ,"The nature of the relationship between the patient and the contact person.","StructureDefinition/t-cabs-patient","THO (V2)"
http://hl7.org/fhir/ValueSet/performer-role,4.0.1,draft,"2.16.840.1.113883.4.642.3.433",ProcedurePerformerRoleCodes,Procedure Performer Role Codes,"This example value set defines the set of codes that can be used to indicate a role of a procedure performer.","StructureDefinition/t-cabs-procedure-beatmung","SCT"
http://hl7.org/fhir/ValueSet/practitioner-role,4.0.1,draft,"2.16.840.1.113883.4.642.3.439",PractitionerRole,Practitioner role,"This example value set defines a set of codes that can be used to indicate the role of a Practitioner.","StructureDefinition/t-cabs-practitioner-funktion","SCT,THO"
http://hl7.org/fhir/ValueSet/procedure-category,4.0.1,draft,"2.16.840.1.113883.4.642.3.430",ProcedureCategoryCodes(SNOMEDCT),Procedure Category Codes (SNOMED CT),"Procedure Category code: A selection of relevant SNOMED CT codes.","StructureDefinition/t-cabs-procedure-beatmung","SCT"
http://hl7.org/fhir/ValueSet/procedure-code,4.0.1,draft,"2.16.840.1.113883.4.642.3.427",ProcedureCodes(SNOMEDCT),Procedure Codes (SNOMED CT),"Procedure Code: All SNOMED CT procedure codes.","StructureDefinition/t-cabs-procedure-beatmung","SCT"
http://hl7.org/fhir/ValueSet/procedure-followup,4.0.1,draft,"2.16.840.1.113883.4.642.3.429",ProcedureFollowUpCodes(SNOMEDCT),Procedure Follow up Codes (SNOMED CT),"Procedure follow up codes: A selection of SNOMED CT codes relevant to procedure follow up.","StructureDefinition/t-cabs-procedure-beatmung","SCT"
http://hl7.org/fhir/ValueSet/procedure-not-performed-reason,4.0.1,active,"2.16.840.1.113883.4.642.3.431",ProcedureNotPerformedReason(SNOMED-CT),Procedure Not Performed Reason (SNOMED-CT),"Situation codes describing the reason that a procedure, which might otherwise be expected, was not performed, or a procedure that was started and was not completed. Consists of SNOMED CT codes, children of procedure contraindicated (183932001), procedure discontinued (416406003), procedure not done (416237000), procedure not indicated (428119001), procedure not offered (416064006), procedure not wanted (416432009), procedure refused (183944003), and procedure stopped (394908001).","StructureDefinition/t-cabs-procedure-beatmung","SCT"
http://hl7.org/fhir/ValueSet/procedure-outcome,4.0.1,draft,"2.16.840.1.113883.4.642.3.428",ProcedureOutcomeCodes(SNOMEDCT),Procedure Outcome Codes (SNOMED CT),"Procedure Outcome code: A selection of relevant SNOMED CT codes.","StructureDefinition/t-cabs-procedure-beatmung","SCT"
http://hl7.org/fhir/ValueSet/procedure-reason,4.0.1,draft,"2.16.840.1.113883.4.642.3.432",ProcedureReasonCodes,Procedure Reason Codes,"This example value set defines the set of codes that can be used to indicate a reason for a procedure.","StructureDefinition/t-cabs-procedure-beatmung","SCT"
http://hl7.org/fhir/ValueSet/quantity-comparator,4.0.1,active,"2.16.840.1.113883.4.642.3.59",QuantityComparator,QuantityComparator,"How the Quantity should be understood and represented.","StructureDefinition/t-cabs-observation-leckage,StructureDefinition/t-cabs-observation-arteriellerblutdruck,StructureDefinition/t-cabs-observation-ti,StructureDefinition/t-cabs-observation-koerpertemperatur,StructureDefinition/t-cabs-observation-targetvolume,StructureDefinition/t-cabs-observationfev1fev6,StructureDefinition/t-cabs-observation-vitalparameter,StructureDefinition/t-cabs-observation-koerpergewicht,StructureDefinition/t-cabs-observationfev1fef25-75,StructureDefinition/t-cabs-observation-peep,StructureDefinition/t-cabs-observation-atemfrequenz-beatmet,StructureDefinition/t-cabs-observation-ipap,StructureDefinition/t-cabs-observation-bmi,StructureDefinition/t-cabs-observation-druck-minmax,StructureDefinition/t-cabs-observation-amv,StructureDefinition/t-cabs-observation-vitalparametermitkomponenten,StructureDefinition/t-cabs-observationhandgriffstaerke,StructureDefinition/t-cabs-observation-gehstrecke,StructureDefinition/t-cabs-observation-triggeredbreaths,StructureDefinition/t-cabs-observation-herzfrequenz,StructureDefinition/t-cabs-observation-arteriellespo2,StructureDefinition/t-cabs-observation-atemzeitverhaeltnis,StructureDefinition/t-cabs-device-phd,StructureDefinition/t-cabs-observation-ahi,StructureDefinition/t-cabs-observation-beatmungsparameter,StructureDefinition/t-cabs-observation-atemfrequenz,StructureDefinition/t-cabs-observation-beatmungsparametermitkomponenten,StructureDefinition/t-cabs-observationfev1,StructureDefinition/t-cabs-observationfev6","hl7.fhir.r4.core"
http://hl7.org/fhir/ValueSet/referencerange-appliesto,4.0.1,draft,"2.16.840.1.113883.4.642.3.407",ObservationReferenceRangeAppliesToCodes,Observation Reference Range Applies To Codes,"This value set defines a set of codes that can be used to indicate the particular target population the reference range applies to.","StructureDefinition/t-cabs-observation-leckage,StructureDefinition/t-cabs-observation-arteriellerblutdruck,StructureDefinition/t-cabs-observation-ti,StructureDefinition/t-cabs-observation-koerpertemperatur,StructureDefinition/t-cabs-observation-targetvolume,StructureDefinition/t-cabs-observationfev1fev6,StructureDefinition/t-cabs-observation-vitalparameter,StructureDefinition/t-cabs-observation-koerpergewicht,StructureDefinition/t-cabs-observationfev1fef25-75,StructureDefinition/t-cabs-observation-peep,StructureDefinition/t-cabs-observation-atemfrequenz-beatmet,StructureDefinition/t-cabs-observation-ipap,StructureDefinition/t-cabs-observation-bmi,StructureDefinition/t-cabs-observation-druck-minmax,StructureDefinition/t-cabs-observation-amv,StructureDefinition/t-cabs-observation-vitalparametermitkomponenten,StructureDefinition/t-cabs-observationhandgriffstaerke,StructureDefinition/t-cabs-observation-gehstrecke,StructureDefinition/t-cabs-observation-triggeredbreaths,StructureDefinition/t-cabs-observation-herzfrequenz,StructureDefinition/t-cabs-observation-arteriellespo2,StructureDefinition/t-cabs-observation-atemzeitverhaeltnis,StructureDefinition/t-cabs-observation-ahi,StructureDefinition/t-cabs-observation-beatmungsparameter,StructureDefinition/t-cabs-observation-atemfrequenz,StructureDefinition/t-cabs-observation-beatmungsparametermitkomponenten,StructureDefinition/t-cabs-observationfev1,StructureDefinition/t-cabs-observationfev6","SCT"
http://hl7.org/fhir/ValueSet/referencerange-meaning,4.0.1,draft,"2.16.840.1.113883.4.642.3.397",ObservationReferenceRangeMeaningCodes,Observation Reference Range Meaning Codes,"This value set defines a set of codes that can be used to indicate the meaning/use of a reference range for a particular target population.","StructureDefinition/t-cabs-observation-leckage,StructureDefinition/t-cabs-observation-arteriellerblutdruck,StructureDefinition/t-cabs-observation-ti,StructureDefinition/t-cabs-observation-koerpertemperatur,StructureDefinition/t-cabs-observation-targetvolume,StructureDefinition/t-cabs-observationfev1fev6,StructureDefinition/t-cabs-observation-vitalparameter,StructureDefinition/t-cabs-observation-koerpergewicht,StructureDefinition/t-cabs-observationfev1fef25-75,StructureDefinition/t-cabs-observation-peep,StructureDefinition/t-cabs-observation-atemfrequenz-beatmet,StructureDefinition/t-cabs-observation-ipap,StructureDefinition/t-cabs-observation-bmi,StructureDefinition/t-cabs-observation-druck-minmax,StructureDefinition/t-cabs-observation-amv,StructureDefinition/t-cabs-observation-vitalparametermitkomponenten,StructureDefinition/t-cabs-observationhandgriffstaerke,StructureDefinition/t-cabs-observation-gehstrecke,StructureDefinition/t-cabs-observation-triggeredbreaths,StructureDefinition/t-cabs-observation-herzfrequenz,StructureDefinition/t-cabs-observation-arteriellespo2,StructureDefinition/t-cabs-observation-atemzeitverhaeltnis,StructureDefinition/t-cabs-observation-ahi,StructureDefinition/t-cabs-observation-beatmungsparameter,StructureDefinition/t-cabs-observation-atemfrequenz,StructureDefinition/t-cabs-observation-beatmungsparametermitkomponenten,StructureDefinition/t-cabs-observationfev1,StructureDefinition/t-cabs-observationfev6","THO"
http://hl7.org/fhir/ValueSet/report-codes,4.0.1,draft,"2.16.840.1.113883.4.642.3.233",LOINCDiagnosticReportCodes,LOINC Diagnostic Report Codes,"This value set includes LOINC codes that relate to Diagnostic Observations.","StructureDefinition/t-cabs-diagnosticreport-visitenbefund","LOINC"
http://hl7.org/fhir/ValueSet/resource-types,4.0.1,active,"2.16.840.1.113883.4.642.3.27",ResourceType,ResourceType,"One of the resource types defined as part of this version of FHIR.","StructureDefinition/t-cabs-observation-arteriellerblutdruck,StructureDefinition/t-cabs-observationhandgriffstaerke,StructureDefinition/t-cabs-observation-gehstrecke,StructureDefinition/t-cabs-observation-herzfrequenz,StructureDefinition/t-cabs-observation-koerpertemperatur,StructureDefinition/t-cabs-observation-arteriellespo2,StructureDefinition/t-cabs-observationfev1fev6,StructureDefinition/t-cabs-observation-vitalparameter,StructureDefinition/t-cabs-observation-koerpergewicht,StructureDefinition/t-cabs-observationfev1fef25-75,StructureDefinition/t-cabs-patient,StructureDefinition/t-cabs-observation-bmi,StructureDefinition/t-cabs-observation-atemfrequenz,StructureDefinition/t-cabs-observationfev1,StructureDefinition/t-cabs-observation-vitalparametermitkomponenten,StructureDefinition/t-cabs-observationfev6","hl7.fhir.r4.core"
http://hl7.org/fhir/ValueSet/security-labels,4.0.1,active,"2.16.840.1.113883.4.642.3.47",All Security Labels,SecurityLabels,"A single value set for all security labels defined by FHIR.","StructureDefinition/t-cabs-observation-leckage,StructureDefinition/t-cabs-observation-arteriellerblutdruck,StructureDefinition/t-cabs-encounter-kontakt,StructureDefinition/t-cabs-observation-ti,StructureDefinition/t-cabs-observation-koerpertemperatur,StructureDefinition/t-cabs-observation-targetvolume,StructureDefinition/t-cabs-observationfev1fev6,StructureDefinition/t-cabs-observation-vitalparameter,StructureDefinition/t-cabs-observation-koerpergewicht,StructureDefinition/t-cabs-observationfev1fef25-75,StructureDefinition/t-cabs-observation-peep,StructureDefinition/t-cabs-observation-atemfrequenz-beatmet,StructureDefinition/t-cabs-observation-ipap,StructureDefinition/t-cabs-observation-bmi,StructureDefinition/t-cabs-observation-druck-minmax,StructureDefinition/t-cabs-observation-amv,StructureDefinition/t-cabs-observation-vitalparametermitkomponenten,StructureDefinition/t-cabs-observationhandgriffstaerke,StructureDefinition/t-cabs-observation-gehstrecke,StructureDefinition/t-cabs-observation-triggeredbreaths,StructureDefinition/t-cabs-observation-herzfrequenz,StructureDefinition/t-cabs-observation-arteriellespo2,StructureDefinition/t-cabs-observation-atemzeitverhaeltnis,StructureDefinition/t-cabs-observation-ahi,StructureDefinition/t-cabs-patient,StructureDefinition/t-cabs-observation-beatmungsparameter,StructureDefinition/t-cabs-observation-atemfrequenz,StructureDefinition/t-cabs-observation-beatmungsparametermitkomponenten,StructureDefinition/t-cabs-observationfev1,StructureDefinition/t-cabs-observationfev6",
http://hl7.org/fhir/ValueSet/service-type,4.0.1,draft,"2.16.840.1.113883.4.642.3.518",ServiceType,Service type,"This value set defines an example set of codes of service-types.","StructureDefinition/t-cabs-encounter-kontakt","THO"
http://hl7.org/fhir/ValueSet/timing-abbreviation,4.0.1,draft,"2.16.840.1.113883.4.642.3.78",TimingAbbreviation,TimingAbbreviation,"Code for a known / defined timing pattern.","StructureDefinition/t-cabs-devicemetric-numericmetric","THO (V3)"
http://hl7.org/fhir/ValueSet/udi-entry-type,4.0.1,draft,"2.16.840.1.113883.4.642.3.211",UDIEntryType,UDIEntryType,"Codes to identify how UDI data was entered.","StructureDefinition/t-cabs-device-mds-beatmungsgeraet,StructureDefinition/t-cabs-device-phd,StructureDefinition/t-cabs-device-phg,StructureDefinition/t-cabs-device-vmd-beatmungsgeraet,StructureDefinition/t-cabs-device-channel-beatmungsgeraet","hl7.fhir.r4.core"
http://hl7.org/fhir/ValueSet/units-of-time,4.0.1,active,"2.16.840.1.113883.4.642.3.77",UnitsOfTime,UnitsOfTime,"A unit of time (units from UCUM).","StructureDefinition/t-cabs-devicemetric-numericmetric","UCUM"
http://hl7.org/fhir/uv/phd/ValueSet/ASN1attribute,1.1.0,active,,ASN1attribute,ANS1ToHL7 codes defined for non-measurement attributes,"ValueSet for the ANS1ToHL7 codes that are not derived from enumeration measurements.","StructureDefinition/t-cabs-observationhandgriffstaerke,StructureDefinition/t-cabs-observation-gehstrecke,StructureDefinition/t-cabs-observation-herzfrequenz,StructureDefinition/t-cabs-observation-koerpertemperatur,StructureDefinition/t-cabs-observation-arteriellespo2,StructureDefinition/t-cabs-observationfev1fev6,StructureDefinition/t-cabs-observation-vitalparameter,StructureDefinition/t-cabs-device-phd,StructureDefinition/t-cabs-observation-koerpergewicht,StructureDefinition/t-cabs-observationfev1fef25-75,StructureDefinition/t-cabs-observation-bmi,StructureDefinition/t-cabs-device-phg,StructureDefinition/t-cabs-observation-atemfrequenz,StructureDefinition/t-cabs-observationfev1,StructureDefinition/t-cabs-observationfev6","hl7.fhir.uv.phd"
http://hl7.org/fhir/uv/phd/ValueSet/CodeableConcept11073MDC,1.1.0,active,,CodeableConcept11073MDC,CodeableConcept 11073 Attributes,"ValueSet for the ISO/IEEE 11073-10101 Nomenclatures Describing 11073-20601 attributes whose values are codes and thus represented as Codeable Concepts.","StructureDefinition/t-cabs-observation-arteriellerblutdruck,StructureDefinition/t-cabs-observationhandgriffstaerke,StructureDefinition/t-cabs-observation-gehstrecke,StructureDefinition/t-cabs-observation-herzfrequenz,StructureDefinition/t-cabs-observation-koerpertemperatur,StructureDefinition/t-cabs-observation-arteriellespo2,StructureDefinition/t-cabs-observationfev1fev6,StructureDefinition/t-cabs-observation-vitalparameter,StructureDefinition/t-cabs-device-phd,StructureDefinition/t-cabs-observation-koerpergewicht,StructureDefinition/t-cabs-observationfev1fef25-75,StructureDefinition/t-cabs-observation-bmi,StructureDefinition/t-cabs-device-phg,StructureDefinition/t-cabs-observation-atemfrequenz,StructureDefinition/t-cabs-observationfev1,StructureDefinition/t-cabs-observation-vitalparametermitkomponenten,StructureDefinition/t-cabs-observationfev6","hl7.terminology.r4"
http://hl7.org/fhir/uv/phd/ValueSet/MDCnotObject,1.1.0,active,,MDCnotObject,11073 MDC Non-Object codes,"ValueSet for the ISO/IEEE 11073-10101 Nomenclature excluding Object partition.","StructureDefinition/t-cabs-observation-arteriellerblutdruck,StructureDefinition/t-cabs-observation-vitalparametermitkomponenten","hl7.terminology.r4"
http://hl7.org/fhir/uv/phd/ValueSet/Quantity11073MDC,1.1.0,active,,Quantity11073MDC,Quantity 11073 Attributes,"ValueSet for the ISO/IEEE 11073-10101 Nomenclatures Describing 11073-20601 attributes whose values are Quantities.","StructureDefinition/t-cabs-observation-arteriellerblutdruck,StructureDefinition/t-cabs-observationhandgriffstaerke,StructureDefinition/t-cabs-observation-gehstrecke,StructureDefinition/t-cabs-observation-herzfrequenz,StructureDefinition/t-cabs-observation-koerpertemperatur,StructureDefinition/t-cabs-observation-arteriellespo2,StructureDefinition/t-cabs-observationfev1fev6,StructureDefinition/t-cabs-observation-vitalparameter,StructureDefinition/t-cabs-device-phd,StructureDefinition/t-cabs-observation-koerpergewicht,StructureDefinition/t-cabs-observationfev1fef25-75,StructureDefinition/t-cabs-observation-bmi,StructureDefinition/t-cabs-device-phg,StructureDefinition/t-cabs-observation-atemfrequenz,StructureDefinition/t-cabs-observationfev1,StructureDefinition/t-cabs-observation-vitalparametermitkomponenten,StructureDefinition/t-cabs-observationfev6","hl7.terminology.r4"
http://hl7.org/fhir/uv/phd/ValueSet/Range11073MDC,1.1.0,active,,Range11073MDC,Range 11073 Attributes,"ValueSet for the ISO/IEEE 11073-10101 Nomenclatures Describing 11073-20601 attributes whose values are Ranges.","StructureDefinition/t-cabs-observationhandgriffstaerke,StructureDefinition/t-cabs-observation-gehstrecke,StructureDefinition/t-cabs-observation-herzfrequenz,StructureDefinition/t-cabs-observation-koerpertemperatur,StructureDefinition/t-cabs-observation-arteriellespo2,StructureDefinition/t-cabs-observationfev1fev6,StructureDefinition/t-cabs-observation-vitalparameter,StructureDefinition/t-cabs-observation-koerpergewicht,StructureDefinition/t-cabs-observationfev1fef25-75,StructureDefinition/t-cabs-observation-bmi,StructureDefinition/t-cabs-observation-atemfrequenz,StructureDefinition/t-cabs-observationfev1,StructureDefinition/t-cabs-observationfev6","hl7.terminology.r4"
http://hl7.org/fhir/uv/phd/ValueSet/String11073MDC,1.1.0,active,,String11073MDC,String 11073 Attributes,"ValueSet for the ISO/IEEE 11073-10101 Nomenclatures Describing 11073-20601 attributes whose values are Strings.","StructureDefinition/t-cabs-observationhandgriffstaerke,StructureDefinition/t-cabs-observation-gehstrecke,StructureDefinition/t-cabs-observation-herzfrequenz,StructureDefinition/t-cabs-observation-koerpertemperatur,StructureDefinition/t-cabs-observation-arteriellespo2,StructureDefinition/t-cabs-observationfev1fev6,StructureDefinition/t-cabs-observation-vitalparameter,StructureDefinition/t-cabs-observation-koerpergewicht,StructureDefinition/t-cabs-observationfev1fef25-75,StructureDefinition/t-cabs-observation-bmi,StructureDefinition/t-cabs-observation-atemfrequenz,StructureDefinition/t-cabs-observationfev1,StructureDefinition/t-cabs-observationfev6","hl7.terminology.r4"
http://hl7.org/fhir/uv/pocd/ValueSet/11073MDC-dimension,0.3.0,draft,,MdcDimension,MDC Unit of Measurement,"ValueSet for the ISO/IEEE 11073-10101 Nomenclature filtered by Dimension partition.","StructureDefinition/t-cabs-devicemetric-numericmetric","hl7.terminology.r4"
http://hl7.org/fhir/uv/pocd/ValueSet/11073MDC-metric,0.3.0,draft,,MdcMetric,MDC Metric nomenclature,"ValueSet for the ISO/IEEE 11073-10101 Nomenclature filtered by Metric (SCADA or Settings) partition.","StructureDefinition/t-cabs-observation-leckage,StructureDefinition/t-cabs-observation-ti,StructureDefinition/t-cabs-observation-triggeredbreaths,StructureDefinition/t-cabs-devicemetric-numericmetric,StructureDefinition/t-cabs-observation-atemzeitverhaeltnis,StructureDefinition/t-cabs-observation-targetvolume,StructureDefinition/t-cabs-observation-ahi,StructureDefinition/t-cabs-observation-peep,StructureDefinition/t-cabs-observation-beatmungsparameter,StructureDefinition/t-cabs-observation-atemfrequenz-beatmet,StructureDefinition/t-cabs-observation-ipap,StructureDefinition/t-cabs-observation-druck-minmax,StructureDefinition/t-cabs-observation-beatmungsparametermitkomponenten,StructureDefinition/t-cabs-observation-amv","hl7.terminology.r4"
http://hl7.org/fhir/uv/pocd/ValueSet/11073MDC-object,0.3.0,draft,,MdcObject,MDC Object infrastructure and Device nomenclature,"ValueSet for the ISO/IEEE 11073-10101 Nomenclature filtered by Object partition.","StructureDefinition/t-cabs-device-mds-beatmungsgeraet,StructureDefinition/t-cabs-device-vmd-beatmungsgeraet,StructureDefinition/t-cabs-device-channel-beatmungsgeraet","hl7.terminology.r4"
http://hl7.org/fhir/uv/pocd/ValueSet/observation-interpretation,0.3.0,draft,,ObservationInterpretation,Observation interpretation codes,"Observation interpretation codes including measurement status.","StructureDefinition/t-cabs-observation-leckage,StructureDefinition/t-cabs-observation-ti,StructureDefinition/t-cabs-observation-triggeredbreaths,StructureDefinition/t-cabs-observation-atemzeitverhaeltnis,StructureDefinition/t-cabs-observation-targetvolume,StructureDefinition/t-cabs-observation-ahi,StructureDefinition/t-cabs-observation-peep,StructureDefinition/t-cabs-observation-beatmungsparameter,StructureDefinition/t-cabs-observation-atemfrequenz-beatmet,StructureDefinition/t-cabs-observation-ipap,StructureDefinition/t-cabs-observation-druck-minmax,StructureDefinition/t-cabs-observation-beatmungsparametermitkomponenten,StructureDefinition/t-cabs-observation-amv","hl7.fhir.uv.pocd,THO (V3)"
http://hl7.org/fhir/uv/pocd/ValueSet/operating-mode,0.3.0,draft,,OperatingMode,Operating Mode,"CodeSystem for IEEE 11073-10207 MdsState/OperatingMode","StructureDefinition/t-cabs-device-mds-beatmungsgeraet","hl7.fhir.uv.pocd"
http://hl7.org/fhir/uv/pocd/ValueSet/safety,0.3.0,draft,,Safety,Safety,"CodeSystem for IEEE 11073-10207 SafetyClassification","StructureDefinition/t-cabs-device-mds-beatmungsgeraet,StructureDefinition/t-cabs-device-vmd-beatmungsgeraet,StructureDefinition/t-cabs-device-channel-beatmungsgeraet","hl7.fhir.uv.pocd"
http://t-cabs.org/ValueSet/t-cabs-valueset-Beatmungsform,0.1.0,draft,,T_CABS_ValueSet_Beatmungsform,T-CABS ValueSet Ventilation Type,"This ValueSet contains codes to represent the different types of ventilation","StructureDefinition/t-cabs-procedure-beatmung","SCT"
http://t-cabs.org/ValueSet/t-cabs-valueset-Beatmungsmodus,0.1.0,draft,,T_CABS_ValueSet_Beatmungsmodus,T-CABS ValueSet Ventilation Mode,"This ValueSet contains codes to represent the different ventilation modes","StructureDefinition/t-cabs-procedure-beatmung","hl7.terminology.r4"
http://t-cabs.org/ValueSet/t-cabs-valueset-beatmungsstelle,0.1.0,draft,,T_CABS_ValueSet_Beatmungsstelle,T-CABS ValueSet Ventilation Site,"This ValueSet contains codes to represent the body sites where ventilation is applied","StructureDefinition/t-cabs-procedure-beatmung","SCT"
http://t-cabs.org/ValueSet/t-cabs-valueset-phdtyp,0.1.0,draft,,T_CABS_ValueSet_PHDTyp,T-CABS ValueSet PHD Type,"This ValueSet contains codes to represent the different PHD measurement devices","StructureDefinition/t-cabs-device-phd","hl7.terminology.r4"
http://terminology.hl7.org/ValueSet/v2-0092,2.0.0,active,"2.16.840.1.113883.21.40",Hl7VSReAdmissionIndicator,hl7VS-re-admissionIndicator,"Value Set of codes which are used to specify that a patient is being re-admitted to a healthcare facility from which they were discharged, and indicates the circumstances around such re-admission.","StructureDefinition/t-cabs-encounter-kontakt","THO (V2)"
http://terminology.hl7.org/ValueSet/v2-2.7-0360,0360,active,,v2.0360.2.7,v2 table 0360, Version 2.7,"FHIR Value set/code system definition for HL7 v2 table 0360 ver 2.9 ( Degree/License/Certificate)","StructureDefinition/t-cabs-practitioner-personmitfunktion","THO (V2)"
http://terminology.hl7.org/ValueSet/v3-ActEncounterCode,3.0.0,active,"2.16.840.1.113883.1.11.13955",ActEncounterCode,ActEncounterCode,"Domain provides codes that qualify the ActEncounterClass (ENC)","StructureDefinition/t-cabs-encounter-kontakt","THO (V3)"
http://terminology.hl7.org/ValueSet/v3-ActPriority,3.0.0,active,"2.16.840.1.113883.1.11.16866",ActPriority,ActPriority,"A code or set of codes (e.g., for routine, emergency,) specifying the urgency under which the Act happened, can happen, is happening, is intended to happen, or is requested/demanded to happen.    *Discussion:* This attribute is used in orders to indicate the ordered priority, and in event documentation it indicates the actual priority used to perform the act. In definition mood it indicates the available priorities.","StructureDefinition/t-cabs-encounter-kontakt","THO (V3)"
https://www.medizininformatik-initiative.de/fhir/core/modul-fall/ValueSet/identifier-type-codes,2025.0.0,active,,MII_VS_Fall_IdentifierTypeCodes,MII VS Fall Identifier Type Codes,"A coded type for an identifier that can be used to determine which identifier to use for a specific purpose.","StructureDefinition/t-cabs-encounter-kontakt","THO (V2)"
https://www.medizininformatik-initiative.de/fhir/core/modul-fall/ValueSet/location-physical-type,2025.0.0,active,,MII_VS_Fall_LocationPhysicalType,MII VS Fall Location Physical Type,"A coded type for the physical type of the location.","StructureDefinition/t-cabs-encounter-kontakt","THO"
https://www.medizininformatik-initiative.de/fhir/core/modul-fall/ValueSet/mii-vs-fall-diagnosis-use,2025.0.0,active,,MII_VS_Fall_Diagnosis_Use,MII VS Fall Diagnosis Use,"Diagnosetyp","StructureDefinition/t-cabs-encounter-kontakt",
