{
  "resourceType" : "Bundle",
  "id" : "086d71c6-6b1e-46d5-baac-9131d262eb61",
  "meta" : {
    "lastUpdated" : "2025-10-16T18:59:37.148+02:00"
  },
  "type" : "collection",
  "entry" : [{
    "fullUrl" : "http://t-cabs.org/ValueSet/t-cabs-valueset-Beatmungsform",
    "resource" : {
      "resourceType" : "ValueSet",
      "text" : {
        "status" : "generated",
        "div" : "<div xmlns=\"http://www.w3.org/1999/xhtml\"><p class=\"res-header-id\"/><p style=\"border: black 1px dotted; background-color: #EEEEEE; padding: 8px; margin-bottom: 8px\">Expansion from tx.fhir.org based on SNOMED CT International edition 01-Feb. 2025<span class=\"copy-text-inline\"><button data-clipboard-text=\"http://snomed.info/sct|http://snomed.info/sct/900000000000207008/version/20250201\" title=\"Click to Copy URL\" class=\"btn-copy\"> </button></span></p><p>This value set contains 2 concepts</p><table class=\"codes\" data-fhir=\"generated\"><tr><td><b>System</b></td><td style=\"white-space:nowrap\"><b>Code</b></td><td><b>Display (en)</b></td><td><b>JSON</b></td><td><b>XML</b></td></tr><tr><td><a name=\"x-http://snomed.info/sct-428311008\"> </a><code>http://snomed.info/sct</code></td><td style=\"white-space:nowrap\">\u00a0\u00a0<a href=\"http://snomed.info/id/428311008\">428311008</a></td><td>Non-invasive ventilation (regime/therapy)</td><td><span class=\"copy-text-inline\"><button data-clipboard-text=\"{&quot;system&quot;: &quot;http://snomed.info/sct&quot;, &quot;version&quot;: &quot;http://snomed.info/sct/900000000000207008/version/20250201&quot;, &quot;code&quot;: &quot;428311008&quot;, &quot;display&quot;: &quot;Non-invasive ventilation (regime/therapy)&quot;}\" title=\"Click to Copy as Coding\" class=\"btn-copy\"> </button></span></td><td><span class=\"copy-text-inline\"><button data-clipboard-text=\"&lt;coding&gt;&lt;system value=&quot;http://snomed.info/sct&quot;&gt;&lt;version value=&quot;http://snomed.info/sct/900000000000207008/version/20250201&quot;&gt;&lt;code value=&quot;428311008&quot;&gt;&lt;display value=&quot;Non-invasive ventilation (regime/therapy)&quot;&gt;&lt;/coding&gt;\" title=\"Click to Copy as Coding\" class=\"btn-copy\"> </button></span></td></tr><tr><td><a name=\"x-http://snomed.info/sct-1258985005\"> </a><code>http://snomed.info/sct</code></td><td style=\"white-space:nowrap\">\u00a0\u00a0<a href=\"http://snomed.info/id/1258985005\">1258985005</a></td><td>Invasive mechanical ventilation (regime/therapy)</td><td><span class=\"copy-text-inline\"><button data-clipboard-text=\"{&quot;system&quot;: &quot;http://snomed.info/sct&quot;, &quot;version&quot;: &quot;http://snomed.info/sct/900000000000207008/version/20250201&quot;, &quot;code&quot;: &quot;1258985005&quot;, &quot;display&quot;: &quot;Invasive mechanical ventilation (regime/therapy)&quot;}\" title=\"Click to Copy as Coding\" class=\"btn-copy\"> </button></span></td><td><span class=\"copy-text-inline\"><button data-clipboard-text=\"&lt;coding&gt;&lt;system value=&quot;http://snomed.info/sct&quot;&gt;&lt;version value=&quot;http://snomed.info/sct/900000000000207008/version/20250201&quot;&gt;&lt;code value=&quot;1258985005&quot;&gt;&lt;display value=&quot;Invasive mechanical ventilation (regime/therapy)&quot;&gt;&lt;/coding&gt;\" title=\"Click to Copy as Coding\" class=\"btn-copy\"> </button></span></td></tr></table></div>"
      },
      "url" : "http://t-cabs.org/ValueSet/t-cabs-valueset-Beatmungsform",
      "version" : "0.1.0",
      "name" : "T_CABS_ValueSet_Beatmungsform",
      "title" : "T-CABS ValueSet Beatmungsform",
      "status" : "draft",
      "date" : "2025-10-16T18:59:10+02:00",
      "expansion" : {
        "identifier" : "urn:uuid:b41da3de-99e8-4a11-9973-651341320996",
        "timestamp" : "2025-10-16T19:00:50+02:00",
        "total" : 2,
        "offset" : 0,
        "parameter" : [{
          "name" : "displayLanguage",
          "valueCode" : "en"
        },
        {
          "name" : "count",
          "valueInteger" : 1000
        },
        {
          "name" : "offset",
          "valueInteger" : 0
        },
        {
          "name" : "excludeNested",
          "valueBoolean" : false
        },
        {
          "name" : "used-valueset",
          "valueUri" : "null"
        },
        {
          "name" : "used-codesystem",
          "valueUri" : "http://snomed.info/sct|http://snomed.info/sct/900000000000207008/version/20250201"
        },
        {
          "name" : "version",
          "valueUri" : "http://snomed.info/sct|http://snomed.info/sct/900000000000207008/version/20250201"
        }],
        "contains" : [{
          "system" : "http://snomed.info/sct",
          "code" : "428311008",
          "display" : "Non-invasive ventilation (regime/therapy)"
        },
        {
          "system" : "http://snomed.info/sct",
          "code" : "1258985005",
          "display" : "Invasive mechanical ventilation (regime/therapy)"
        }]
      }
    }
  },
  {
    "fullUrl" : "http://t-cabs.org/ValueSet/t-cabs-valueset-Beatmungsmodus",
    "resource" : {
      "resourceType" : "ValueSet",
      "text" : {
        "status" : "generated",
        "div" : "<div xmlns=\"http://www.w3.org/1999/xhtml\"><p class=\"res-header-id\"/><p style=\"border: black 1px dotted; background-color: #EEEEEE; padding: 8px; margin-bottom: 8px\">Expansion from tx.fhir.org based on codesystem ISO/IEEE 11073 Medical Device Communication Nomenclature version 2024-12-05<span class=\"copy-text-inline\"><button data-clipboard-text=\"urn:iso:std:iso:11073:10101|2024-12-05\" title=\"Click to Copy URL\" class=\"btn-copy\"> </button></span></p><p>This value set contains 7 concepts</p><table class=\"codes\" data-fhir=\"generated\"><tr><td><b>System</b></td><td style=\"white-space:nowrap\"><b>Code</b></td><td><b>Display (en)</b></td><td><b>JSON</b></td><td><b>XML</b></td></tr><tr><td><a name=\"x-urn:iso:std:iso:11073:10101-475172\"> </a><code>urn:iso:std:iso:11073:10101</code></td><td style=\"white-space:nowrap\">\u00a0\u00a0475172</td><td>MDC_VENT_MODE_ISO_AC_PC5vLim_6ACAPH_3LC_3TRGC</td><td><span class=\"copy-text-inline\"><button data-clipboard-text=\"{&quot;system&quot;: &quot;urn:iso:std:iso:11073:10101&quot;, &quot;version&quot;: &quot;2024-12-05&quot;, &quot;code&quot;: &quot;475172&quot;, &quot;display&quot;: &quot;MDC_VENT_MODE_ISO_AC_PC5vLim_6ACAPH_3LC_3TRGC&quot;}\" title=\"Click to Copy as Coding\" class=\"btn-copy\"> </button></span></td><td><span class=\"copy-text-inline\"><button data-clipboard-text=\"&lt;coding&gt;&lt;system value=&quot;urn:iso:std:iso:11073:10101&quot;&gt;&lt;version value=&quot;2024-12-05&quot;&gt;&lt;code value=&quot;475172&quot;&gt;&lt;display value=&quot;MDC_VENT_MODE_ISO_AC_PC5vLim_6ACAPH_3LC_3TRGC&quot;&gt;&lt;/coding&gt;\" title=\"Click to Copy as Coding\" class=\"btn-copy\"> </button></span></td></tr><tr><td><a name=\"x-urn:iso:std:iso:11073:10101-475147\"> </a><code>urn:iso:std:iso:11073:10101</code></td><td style=\"white-space:nowrap\">\u00a0\u00a0475147</td><td>MDC_VENT_MODE_ISO_AC_PC_6ACAP</td><td><span class=\"copy-text-inline\"><button data-clipboard-text=\"{&quot;system&quot;: &quot;urn:iso:std:iso:11073:10101&quot;, &quot;version&quot;: &quot;2024-12-05&quot;, &quot;code&quot;: &quot;475147&quot;, &quot;display&quot;: &quot;MDC_VENT_MODE_ISO_AC_PC_6ACAP&quot;}\" title=\"Click to Copy as Coding\" class=\"btn-copy\"> </button></span></td><td><span class=\"copy-text-inline\"><button data-clipboard-text=\"&lt;coding&gt;&lt;system value=&quot;urn:iso:std:iso:11073:10101&quot;&gt;&lt;version value=&quot;2024-12-05&quot;&gt;&lt;code value=&quot;475147&quot;&gt;&lt;display value=&quot;MDC_VENT_MODE_ISO_AC_PC_6ACAP&quot;&gt;&lt;/coding&gt;\" title=\"Click to Copy as Coding\" class=\"btn-copy\"> </button></span></td></tr><tr><td><a name=\"x-urn:iso:std:iso:11073:10101-475148\"> </a><code>urn:iso:std:iso:11073:10101</code></td><td style=\"white-space:nowrap\">\u00a0\u00a0475148</td><td>MDC_VENT_MODE_ISO_AC_vtPC_6ACAP</td><td><span class=\"copy-text-inline\"><button data-clipboard-text=\"{&quot;system&quot;: &quot;urn:iso:std:iso:11073:10101&quot;, &quot;version&quot;: &quot;2024-12-05&quot;, &quot;code&quot;: &quot;475148&quot;, &quot;display&quot;: &quot;MDC_VENT_MODE_ISO_AC_vtPC_6ACAP&quot;}\" title=\"Click to Copy as Coding\" class=\"btn-copy\"> </button></span></td><td><span class=\"copy-text-inline\"><button data-clipboard-text=\"&lt;coding&gt;&lt;system value=&quot;urn:iso:std:iso:11073:10101&quot;&gt;&lt;version value=&quot;2024-12-05&quot;&gt;&lt;code value=&quot;475148&quot;&gt;&lt;display value=&quot;MDC_VENT_MODE_ISO_AC_vtPC_6ACAP&quot;&gt;&lt;/coding&gt;\" title=\"Click to Copy as Coding\" class=\"btn-copy\"> </button></span></td></tr><tr><td><a name=\"x-urn:iso:std:iso:11073:10101-475154\"> </a><code>urn:iso:std:iso:11073:10101</code></td><td style=\"white-space:nowrap\">\u00a0\u00a0475154</td><td>MDC_VENT_MODE_ISO_CSV_PS_6ACAP_012_015</td><td><span class=\"copy-text-inline\"><button data-clipboard-text=\"{&quot;system&quot;: &quot;urn:iso:std:iso:11073:10101&quot;, &quot;version&quot;: &quot;2024-12-05&quot;, &quot;code&quot;: &quot;475154&quot;, &quot;display&quot;: &quot;MDC_VENT_MODE_ISO_CSV_PS_6ACAP_012_015&quot;}\" title=\"Click to Copy as Coding\" class=\"btn-copy\"> </button></span></td><td><span class=\"copy-text-inline\"><button data-clipboard-text=\"&lt;coding&gt;&lt;system value=&quot;urn:iso:std:iso:11073:10101&quot;&gt;&lt;version value=&quot;2024-12-05&quot;&gt;&lt;code value=&quot;475154&quot;&gt;&lt;display value=&quot;MDC_VENT_MODE_ISO_CSV_PS_6ACAP_012_015&quot;&gt;&lt;/coding&gt;\" title=\"Click to Copy as Coding\" class=\"btn-copy\"> </button></span></td></tr><tr><td><a name=\"x-urn:iso:std:iso:11073:10101-475197\"> </a><code>urn:iso:std:iso:11073:10101</code></td><td style=\"white-space:nowrap\">\u00a0\u00a0475197</td><td>MDC_VENT_MODE_ISO_Bi9level_AV_0_SIMV_PC_8PS_8PS_6ACAP</td><td><span class=\"copy-text-inline\"><button data-clipboard-text=\"{&quot;system&quot;: &quot;urn:iso:std:iso:11073:10101&quot;, &quot;version&quot;: &quot;2024-12-05&quot;, &quot;code&quot;: &quot;475197&quot;, &quot;display&quot;: &quot;MDC_VENT_MODE_ISO_Bi9level_AV_0_SIMV_PC_8PS_8PS_6ACAP&quot;}\" title=\"Click to Copy as Coding\" class=\"btn-copy\"> </button></span></td><td><span class=\"copy-text-inline\"><button data-clipboard-text=\"&lt;coding&gt;&lt;system value=&quot;urn:iso:std:iso:11073:10101&quot;&gt;&lt;version value=&quot;2024-12-05&quot;&gt;&lt;code value=&quot;475197&quot;&gt;&lt;display value=&quot;MDC_VENT_MODE_ISO_Bi9level_AV_0_SIMV_PC_8PS_8PS_6ACAP&quot;&gt;&lt;/coding&gt;\" title=\"Click to Copy as Coding\" class=\"btn-copy\"> </button></span></td></tr><tr><td><a name=\"x-urn:iso:std:iso:11073:10101-475201\"> </a><code>urn:iso:std:iso:11073:10101</code></td><td style=\"white-space:nowrap\">\u00a0\u00a0475201</td><td>MDC_VENT_MODE_ISO_CMV_VC</td><td><span class=\"copy-text-inline\"><button data-clipboard-text=\"{&quot;system&quot;: &quot;urn:iso:std:iso:11073:10101&quot;, &quot;version&quot;: &quot;2024-12-05&quot;, &quot;code&quot;: &quot;475201&quot;, &quot;display&quot;: &quot;MDC_VENT_MODE_ISO_CMV_VC&quot;}\" title=\"Click to Copy as Coding\" class=\"btn-copy\"> </button></span></td><td><span class=\"copy-text-inline\"><button data-clipboard-text=\"&lt;coding&gt;&lt;system value=&quot;urn:iso:std:iso:11073:10101&quot;&gt;&lt;version value=&quot;2024-12-05&quot;&gt;&lt;code value=&quot;475201&quot;&gt;&lt;display value=&quot;MDC_VENT_MODE_ISO_CMV_VC&quot;&gt;&lt;/coding&gt;\" title=\"Click to Copy as Coding\" class=\"btn-copy\"> </button></span></td></tr><tr><td><a name=\"x-urn:iso:std:iso:11073:10101-151796\"> </a><code>urn:iso:std:iso:11073:10101</code></td><td style=\"white-space:nowrap\">\u00a0\u00a0151796</td><td>MDC_PRESS_AWAY_CTS_POS</td><td><span class=\"copy-text-inline\"><button data-clipboard-text=\"{&quot;system&quot;: &quot;urn:iso:std:iso:11073:10101&quot;, &quot;version&quot;: &quot;2024-12-05&quot;, &quot;code&quot;: &quot;151796&quot;, &quot;display&quot;: &quot;MDC_PRESS_AWAY_CTS_POS&quot;}\" title=\"Click to Copy as Coding\" class=\"btn-copy\"> </button></span></td><td><span class=\"copy-text-inline\"><button data-clipboard-text=\"&lt;coding&gt;&lt;system value=&quot;urn:iso:std:iso:11073:10101&quot;&gt;&lt;version value=&quot;2024-12-05&quot;&gt;&lt;code value=&quot;151796&quot;&gt;&lt;display value=&quot;MDC_PRESS_AWAY_CTS_POS&quot;&gt;&lt;/coding&gt;\" title=\"Click to Copy as Coding\" class=\"btn-copy\"> </button></span></td></tr></table></div>"
      },
      "url" : "http://t-cabs.org/ValueSet/t-cabs-valueset-Beatmungsmodus",
      "version" : "0.1.0",
      "name" : "T_CABS_ValueSet_Beatmungsmodus",
      "title" : "T-CABS ValueSet Beatmungsmodus",
      "status" : "draft",
      "date" : "2025-10-16T18:59:10+02:00",
      "expansion" : {
        "identifier" : "urn:uuid:f43c61ee-d56c-464e-af21-d4d6fbc88432",
        "timestamp" : "2025-10-16T19:00:50+02:00",
        "total" : 7,
        "offset" : 0,
        "parameter" : [{
          "name" : "displayLanguage",
          "valueCode" : "en"
        },
        {
          "name" : "count",
          "valueInteger" : 1000
        },
        {
          "name" : "offset",
          "valueInteger" : 0
        },
        {
          "name" : "excludeNested",
          "valueBoolean" : false
        },
        {
          "name" : "used-valueset",
          "valueUri" : "null"
        },
        {
          "name" : "warning-draft",
          "valueUri" : "urn:iso:std:iso:11073:10101|2024-12-05"
        },
        {
          "name" : "used-codesystem",
          "valueUri" : "urn:iso:std:iso:11073:10101|2024-12-05"
        },
        {
          "name" : "version",
          "valueUri" : "urn:iso:std:iso:11073:10101|2024-12-05"
        }],
        "contains" : [{
          "system" : "urn:iso:std:iso:11073:10101",
          "code" : "475172",
          "display" : "MDC_VENT_MODE_ISO_AC_PC5vLim_6ACAPH_3LC_3TRGC"
        },
        {
          "system" : "urn:iso:std:iso:11073:10101",
          "code" : "475147",
          "display" : "MDC_VENT_MODE_ISO_AC_PC_6ACAP"
        },
        {
          "system" : "urn:iso:std:iso:11073:10101",
          "code" : "475148",
          "display" : "MDC_VENT_MODE_ISO_AC_vtPC_6ACAP"
        },
        {
          "system" : "urn:iso:std:iso:11073:10101",
          "code" : "475154",
          "display" : "MDC_VENT_MODE_ISO_CSV_PS_6ACAP_012_015"
        },
        {
          "system" : "urn:iso:std:iso:11073:10101",
          "code" : "475197",
          "display" : "MDC_VENT_MODE_ISO_Bi9level_AV_0_SIMV_PC_8PS_8PS_6ACAP"
        },
        {
          "system" : "urn:iso:std:iso:11073:10101",
          "code" : "475201",
          "display" : "MDC_VENT_MODE_ISO_CMV_VC"
        },
        {
          "system" : "urn:iso:std:iso:11073:10101",
          "code" : "151796",
          "display" : "MDC_PRESS_AWAY_CTS_POS"
        }]
      }
    }
  }]
}