{
  "resourceType" : "Device",
  "id" : "beispiel-vmd-loewenstein-peep",
  "meta" : {
    "profile" : ["http://t-cabs.org/StructureDefinition/t-cabs-device-vmd-beatmungsgeraet"]
  },
  "text" : {
    "status" : "generated",
    "div" : "<div xmlns=\"http://www.w3.org/1999/xhtml\"><p class=\"res-header-id\"><b>Generated Narrative: Device beispiel-vmd-loewenstein-peep</b></p><a name=\"beispiel-vmd-loewenstein-peep\"> </a><a name=\"hcbeispiel-vmd-loewenstein-peep\"> </a><div style=\"display: inline-block; background-color: #d9e0e7; padding: 6px; margin: 4px; border: 1px solid #8da1b4; border-radius: 5px; line-height: 60%\"><p style=\"margin-bottom: 0px\"/><p style=\"margin-bottom: 0px\">Profile: <a href=\"StructureDefinition-t-cabs-device-vmd-beatmungsgeraet.html\">T-CABS Device VMD Beatmungsgeraet</a></p></div><p><b>identifier</b>: <code>http://tcabs.example.org/device-vmd</code>/VMD-LOEW-PEEP-001</p><h3>DeviceNames</h3><table class=\"grid\"><tr><td style=\"display: none\">-</td><td><b>Name</b></td><td><b>Type</b></td></tr><tr><td style=\"display: none\">*</td><td>Prisma VENT30 PEEP Module</td><td>User Friendly name</td></tr></table><p><b>type</b>: <span title=\"Codes:{urn:iso:std:iso:11073:10101 70002}\">MDC_DEV_SYS_PT_VENT_VMD</span></p><p><b>parent</b>: <a href=\"Device-beispiel-beatmungsgeraet-loewenstein.html\">Device: extension = 12450; identifier = UDI; manufacturer = Löwenstein Medical; serialNumber = PRISMA30-SN-345678; type = MDC_DEV_SYS_PT_VENT_MDS</a></p></div>"
  },
  "identifier" : [{
    "system" : "http://tcabs.example.org/device-vmd",
    "value" : "VMD-LOEW-PEEP-001"
  }],
  "deviceName" : [{
    "name" : "Prisma VENT30 PEEP Module",
    "type" : "user-friendly-name"
  }],
  "type" : {
    "coding" : [{
      "system" : "urn:iso:std:iso:11073:10101",
      "code" : "70002",
      "display" : "MDC_DEV_SYS_PT_VENT_VMD"
    }]
  },
  "parent" : {
    "reference" : "Device/beispiel-beatmungsgeraet-loewenstein"
  }
}