{
  "resourceType" : "DeviceMetric",
  "id" : "deviceMetric-gemessen-beispiel-breas",
  "meta" : {
    "profile" : ["http://t-cabs.org/StructureDefinition/t-cabs-devicemetric-eingestellter-gemessener-parameter"]
  },
  "text" : {
    "status" : "generated",
    "div" : "<div xmlns=\"http://www.w3.org/1999/xhtml\"><p class=\"res-header-id\"><b>Generated Narrative: DeviceMetric deviceMetric-gemessen-beispiel-breas</b></p><a name=\"deviceMetric-gemessen-beispiel-breas\"> </a><a name=\"hcdeviceMetric-gemessen-beispiel-breas\"> </a><a name=\"deviceMetric-gemessen-beispiel-breas-en-US\"> </a><div style=\"display: inline-block; background-color: #d9e0e7; padding: 6px; margin: 4px; border: 1px solid #8da1b4; border-radius: 5px; line-height: 60%\"><p style=\"margin-bottom: 0px\"/><p style=\"margin-bottom: 0px\">Profile: <a href=\"StructureDefinition-t-cabs-devicemetric-eingestellter-gemessener-parameter.html\">T-CABS DeviceMetric eingestellter oder gemessener Parameter</a></p></div><p><b>type</b>: <span title=\"Codes:{http://snomed.info/sct 40617009}\">Artificial ventilation (regime/therapy)</span></p><p><b>source</b>: <a href=\"Device-device-1573.html\">Device: identifier = http://www.breas_example.com/identifiers/devices#1573; status = active; manufacturer = BREAS Medical; serialNumber = U120006</a></p><p><b>category</b>: Measurement</p></div>"
  },
  "type" : {
    "coding" : [{
      "system" : "http://snomed.info/sct",
      "code" : "40617009",
      "display" : "Artificial ventilation (regime/therapy)"
    }]
  },
  "source" : {
    "reference" : "Device/device-1573"
  },
  "category" : "measurement"
}