{
  "resourceType" : "Device",
  "id" : "beispiel-channel-loewenstein-ti",
  "meta" : {
    "profile" : ["http://t-cabs.org/StructureDefinition/t-cabs-device-channel-beatmungsgeraet"]
  },
  "text" : {
    "status" : "generated",
    "div" : "<div xmlns=\"http://www.w3.org/1999/xhtml\"><p class=\"res-header-id\"><b>Generated Narrative: Device beispiel-channel-loewenstein-ti</b></p><a name=\"beispiel-channel-loewenstein-ti\"> </a><a name=\"hcbeispiel-channel-loewenstein-ti\"> </a><div style=\"display: inline-block; background-color: #d9e0e7; padding: 6px; margin: 4px; border: 1px solid #8da1b4; border-radius: 5px; line-height: 60%\"><p style=\"margin-bottom: 0px\"/><p style=\"margin-bottom: 0px\">Profile: <a href=\"StructureDefinition-t-cabs-device-channel-beatmungsgeraet.html\">T-CABS Device Channel Beatmungsgeraet</a></p></div><p><b>identifier</b>: <code>http://tcabs.example.org/device-channel</code>/CHAN-LOEW-TI-001</p><h3>DeviceNames</h3><table class=\"grid\"><tr><td style=\"display: none\">-</td><td><b>Name</b></td><td><b>Type</b></td></tr><tr><td style=\"display: none\">*</td><td>TI Measurement Channel</td><td>User Friendly name</td></tr></table><p><b>type</b>: <span title=\"Codes:{urn:iso:std:iso:11073:10101 70003}\">MDC_DEV_SYS_PT_VENT_CHAN</span></p><p><b>parent</b>: <a href=\"Device-beispiel-vmd-loewenstein-ti.html\">Device: identifier = http://tcabs.example.org/device-vmd#VMD-LOEW-TI-001; type = MDC_DEV_SYS_PT_VENT_VMD</a></p></div>"
  },
  "identifier" : [{
    "system" : "http://tcabs.example.org/device-channel",
    "value" : "CHAN-LOEW-TI-001"
  }],
  "deviceName" : [{
    "name" : "TI Measurement Channel",
    "type" : "user-friendly-name"
  }],
  "type" : {
    "coding" : [{
      "system" : "urn:iso:std:iso:11073:10101",
      "code" : "70003",
      "display" : "MDC_DEV_SYS_PT_VENT_CHAN"
    }]
  },
  "parent" : {
    "reference" : "Device/beispiel-vmd-loewenstein-ti"
  }
}