{
  "resourceType" : "Device",
  "id" : "device-1573",
  "meta" : {
    "profile" : ["https://www.medizininformatik-initiative.de/fhir/ext/modul-icu/StructureDefinition/icu-device"]
  },
  "text" : {
    "status" : "generated",
    "div" : "<div xmlns=\"http://www.w3.org/1999/xhtml\"><p class=\"res-header-id\"><b>Generated Narrative: Device device-1573</b></p><a name=\"device-1573\"> </a><a name=\"hcdevice-1573\"> </a><a name=\"device-1573-en-US\"> </a><div style=\"display: inline-block; background-color: #d9e0e7; padding: 6px; margin: 4px; border: 1px solid #8da1b4; border-radius: 5px; line-height: 60%\"><p style=\"margin-bottom: 0px\"/><p style=\"margin-bottom: 0px\">Profile: <a href=\"https://simplifier.net/resolve?scope=de.medizininformatikinitiative.kerndatensatz.icu@2025.0.2&amp;canonical=https://www.medizininformatik-initiative.de/fhir/ext/modul-icu/StructureDefinition/icu-device\">SD MII ICU ICU Device</a></p></div><p><b>identifier</b>: <code>http://www.breas_example.com/identifiers/devices</code>/1573</p><p><b>status</b>: Active</p><p><b>serialNumber</b>: U120006</p><h3>DeviceNames</h3><table class=\"grid\"><tr><td style=\"display: none\">-</td><td><b>Name</b></td><td><b>Type</b></td></tr><tr><td style=\"display: none\">*</td><td>Vivo65</td><td>Model name</td></tr></table><p><b>type</b>: <span title=\"Codes:{http://snomed.info/sct 714692006}\">Variable pressure jet ventilation device (physical object)</span></p><p><b>patient</b>: <a href=\"Patient-patient-98219fce-813a-41f2-94ff-861d59b89715.html\">PatFN-1496 PatLN-1496 (official) (no stated gender), DoB: 1950-02-17 ( Medical record number)</a></p></div>"
  },
  "identifier" : [{
    "system" : "http://www.breas_example.com/identifiers/devices",
    "value" : "1573"
  }],
  "status" : "active",
  "serialNumber" : "U120006",
  "deviceName" : [{
    "name" : "Vivo65",
    "type" : "model-name"
  }],
  "type" : {
    "coding" : [{
      "system" : "http://snomed.info/sct",
      "code" : "714692006",
      "display" : "Variable pressure jet ventilation device (physical object)"
    }]
  },
  "patient" : {
    "reference" : "Patient/patient-98219fce-813a-41f2-94ff-861d59b89715"
  }
}