{
  "resourceType" : "DeviceMetric",
  "id" : "beispiel-devicemetric-resmed-atemzeit",
  "meta" : {
    "profile" : ["http://t-cabs.org/StructureDefinition/t-cabs-devicemetric-numericmetric"]
  },
  "text" : {
    "status" : "generated",
    "div" : "<div xmlns=\"http://www.w3.org/1999/xhtml\"><p class=\"res-header-id\"><b>Generated Narrative: DeviceMetric beispiel-devicemetric-resmed-atemzeit</b></p><a name=\"beispiel-devicemetric-resmed-atemzeit\"> </a><a name=\"hcbeispiel-devicemetric-resmed-atemzeit\"> </a><div style=\"display: inline-block; background-color: #d9e0e7; padding: 6px; margin: 4px; border: 1px solid #8da1b4; border-radius: 5px; line-height: 60%\"><p style=\"margin-bottom: 0px\"/><p style=\"margin-bottom: 0px\">Profile: <a href=\"StructureDefinition-t-cabs-devicemetric-numericmetric.html\">T-CABS DeviceMetric NumericMetric</a></p></div><p><b>identifier</b>: <code>http://tcabs.example.org/device-metric</code>/DM-RESMED-ATEMZEIT-001</p><p><b>type</b>: <span title=\"Codes:{urn:iso:std:iso:11073:10101 153500}\">MDC_TIME_PD_INSP_NORMALIZED_HF</span></p><p><b>unit</b>: <span title=\"Codes:{http://unitsofmeasure.org %}\">%</span></p><p><b>source</b>: <a href=\"Device-beispiel-beatmungsgeraet-resmed.html\">Device: extension = 6500; identifier = UDI; manufacturer = ResMed; serialNumber = STELLAR150-SN-901234; type = MDC_DEV_SYS_PT_VENT_MDS</a></p><p><b>parent</b>: <a href=\"Device-beispiel-channel-resmed-atemzeit.html\">Device: identifier = http://tcabs.example.org/device-channel#CHAN-RESMED-ATEMZEIT-001; type = MDC_DEV_SYS_PT_VENT_CHAN</a></p><p><b>operationalStatus</b>: On</p><p><b>color</b>: purple</p><p><b>category</b>: Calculation</p><p><b>measurementPeriod</b>: Once per 15 seconds</p><h3>Calibrations</h3><table class=\"grid\"><tr><td style=\"display: none\">-</td><td><b>Type</b></td><td><b>State</b></td></tr><tr><td style=\"display: none\">*</td><td>Gain</td><td>Calibrated</td></tr></table></div>"
  },
  "identifier" : [{
    "system" : "http://tcabs.example.org/device-metric",
    "value" : "DM-RESMED-ATEMZEIT-001"
  }],
  "type" : {
    "coding" : [{
      "system" : "urn:iso:std:iso:11073:10101",
      "code" : "153500",
      "display" : "MDC_TIME_PD_INSP_NORMALIZED_HF"
    }]
  },
  "unit" : {
    "coding" : [{
      "system" : "http://unitsofmeasure.org",
      "code" : "%",
      "display" : "%"
    }]
  },
  "source" : {
    "reference" : "Device/beispiel-beatmungsgeraet-resmed"
  },
  "parent" : {
    "reference" : "Device/beispiel-channel-resmed-atemzeit"
  },
  "operationalStatus" : "on",
  "color" : "purple",
  "category" : "calculation",
  "measurementPeriod" : {
    "repeat" : {
      "frequency" : 1,
      "period" : 15,
      "periodUnit" : "s"
    }
  },
  "calibration" : [{
    "type" : "gain",
    "state" : "calibrated"
  }]
}