{
  "resourceType" : "Observation",
  "id" : "atemfrequenz-eingestellt-beispiel-breas",
  "meta" : {
    "profile" : ["http://t-cabs.org/StructureDefinition/t-cabs-observation-atemfrequenz-beatmet"]
  },
  "text" : {
    "status" : "generated",
    "div" : "<div xmlns=\"http://www.w3.org/1999/xhtml\"><p class=\"res-header-id\"><b>Generated Narrative: Observation atemfrequenz-eingestellt-beispiel-breas</b></p><a name=\"atemfrequenz-eingestellt-beispiel-breas\"> </a><a name=\"hcatemfrequenz-eingestellt-beispiel-breas\"> </a><a name=\"atemfrequenz-eingestellt-beispiel-breas-en-US\"> </a><div style=\"display: inline-block; background-color: #d9e0e7; padding: 6px; margin: 4px; border: 1px solid #8da1b4; border-radius: 5px; line-height: 60%\"><p style=\"margin-bottom: 0px\"/><p style=\"margin-bottom: 0px\">Profile: <a href=\"StructureDefinition-t-cabs-observation-atemfrequenz-beatmet.html\">T-CABS Observation AF</a></p></div><p><b>partOf</b>: <a href=\"Procedure-procedure-PSV-123.html\">Procedure Pressure support ventilation (regime/therapy)</a></p><p><b>status</b>: Final</p><p><b>category</b>: <span title=\"Codes:{http://snomed.info/sct 40617009}, {http://terminology.hl7.org/CodeSystem/observation-category vital-signs}\">Artificial ventilation (regime/therapy)</span></p><p><b>code</b>: <span title=\"Codes:{http://snomed.info/sct 250810003}, {http://loinc.org 19840-8}, {urn:iso:std:iso:11073:10101 152490}\">Total breath rate</span></p><p><b>subject</b>: <a href=\"Patient-patient-98219fce-813a-41f2-94ff-861d59b89715.html\">PatFN-1496 PatLN-1496 (official) (no stated gender), DoB: 1950-02-17 ( Medical record number)</a></p><p><b>effective</b>: 2019-12-23 09:30:10+0100 --&gt; 2019-12-23 10:30:10+0100</p><p><b>value</b>: 15 breaths per minute<span style=\"background: LightGoldenRodYellow\"> (Details: UCUM  code/min = '/min')</span></p><p><b>device</b>: <a href=\"DeviceMetric-deviceMetric-eingestellt-beispiel-breas.html\">DeviceMetric: type = Artificial ventilation (regime/therapy); category = setting</a></p><h3>ReferenceRanges</h3><table class=\"grid\"><tr><td style=\"display: none\">-</td><td><b>Low</b></td><td><b>High</b></td></tr><tr><td style=\"display: none\">*</td><td>3 breaths per minute<span style=\"background: LightGoldenRodYellow\"> (Details: UCUM  code/min = '/min')</span></td><td>50 breaths per minute<span style=\"background: LightGoldenRodYellow\"> (Details: UCUM  code/min = '/min')</span></td></tr></table></div>"
  },
  "partOf" : [{
    "reference" : "Procedure/procedure-PSV-123"
  }],
  "status" : "final",
  "category" : [{
    "coding" : [{
      "system" : "http://snomed.info/sct",
      "code" : "40617009",
      "display" : "Artificial ventilation (regime/therapy)"
    },
    {
      "system" : "http://terminology.hl7.org/CodeSystem/observation-category",
      "code" : "vital-signs"
    }]
  }],
  "code" : {
    "coding" : [{
      "system" : "http://snomed.info/sct",
      "code" : "250810003"
    },
    {
      "system" : "http://loinc.org",
      "code" : "19840-8"
    },
    {
      "system" : "urn:iso:std:iso:11073:10101",
      "code" : "152490"
    }]
  },
  "subject" : {
    "reference" : "Patient/patient-98219fce-813a-41f2-94ff-861d59b89715"
  },
  "effectivePeriod" : {
    "start" : "2019-12-23T09:30:10+01:00",
    "end" : "2019-12-23T10:30:10+01:00"
  },
  "valueQuantity" : {
    "value" : 15,
    "unit" : "breaths per minute",
    "system" : "http://unitsofmeasure.org",
    "code" : "/min"
  },
  "device" : {
    "reference" : "DeviceMetric/deviceMetric-eingestellt-beispiel-breas"
  },
  "referenceRange" : [{
    "low" : {
      "value" : 3,
      "unit" : "breaths per minute",
      "system" : "http://unitsofmeasure.org",
      "code" : "/min"
    },
    "high" : {
      "value" : 50,
      "unit" : "breaths per minute",
      "system" : "http://unitsofmeasure.org",
      "code" : "/min"
    }
  }]
}