{
  "resourceType" : "Observation",
  "id" : "Example-TI-Loewenstein",
  "meta" : {
    "profile" : ["http://t-cabs.org/StructureDefinition/t-cabs-observation-ti"]
  },
  "text" : {
    "status" : "generated",
    "div" : "<div xmlns=\"http://www.w3.org/1999/xhtml\"><p class=\"res-header-id\"><b>Generated Narrative: Observation Example-TI-Loewenstein</b></p><a name=\"Example-TI-Loewenstein\"> </a><a name=\"hcExample-TI-Loewenstein\"> </a><div style=\"display: inline-block; background-color: #d9e0e7; padding: 6px; margin: 4px; border: 1px solid #8da1b4; border-radius: 5px; line-height: 60%\"><p style=\"margin-bottom: 0px\"/><p style=\"margin-bottom: 0px\">Profile: <a href=\"StructureDefinition-t-cabs-observation-ti.html\">T-CABS Observation TI</a></p></div><p><b>partOf</b>: <a href=\"Procedure-beispiel-beatmung-loewenstein.html\">Procedure MDC_VENT_MODE_ISO_CSV_PS_6ACAP_012_015</a></p><p><b>status</b>: Final</p><p><b>code</b>: <span title=\"Codes:{urn:iso:std:iso:11073:10101 152416}\">MDC_VENT_TIME_PD_INSP</span></p><p><b>subject</b>: <a href=\"Patient-tcabs-patient-example.html\">Max Mustermann (official) Male, DoB: 1980-01-15 ( Medical record number)</a></p><p><b>effective</b>: 2024-10-07 20:30:00+0200 --&gt; 2024-10-07 20:45:00+0200</p><p><b>value</b>: 1.2 s<span style=\"background: LightGoldenRodYellow\"> (Details: UCUM  codes = 's')</span></p><p><b>device</b>: <a href=\"DeviceMetric-beispiel-devicemetric-loewenstein-ti.html\">DeviceMetric: identifier = http://tcabs.example.org/device-metric#DM-LOEW-TI-001; type = MDC_VENT_TIME_PD_INSP; unit = s; operationalStatus = on; color = orange; category = measurement; measurementPeriod = Once per 1 second</a></p></div>"
  },
  "partOf" : [{
    "reference" : "Procedure/beispiel-beatmung-loewenstein"
  }],
  "status" : "final",
  "code" : {
    "coding" : [{
      "system" : "urn:iso:std:iso:11073:10101",
      "code" : "152416",
      "display" : "MDC_VENT_TIME_PD_INSP"
    }]
  },
  "subject" : {
    "reference" : "Patient/tcabs-patient-example"
  },
  "effectivePeriod" : {
    "start" : "2024-10-07T20:30:00+02:00",
    "end" : "2024-10-07T20:45:00+02:00"
  },
  "valueQuantity" : {
    "value" : 1.2,
    "unit" : "s",
    "system" : "http://unitsofmeasure.org",
    "code" : "s"
  },
  "device" : {
    "reference" : "DeviceMetric/beispiel-devicemetric-loewenstein-ti"
  }
}