{
  "resourceType" : "Observation",
  "id" : "Example-Atemzeitverhaeltnis-ResMed",
  "meta" : {
    "profile" : ["http://t-cabs.org/StructureDefinition/t-cabs-observation-atemzeitverhaeltnis"]
  },
  "text" : {
    "status" : "generated",
    "div" : "<div xmlns=\"http://www.w3.org/1999/xhtml\"><p class=\"res-header-id\"><b>Generated Narrative: Observation Example-Atemzeitverhaeltnis-ResMed</b></p><a name=\"Example-Atemzeitverhaeltnis-ResMed\"> </a><a name=\"hcExample-Atemzeitverhaeltnis-ResMed\"> </a><div style=\"display: inline-block; background-color: #d9e0e7; padding: 6px; margin: 4px; border: 1px solid #8da1b4; border-radius: 5px; line-height: 60%\"><p style=\"margin-bottom: 0px\"/><p style=\"margin-bottom: 0px\">Profile: <a href=\"StructureDefinition-t-cabs-observation-atemzeitverhaeltnis.html\">T-CABS Observation Atemzeitverhaeltnis</a></p></div><p><b>partOf</b>: <a href=\"Procedure-beispiel-beatmung-resmed.html\">Procedure MDC_PRESS_AWAY_CTS_POS</a></p><p><b>status</b>: Final</p><p><b>code</b>: <span title=\"Codes:{urn:iso:std:iso:11073:10101 153500}\">MDC_TIME_PD_INSP_NORMALIZED_HF</span></p><p><b>subject</b>: <a href=\"Patient-tcabs-patient-example.html\">Max Mustermann (official) Male, DoB: 1980-01-15 ( Medical record number)</a></p><p><b>effective</b>: 2024-10-07 22:30:00+0200 --&gt; 2024-10-07 22:45:00+0200</p><p><b>value</b>: 33 %<span style=\"background: LightGoldenRodYellow\"> (Details: UCUM  code% = '%')</span></p><p><b>device</b>: <a href=\"DeviceMetric-beispiel-devicemetric-resmed-atemzeit.html\">DeviceMetric: identifier = http://tcabs.example.org/device-metric#DM-RESMED-ATEMZEIT-001; type = MDC_TIME_PD_INSP_NORMALIZED_HF; unit = %; operationalStatus = on; color = purple; category = calculation; measurementPeriod = Once per 15 seconds</a></p></div>"
  },
  "partOf" : [{
    "reference" : "Procedure/beispiel-beatmung-resmed"
  }],
  "status" : "final",
  "code" : {
    "coding" : [{
      "system" : "urn:iso:std:iso:11073:10101",
      "code" : "153500",
      "display" : "MDC_TIME_PD_INSP_NORMALIZED_HF"
    }]
  },
  "subject" : {
    "reference" : "Patient/tcabs-patient-example"
  },
  "effectivePeriod" : {
    "start" : "2024-10-07T22:30:00+02:00",
    "end" : "2024-10-07T22:45:00+02:00"
  },
  "valueQuantity" : {
    "value" : 33,
    "unit" : "%",
    "system" : "http://unitsofmeasure.org",
    "code" : "%"
  },
  "device" : {
    "reference" : "DeviceMetric/beispiel-devicemetric-resmed-atemzeit"
  }
}