{
  "resourceType" : "Observation",
  "id" : "Example-ArteriellerBlutdruck-Doccla",
  "meta" : {
    "profile" : ["http://t-cabs.org/StructureDefinition/t-cabs-observation-arteriellerblutdruck",
    "https://gematik.de/fhir/isik/StructureDefinition/ISiKBlutdruckSystemischArteriell"]
  },
  "text" : {
    "status" : "extensions",
    "div" : "<div xmlns=\"http://www.w3.org/1999/xhtml\"><p class=\"res-header-id\"><b>Generated Narrative: Observation Example-ArteriellerBlutdruck-Doccla</b></p><a name=\"Example-ArteriellerBlutdruck-Doccla\"> </a><a name=\"hcExample-ArteriellerBlutdruck-Doccla\"> </a><div style=\"display: inline-block; background-color: #d9e0e7; padding: 6px; margin: 4px; border: 1px solid #8da1b4; border-radius: 5px; line-height: 60%\"><p style=\"margin-bottom: 0px\"/><p style=\"margin-bottom: 0px\">Profiles: <a href=\"StructureDefinition-t-cabs-observation-arteriellerblutdruck.html\">T-CABS Observation Arterial Blood Pressure</a>, <a href=\"https://simplifier.net/resolve?scope=de.medizininformatikinitiative.kerndatensatz.person@2025.0.0&amp;canonical=https://gematik.de/fhir/isik/StructureDefinition/ISiKBlutdruckSystemischArteriell\">https://gematik.de/fhir/isik/StructureDefinition/ISiKBlutdruckSystemischArteriell</a></p></div><p><b>Observation Gateway Device</b>: <a href=\"Device-beispiel-phg-doccla.html\">Device: identifier = IEEE 11073 System Identifier; manufacturer = Doccla GmbH; serialNumber = PHG-SN-789012; modelNumber = DHT-2024; type = MDC_MOC_VMS_MDS_AHD</a></p><p><b>status</b>: Final</p><p><b>category</b>: <span title=\"Codes:{http://terminology.hl7.org/CodeSystem/observation-category vital-signs}\">Vital Signs</span>, <span title=\"Codes:{http://hl7.org/fhir/uv/phd/CodeSystem/PhdObservationCategories phd-observation}\">PHD generated Observation</span></p><p><b>code</b>: <span title=\"Codes:{http://loinc.org 85354-9}, {urn:iso:std:iso:11073:10101 150016}\">Blood pressure panel with all children optional</span></p><p><b>subject</b>: <a href=\"Patient-tcabs-patient-example.html\">Max Mustermann (official) Male, DoB: 1980-01-15 ( Medical record number)</a></p><p><b>effective</b>: 2024-01-15 09:00:00+0000 --&gt; 2024-01-15 09:00:00+0000</p><p><b>device</b>: <a href=\"Device-beispiel-phd-doccla.html\">Device: identifier = IEEE 11073 System Identifier; manufacturer = Masimo; serialNumber = PHD-SN-345678; modelNumber = DPO-2024; type = MDC_MOC_VMS_MDS_SIMP</a></p><blockquote><p><b>component</b></p><p><b>code</b>: <span title=\"Codes:{http://loinc.org 8480-6}\">Systolic blood pressure</span></p><p><b>value</b>: 125 mm[Hg]<span style=\"background: LightGoldenRodYellow\"> (Details: UCUM  codemm[Hg] = 'mm[Hg]')</span></p></blockquote><blockquote><p><b>component</b></p><p><b>code</b>: <span title=\"Codes:{http://loinc.org 8462-4}\">Diastolic blood pressure</span></p><p><b>value</b>: 80 mm[Hg]<span style=\"background: LightGoldenRodYellow\"> (Details: UCUM  codemm[Hg] = 'mm[Hg]')</span></p></blockquote></div>"
  },
  "extension" : [{
    "url" : "http://hl7.org/fhir/StructureDefinition/observation-gatewayDevice",
    "valueReference" : {
      "reference" : "Device/beispiel-phg-doccla"
    }
  }],
  "status" : "final",
  "category" : [{
    "coding" : [{
      "system" : "http://terminology.hl7.org/CodeSystem/observation-category",
      "code" : "vital-signs"
    }]
  },
  {
    "coding" : [{
      "system" : "http://hl7.org/fhir/uv/phd/CodeSystem/PhdObservationCategories",
      "code" : "phd-observation"
    }]
  }],
  "code" : {
    "coding" : [{
      "system" : "http://loinc.org",
      "code" : "85354-9",
      "display" : "Blood pressure panel with all children optional"
    },
    {
      "system" : "urn:iso:std:iso:11073:10101",
      "code" : "150016"
    }]
  },
  "subject" : {
    "reference" : "Patient/tcabs-patient-example"
  },
  "effectivePeriod" : {
    "start" : "2024-01-15T09:00:00Z",
    "end" : "2024-01-15T09:00:00Z"
  },
  "device" : {
    "reference" : "Device/beispiel-phd-doccla"
  },
  "component" : [{
    "code" : {
      "coding" : [{
        "system" : "http://loinc.org",
        "code" : "8480-6"
      }]
    },
    "valueQuantity" : {
      "value" : 125,
      "unit" : "mm[Hg]",
      "system" : "http://unitsofmeasure.org",
      "code" : "mm[Hg]"
    }
  },
  {
    "code" : {
      "coding" : [{
        "system" : "http://loinc.org",
        "code" : "8462-4"
      }]
    },
    "valueQuantity" : {
      "value" : 80,
      "unit" : "mm[Hg]",
      "system" : "http://unitsofmeasure.org",
      "code" : "mm[Hg]"
    }
  }]
}