{
  "resourceType" : "Observation",
  "id" : "Example-AHI-BREAS",
  "meta" : {
    "profile" : ["http://t-cabs.org/StructureDefinition/t-cabs-observation-ahi"]
  },
  "text" : {
    "status" : "generated",
    "div" : "<div xmlns=\"http://www.w3.org/1999/xhtml\"><p class=\"res-header-id\"><b>Generated Narrative: Observation Example-AHI-BREAS</b></p><a name=\"Example-AHI-BREAS\"> </a><a name=\"hcExample-AHI-BREAS\"> </a><div style=\"display: inline-block; background-color: #d9e0e7; padding: 6px; margin: 4px; border: 1px solid #8da1b4; border-radius: 5px; line-height: 60%\"><p style=\"margin-bottom: 0px\"/><p style=\"margin-bottom: 0px\">Profile: <a href=\"StructureDefinition-t-cabs-observation-ahi.html\">T-CABS Observation AHI</a></p></div><p><b>partOf</b>: <a href=\"Procedure-beispiel-beatmung-breas.html\">Procedure MDC_VENT_MODE_ISO_AC_PC_6ACAP</a></p><p><b>status</b>: Final</p><p><b>code</b>: <span title=\"Codes:{urn:iso:std:iso:11073:10101 8410792}\">MDC_SABTE_AHI_TOTAL</span></p><p><b>subject</b>: <a href=\"Patient-tcabs-patient-example.html\">Max Mustermann (official) Male, DoB: 1980-01-15 ( Medical record number)</a></p><p><b>effective</b>: 2024-01-15 22:00:00+0000 --&gt; 2024-01-16 06:00:00+0000</p><p><b>value</b>: 5.2 {score}<span style=\"background: LightGoldenRodYellow\"> (Details: UCUM  code{score} = '{score}')</span></p><p><b>device</b>: <a href=\"DeviceMetric-beispiel-devicemetric-breas-ahi.html\">DeviceMetric: identifier = http://tcabs.example.org/device-metric#DM-BREAS-AHI-001; type = MDC_SABTE_AHI_TOTAL; unit = {score}; operationalStatus = on; color = green; category = calculation; measurementPeriod = Once per 1 hour</a></p></div>"
  },
  "partOf" : [{
    "reference" : "Procedure/beispiel-beatmung-breas"
  }],
  "status" : "final",
  "code" : {
    "coding" : [{
      "system" : "urn:iso:std:iso:11073:10101",
      "code" : "8410792",
      "display" : "MDC_SABTE_AHI_TOTAL"
    }]
  },
  "subject" : {
    "reference" : "Patient/tcabs-patient-example"
  },
  "effectivePeriod" : {
    "start" : "2024-01-15T22:00:00Z",
    "end" : "2024-01-16T06:00:00Z"
  },
  "valueQuantity" : {
    "value" : 5.2,
    "unit" : "{score}",
    "system" : "http://unitsofmeasure.org",
    "code" : "{score}"
  },
  "device" : {
    "reference" : "DeviceMetric/beispiel-devicemetric-breas-ahi"
  }
}