{
  "resourceType" : "Observation",
  "id" : "Example-DruckMinMax-ResMed",
  "meta" : {
    "profile" : ["http://t-cabs.org/StructureDefinition/t-cabs-observation-druck-minmax"]
  },
  "text" : {
    "status" : "generated",
    "div" : "<div xmlns=\"http://www.w3.org/1999/xhtml\"><p class=\"res-header-id\"><b>Generated Narrative: Observation Example-DruckMinMax-ResMed</b></p><a name=\"Example-DruckMinMax-ResMed\"> </a><a name=\"hcExample-DruckMinMax-ResMed\"> </a><div style=\"display: inline-block; background-color: #d9e0e7; padding: 6px; margin: 4px; border: 1px solid #8da1b4; border-radius: 5px; line-height: 60%\"><p style=\"margin-bottom: 0px\"/><p style=\"margin-bottom: 0px\">Profile: <a href=\"StructureDefinition-t-cabs-observation-druck-minmax.html\">T-CABS Observation Druck MIN/MAX</a></p></div><p><b>partOf</b>: <a href=\"Procedure-beispiel-beatmung-resmed.html\">Procedure MDC_PRESS_AWAY_CTS_POS</a></p><p><b>status</b>: Final</p><p><b>code</b>: <span title=\"Codes:{urn:iso:std:iso:11073:10101 151792}\">MDC_PRESS_AWAY</span></p><p><b>subject</b>: <a href=\"Patient-tcabs-patient-example.html\">Max Mustermann (official) Male, DoB: 1980-01-15 ( Medical record number)</a></p><p><b>effective</b>: 2024-10-07 23:00:00+0200 --&gt; 2024-10-07 23:30:00+0200</p><p><b>device</b>: <a href=\"DeviceMetric-beispiel-devicemetric-resmed-druck.html\">DeviceMetric: identifier = http://tcabs.example.org/device-metric#DM-RESMED-DRUCK-001; type = MDC_PRESS_AWAY; unit = mbar; operationalStatus = on; color = brown; category = measurement; measurementPeriod = Once per 30 seconds</a></p><blockquote><p><b>component</b></p><p><b>code</b>: <span title=\"Codes:{urn:iso:std:iso:11073:10101 151794}\">MDC_PRESS_AWAY_MIN</span></p><p><b>value</b>: 4 mbar<span style=\"background: LightGoldenRodYellow\"> (Details: UCUM  codembar = 'mbar')</span></p></blockquote><blockquote><p><b>component</b></p><p><b>code</b>: <span title=\"Codes:{urn:iso:std:iso:11073:10101 151793}\">MDC_PRESS_AWAY_MAX</span></p><p><b>value</b>: 20 mbar<span style=\"background: LightGoldenRodYellow\"> (Details: UCUM  codembar = 'mbar')</span></p></blockquote></div>"
  },
  "partOf" : [{
    "reference" : "Procedure/beispiel-beatmung-resmed"
  }],
  "status" : "final",
  "code" : {
    "coding" : [{
      "system" : "urn:iso:std:iso:11073:10101",
      "code" : "151792",
      "display" : "MDC_PRESS_AWAY"
    }]
  },
  "subject" : {
    "reference" : "Patient/tcabs-patient-example"
  },
  "effectivePeriod" : {
    "start" : "2024-10-07T23:00:00+02:00",
    "end" : "2024-10-07T23:30:00+02:00"
  },
  "device" : {
    "reference" : "DeviceMetric/beispiel-devicemetric-resmed-druck"
  },
  "component" : [{
    "code" : {
      "coding" : [{
        "system" : "urn:iso:std:iso:11073:10101",
        "code" : "151794",
        "display" : "MDC_PRESS_AWAY_MIN"
      }]
    },
    "valueQuantity" : {
      "value" : 4,
      "unit" : "mbar",
      "system" : "http://unitsofmeasure.org",
      "code" : "mbar"
    }
  },
  {
    "code" : {
      "coding" : [{
        "system" : "urn:iso:std:iso:11073:10101",
        "code" : "151793",
        "display" : "MDC_PRESS_AWAY_MAX"
      }]
    },
    "valueQuantity" : {
      "value" : 20,
      "unit" : "mbar",
      "system" : "http://unitsofmeasure.org",
      "code" : "mbar"
    }
  }]
}