{
  "resourceType" : "Organization",
  "id" : "beispiel-provider-doccla",
  "meta" : {
    "profile" : ["http://t-cabs.org/StructureDefinition/t-cabs-organisation",
    "https://gematik.de/fhir/isik/StructureDefinition/ISiKOrganisation"]
  },
  "text" : {
    "status" : "generated",
    "div" : "<div xmlns=\"http://www.w3.org/1999/xhtml\"><p class=\"res-header-id\"><b>Generated Narrative: Organization beispiel-provider-doccla</b></p><a name=\"beispiel-provider-doccla\"> </a><a name=\"hcbeispiel-provider-doccla\"> </a><div style=\"display: inline-block; background-color: #d9e0e7; padding: 6px; margin: 4px; border: 1px solid #8da1b4; border-radius: 5px; line-height: 60%\"><p style=\"margin-bottom: 0px\"/><p style=\"margin-bottom: 0px\">Profiles: <a href=\"StructureDefinition-t-cabs-organisation.html\">T-CABS Organization</a>, <a href=\"https://simplifier.net/resolve?scope=de.medizininformatikinitiative.kerndatensatz.person@2025.0.0&amp;canonical=https://gematik.de/fhir/isik/StructureDefinition/ISiKOrganisation\">https://gematik.de/fhir/isik/StructureDefinition/ISiKOrganisation</a></p></div><p><b>identifier</b>: <code>http://tcabs.example.org/providers</code>/PROV-DOCCLA-001</p><p><b>name</b>: Doccla Deutschland GmbH</p></div>"
  },
  "identifier" : [{
    "system" : "http://tcabs.example.org/providers",
    "value" : "PROV-DOCCLA-001"
  }],
  "name" : "Doccla Deutschland GmbH"
}