{
  "resourceType" : "Organization",
  "id" : "beispiel-provider-jochum",
  "meta" : {
    "profile" : ["http://t-cabs.org/StructureDefinition/t-cabs-organisation"]
  },
  "text" : {
    "status" : "generated",
    "div" : "<div xmlns=\"http://www.w3.org/1999/xhtml\"><p class=\"res-header-id\"><b>Generated Narrative: Organization beispiel-provider-jochum</b></p><a name=\"beispiel-provider-jochum\"> </a><a name=\"hcbeispiel-provider-jochum\"> </a><div style=\"display: inline-block; background-color: #d9e0e7; padding: 6px; margin: 4px; border: 1px solid #8da1b4; border-radius: 5px; line-height: 60%\"><p style=\"margin-bottom: 0px\"/><p style=\"margin-bottom: 0px\">Profile: <a href=\"StructureDefinition-t-cabs-organisation.html\">T-CABS Organisation</a></p></div><p><b>identifier</b>: <code>http://tcabs.example.org/providers</code>/PROV-JOCHUM-001</p><p><b>name</b>: Jochum GmbH</p></div>"
  },
  "identifier" : [{
    "system" : "http://tcabs.example.org/providers",
    "value" : "PROV-JOCHUM-001"
  }],
  "name" : "Jochum GmbH"
}