{
  "resourceType" : "Patient",
  "id" : "tcabs-patient-example",
  "meta" : {
    "profile" : ["http://t-cabs.org/StructureDefinition/t-cabs-patient"]
  },
  "text" : {
    "status" : "generated",
    "div" : "<div xmlns=\"http://www.w3.org/1999/xhtml\"><p class=\"res-header-id\"><b>Generated Narrative: Patient tcabs-patient-example</b></p><a name=\"tcabs-patient-example\"> </a><a name=\"hctcabs-patient-example\"> </a><div style=\"display: inline-block; background-color: #d9e0e7; padding: 6px; margin: 4px; border: 1px solid #8da1b4; border-radius: 5px; line-height: 60%\"><p style=\"margin-bottom: 0px\"/><p style=\"margin-bottom: 0px\">Profile: <a href=\"StructureDefinition-t-cabs-patient.html\">T-CABS Patient</a></p></div><p style=\"border: 1px #661aff solid; background-color: #e6e6ff; padding: 10px;\">Max Mustermann (official) Male, DoB: 1980-01-15 ( Medical record number)</p><hr/><table class=\"grid\"><tr><td style=\"background-color: #f3f5da\" title=\"Known status of Patient\">Deceased:</td><td colspan=\"3\">false</td></tr><tr><td style=\"background-color: #f3f5da\" title=\"Ways to contact the Patient\">Contact Detail</td><td colspan=\"3\">Musterstraße 123 Berlin 10115 DE (home)</td></tr><tr><td style=\"background-color: #f3f5da\" title=\"Patient Links\">Links:</td><td colspan=\"3\"><ul><li>General Practitioner: <a href=\"Practitioner-tcabs-practitioner-example.html\">Practitioner Anna Schmidt(official)</a></li><li>Managing Organization: <a href=\"Organization-CABS.html\">Organization Charité Campus Mitte</a></li></ul></td></tr></table></div>"
  },
  "identifier" : [{
    "type" : {
      "coding" : [{
        "system" : "http://terminology.hl7.org/CodeSystem/v2-0203",
        "code" : "MR"
      }]
    },
    "system" : "http://tcabs.example.org/patients",
    "value" : "TCABS-PAT-001"
  }],
  "name" : [{
    "use" : "official",
    "family" : "Mustermann",
    "given" : ["Max"]
  }],
  "gender" : "male",
  "birthDate" : "1980-01-15",
  "deceasedBoolean" : false,
  "address" : [{
    "use" : "home",
    "type" : "both",
    "line" : ["Musterstraße 123"],
    "city" : "Berlin",
    "postalCode" : "10115",
    "country" : "DE"
  }],
  "generalPractitioner" : [{
    "reference" : "Practitioner/tcabs-practitioner-example"
  }],
  "managingOrganization" : {
    "reference" : "Organization/CABS"
  }
}