{
  "resourceType" : "PractitionerRole",
  "id" : "tcabs-practitioner-role-example",
  "meta" : {
    "profile" : ["http://t-cabs.org/StructureDefinition/t-cabs-practitioner-funktion"]
  },
  "text" : {
    "status" : "generated",
    "div" : "<div xmlns=\"http://www.w3.org/1999/xhtml\"><p class=\"res-header-id\"><b>Generated Narrative: PractitionerRole tcabs-practitioner-role-example</b></p><a name=\"tcabs-practitioner-role-example\"> </a><a name=\"hctcabs-practitioner-role-example\"> </a><div style=\"display: inline-block; background-color: #d9e0e7; padding: 6px; margin: 4px; border: 1px solid #8da1b4; border-radius: 5px; line-height: 60%\"><p style=\"margin-bottom: 0px\"/><p style=\"margin-bottom: 0px\">Profile: <a href=\"StructureDefinition-t-cabs-practitioner-funktion.html\">T-CABS Function</a></p></div><p><b>active</b>: true</p><p><b>practitioner</b>: <a href=\"Practitioner-tcabs-practitioner-example.html\">Practitioner Anna Schmidt(official)</a></p><p><b>organization</b>: <a href=\"Organization-CABS.html\">Organization Charité Campus Mitte</a></p><p><b>code</b>: <span title=\"Codes:{http://snomed.info/sct 41672002}, {urn:oid:1.2.276.0.76.5.514 140}\">Respiratory physician</span></p></div>"
  },
  "active" : true,
  "practitioner" : {
    "reference" : "Practitioner/tcabs-practitioner-example"
  },
  "organization" : {
    "reference" : "Organization/CABS"
  },
  "code" : [{
    "coding" : [{
      "system" : "http://snomed.info/sct",
      "code" : "41672002",
      "display" : "Respiratory physician"
    },
    {
      "system" : "urn:oid:1.2.276.0.76.5.514",
      "code" : "140",
      "display" : "Innere Medizin und Pneumologie"
    }]
  }]
}