{
  "resourceType" : "Procedure",
  "id" : "procedure-CPAP-123",
  "meta" : {
    "profile" : ["https://www.medizininformatik-initiative.de/fhir/ext/modul-icu/StructureDefinition/beatmung"]
  },
  "text" : {
    "status" : "generated",
    "div" : "<div xmlns=\"http://www.w3.org/1999/xhtml\"><p class=\"res-header-id\"><b>Generated Narrative: Procedure procedure-CPAP-123</b></p><a name=\"procedure-CPAP-123\"> </a><a name=\"hcprocedure-CPAP-123\"> </a><a name=\"procedure-CPAP-123-en-US\"> </a><div style=\"display: inline-block; background-color: #d9e0e7; padding: 6px; margin: 4px; border: 1px solid #8da1b4; border-radius: 5px; line-height: 60%\"><p style=\"margin-bottom: 0px\"/><p style=\"margin-bottom: 0px\">Profile: <a href=\"https://simplifier.net/resolve?scope=de.medizininformatikinitiative.kerndatensatz.icu@2025.0.4&amp;canonical=https://www.medizininformatik-initiative.de/fhir/ext/modul-icu/StructureDefinition/beatmung\">SD MII ICU Beatmung</a></p></div><p><b>status</b>: In Progress</p><p><b>category</b>: <span title=\"Codes:{http://snomed.info/sct 40617009}\">Artificial ventilation (regime/therapy)</span></p><p><b>code</b>: <span title=\"Codes:{http://snomed.info/sct 47545007}\">Continuous positive airway pressure ventilation treatment (regime/therapy)</span></p><p><b>subject</b>: <a href=\"Patient-patient-44187887-a48d-4f4e-9393-e4207045a2c4.html\">John Doe (official) (no stated gender), DoB: 1944-04-11 ( Medical record number)</a></p><p><b>performed</b>: 2021-12-28 13:40:00+0100 --&gt; (ongoing)</p></div>"
  },
  "status" : "in-progress",
  "category" : {
    "coding" : [{
      "system" : "http://snomed.info/sct",
      "code" : "40617009",
      "display" : "Artificial ventilation (regime/therapy)"
    }]
  },
  "code" : {
    "coding" : [{
      "system" : "http://snomed.info/sct",
      "code" : "47545007",
      "display" : "Continuous positive airway pressure ventilation treatment (regime/therapy)"
    }]
  },
  "subject" : {
    "reference" : "Patient/patient-44187887-a48d-4f4e-9393-e4207045a2c4"
  },
  "performedPeriod" : {
    "start" : "2021-12-28T13:40:00+01:00"
  }
}