{
  "resourceType" : "Procedure",
  "id" : "procedure-PSV-123",
  "meta" : {
    "profile" : ["https://www.medizininformatik-initiative.de/fhir/ext/modul-icu/StructureDefinition/beatmung"]
  },
  "text" : {
    "status" : "generated",
    "div" : "<div xmlns=\"http://www.w3.org/1999/xhtml\"><p class=\"res-header-id\"><b>Generated Narrative: Procedure procedure-PSV-123</b></p><a name=\"procedure-PSV-123\"> </a><a name=\"hcprocedure-PSV-123\"> </a><a name=\"procedure-PSV-123-en-US\"> </a><div style=\"display: inline-block; background-color: #d9e0e7; padding: 6px; margin: 4px; border: 1px solid #8da1b4; border-radius: 5px; line-height: 60%\"><p style=\"margin-bottom: 0px\"/><p style=\"margin-bottom: 0px\">Profile: <a href=\"https://simplifier.net/resolve?scope=de.medizininformatikinitiative.kerndatensatz.icu@2025.0.4&amp;canonical=https://www.medizininformatik-initiative.de/fhir/ext/modul-icu/StructureDefinition/beatmung\">SD MII ICU Beatmung</a></p></div><p><b>status</b>: In Progress</p><p><b>category</b>: <span title=\"Codes:{http://snomed.info/sct 40617009}\">Artificial ventilation (regime/therapy)</span></p><p><b>code</b>: <span title=\"Codes:{http://snomed.info/sct 1259864003}\">Pressure support ventilation (regime/therapy)</span></p><p><b>subject</b>: <a href=\"Patient-patient-98219fce-813a-41f2-94ff-861d59b89715.html\">PatFN-1496 PatLN-1496 (official) (no stated gender), DoB: 1950-02-17 ( Medical record number)</a></p><p><b>performed</b>: 2021-12-28 13:40:00+0100 --&gt; (ongoing)</p></div>"
  },
  "status" : "in-progress",
  "category" : {
    "coding" : [{
      "system" : "http://snomed.info/sct",
      "code" : "40617009",
      "display" : "Artificial ventilation (regime/therapy)"
    }]
  },
  "code" : {
    "coding" : [{
      "system" : "http://snomed.info/sct",
      "code" : "1259864003",
      "display" : "Pressure support ventilation (regime/therapy)"
    }]
  },
  "subject" : {
    "reference" : "Patient/patient-98219fce-813a-41f2-94ff-861d59b89715"
  },
  "performedPeriod" : {
    "start" : "2021-12-28T13:40:00+01:00"
  }
}